시도,시군구,노출도_점수,기후위험도_점수,지자체대응역량_점수,인위적확산_점수,구조적취약성지수,노출도_점수_기여,기후위험도_점수_기여,지자체대응역량_점수_기여,인위적확산_점수_기여,축A_위험요인유형,배분갭,축B_배분적정성,정책처방
강원특별자치도,강릉시,1.4471011494635386,0.5755799520439452,0.580333324732876,-0.6919752507105214,0.4777597938824596,0.36177528736588466,0.1438949880109863,0.145083331183219,-0.17299381267763034,노출도-우세형,-5.289226705177375,부족,예찰·모니터링 인프라 확충
강원특별자치도,고성군,-0.5685085964234213,0.012856696684275784,0.6820382281501977,0.08439663379351832,0.0526957405511426,-0.14212714910585533,0.003214174171068946,0.17050955703754941,0.02109915844837958,인위적확산-우세형,-5.4377595681577695,부족,도로변/원목유통 관리(이동경로 차단)
강원특별자치도,동해시,1.2338011225507166,-0.6899194070338792,0.6820382281501977,0.21099979914977096,0.3592299357042015,0.30845028063767915,-0.1724798517584698,0.17050955703754941,0.05274994978744274,노출도-우세형,-6.06362437693777,부족,예찰·모니터링 인프라 확충
강원특별자치도,삼척시,2.2366935832352652,-1.8964404931299932,0.6820382281501977,0.5739303370967795,0.3990554138380622,0.5591733958088163,-0.4741101232824983,0.17050955703754941,0.14348258427419489,노출도-우세형,-6.144937867083217,부족,예찰·모니터링 인프라 확충
강원특별자치도,속초시,0.5278529305904432,0.012856696684275784,0.6820382281501977,-0.16285649716898865,0.26497283956398204,0.1319632326476108,0.003214174171068946,0.17050955703754941,-0.04071412429224716,노출도-우세형,-5.8711753765171135,부족,예찰·모니터링 인프라 확충
강원특별자치도,양구군,0.035485173756725226,-1.0981730910751804,0.5312542760571307,0.13777689604251644,-0.09841418630470196,0.008871293439181306,-0.2745432727687951,0.13281356901428268,0.03444422401062911,복합형,-3.5917261075768767,적정,-
강원특별자치도,양양군,1.120587302911752,0.012856696684275784,0.32242268491561715,0.9675571072271594,0.6058559479347011,0.280146825727938,0.003214174171068946,0.08060567122890429,0.24188927680678984,복합형,-2.9932481200311867,적정,-
강원특별자치도,영월군,1.0520143251838272,-0.7643895010513247,0.08845274058193864,0.19405848660249783,0.14253401282923475,0.2630035812959568,-0.1910973752628312,0.02211318514548466,0.04851462165062446,노출도-우세형,0.31778326537497126,적정,-
강원특별자치도,원주시,-0.08969998934634234,-0.48542401195032964,0.22086531651464733,-0.941017065692301,-0.32381893761858144,-0.022424997336585584,-0.12135600298758241,0.05521632912866183,-0.23525426642307526,노출도-우세형,-0.045269863130182664,적정,-
강원특별자치도,인제군,0.45835661388873256,-1.0981730910751804,0.2440176882366664,0.4666160906144727,0.01770432541617283,0.11458915347218314,-0.2745432727687951,0.0610044220591666,0.11665402265361817,복합형,-0.9287892179910013,적정,-
강원특별자치도,정선군,0.8418434339230932,-1.0089995911822365,-0.1217860664478899,-0.03989906255801238,-0.08221032156626136,0.2104608584807733,-0.2522498977955591,-0.030446516611972476,-0.009974765639503095,노출도-우세형,2.911058768074197,적정,-
강원특별자치도,철원군,-1.264482290488244,-0.6429190237424559,0.6820382281501977,-0.8133939284452758,-0.5096892536314446,-0.316120572622061,-0.16072975593561398,0.17050955703754941,-0.20334848211131895,복합형,-4.289512545769037,부족,기본 대응체계·인력 확충
강원특별자치도,춘천시,0.25356740923119586,-0.18270581517944232,-0.13107033751084188,-0.7375452892486462,-0.19943850817693362,0.06339185230779897,-0.04567645379486058,-0.03276758437771047,-0.18438632231216154,노출도-우세형,3.2128536420751077,과다,-
강원특별자치도,태백시,0.19948059396200946,-1.8964404931299932,0.6820382281501977,-0.6731254532155141,-0.42201178105832504,0.049870148490502364,-0.4741101232824983,0.17050955703754941,-0.16828136330387852,노출도-우세형,-4.4685276294822565,부족,예찰·모니터링 인프라 확충
강원특별자치도,평창군,0.3033571710647036,-2.33165713599001,0.6820382281501977,-0.36359432521091245,-0.42746401549650526,0.0758392927661759,-0.5829142839975024,0.17050955703754941,-0.09089858130272811,노출도-우세형,-4.457395554437998,부족,예찰·모니터링 인프라 확충
강원특별자치도,홍천군,0.6885292220379285,-0.47278590146105537,0.31610013877666626,-0.5223550359130286,0.0023721058601277392,0.17213230550948214,-0.11819647536526384,0.07902503469416657,-0.13058875897825714,노출도-우세형,-1.6735789987813403,적정,-
강원특별자치도,화천군,-0.7395068207894253,-0.5580430210673776,0.6820382281501977,-0.10687612252466942,-0.1805969340578187,-0.18487670519735633,-0.1395107552668444,0.17050955703754941,-0.026719030631167356,인위적확산-우세형,-4.96143530322215,부족,도로변/원목유통 관리(이동경로 차단)
강원특별자치도,횡성군,0.6761167027388937,-0.48542401195032964,0.5642676995710819,-0.5532333836738806,0.05043175167144137,0.16902917568472342,-0.12135600298758241,0.14106692489277048,-0.13830834591847016,노출도-우세형,-4.256177011708096,부족,예찰·모니터링 인프라 확충
경기도,가평군,0.4125029222756523,-0.18270581517944232,-0.26821382577137665,-0.4549908232458492,-0.12335188548025396,0.10312573056891307,-0.04567645379486058,-0.06705345644284416,-0.1137477058114623,노출도-우세형,4.45430951734054,과다,-
경기도,고양시,-1.2074780821164712,-0.9007785122586224,0.6820382281501977,-1.2910581050241428,-0.6793191178122596,-0.3018695205291178,-0.2251946280646556,0.17050955703754941,-0.3227645262560357,복합형,-3.943171536551802,부족,기본 대응체계·인력 확충
경기도,과천시,-0.702056005039278,0.33683546253702684,0.4919871942485929,-0.9911965123557561,-0.21610746515235357,-0.1755140012598195,0.08420886563425671,0.12299679856214822,-0.24779912808893903,복합형,-3.0220925086142483,적정,-
경기도,광명시,-1.2440233893941766,0.33683546253702684,0.6820382281501977,-1.0809389016767839,-0.32652215009593394,-0.31100584734854414,0.08420886563425671,0.17050955703754941,-0.27023472541919596,복합형,-4.6634931523104965,부족,기본 대응체계·인력 확충
경기도,광주시,-0.9100692032725176,-0.14859888757877826,-0.6370647179860374,-0.9252246229728461,-0.6552393579525447,-0.2275173008181294,-0.037149721894694565,-0.15926617949650934,-0.23130615574321153,복합형,9.247471566203673,과다,-
경기도,구리시,-0.8612161167340484,0.33683546253702684,0.6820382281501977,-0.32807704439221913,-0.04260486760976079,-0.2153040291835121,0.08420886563425671,0.17050955703754941,-0.08201926109805478,인위적확산-우세형,-5.243179981780924,부족,도로변/원목유통 관리(이동경로 차단)
경기도,군포시,-1.2093227967267564,0.14273300453880425,0.6820382281501977,-1.135531748941199,-0.3800208282447383,-0.3023306991816891,0.03568325113470106,0.17050955703754941,-0.2838829372352997,복합형,-4.554262467776702,부족,기본 대응체계·인력 확충
경기도,김포시,-1.3369086496365046,-1.0339570312603585,0.6820382281501977,-2.0879701799727477,-0.9441994081798533,-0.33422716240912614,-0.25848925781508963,0.17050955703754941,-0.5219925449931869,노출도-우세형,-3.402353399776791,적정,-
경기도,남양주시,-0.5834873949189097,0.33683546253702684,-0.5340671179504682,-0.3170503370409535,-0.27444234684332613,-0.14587184872972742,0.08420886563425671,-0.13351677948761706,-0.07926258426023837,복합형,7.43575471556028,과다,-
경기도,동두천시,-0.6921382359914552,-0.30229939359102526,-0.532273797296278,-0.7075924616533994,-0.5585759721330396,-0.1730345589978638,-0.07557484839775631,-0.1330684493240695,-0.17689811541334985,복합형,8.000127945052721,과다,-
경기도,부천시,-1.297521474200816,-0.437640738345558,0.6820382281501977,-0.6638246969114118,-0.42923717032689707,-0.324380368550204,-0.1094101845863895,0.17050955703754941,-0.16595617422785294,인위적확산-우세형,-4.453775223569833,부족,도로변/원목유통 관리(이동경로 차단)
경기도,성남시,-1.2206392084441657,0.24536689418192426,-0.6297660538517404,-0.4172522201996342,-0.505572647078404,-0.30515980211104143,0.061341723545481064,-0.1574415134629351,-0.10431305504990855,인위적확산-우세형,8.865820274756171,과다,-
경기도,수원시,-1.0514240134412478,0.14273300453880425,0.33716057141774103,-0.5552853784974671,-0.2817039539955423,-0.26285600336031195,0.03568325113470106,0.08429014285443526,-0.13882134462436677,복합형,-1.353769896978564,적정,-
경기도,시흥시,-1.2595665570307943,-0.437640738345558,0.6820382281501977,-0.18860430774210377,-0.3009433437420646,-0.3148916392576986,-0.1094101845863895,0.17050955703754941,-0.04715107693552594,인위적확산-우세형,-4.715718564680857,부족,도로변/원목유통 관리(이동경로 차단)
경기도,안산시,-0.8232414852783462,-0.1474538669033769,0.6820382281501977,-0.3321107758221509,-0.1551919749634191,-0.20581037131958654,-0.03686346672584422,0.17050955703754941,-0.08302769395553773,복합형,-5.013305763735507,부족,기본 대응체계·인력 확충
경기도,안성시,-0.9337653045636066,-0.2963220558514048,-0.42763399085921555,-1.1835178660417707,-0.7103098043289995,-0.23344132614090166,-0.0740805139628512,-0.10690849771480389,-0.29587946651044267,복합형,7.262253833272199,과다,-
경기도,양주시,-0.590072634656639,-0.30229939359102526,-0.30886824614743236,-0.23662696961413746,-0.3594668110023085,-0.14751815866415974,-0.07557484839775631,-0.07721706153685809,-0.059156742403534364,복합형,5.348101609604593,과다,-
경기도,양평군,-0.15429607896532158,-0.14859888757877826,-0.3264997342865387,-0.825790763570417,-0.3637963661002639,-0.038574019741330394,-0.037149721894694565,-0.08162493357163468,-0.20644769089260426,노출도-우세형,5.538997783546651,과다,-
경기도,여주시,-1.0120199409944932,-0.2963220558514048,-0.21362482494318943,-0.7227838902473791,-0.5611876780091166,-0.2530049852486233,-0.0740805139628512,-0.05340620623579736,-0.18069597256184478,복합형,4.813353937855675,과다,-
경기도,연천군,-1.2428310750955034,-0.3174256613218991,-0.5265594342300354,-0.7380233605849563,-0.7062098828080985,-0.31070776877387585,-0.07935641533047477,-0.13163985855750884,-0.18450584014623908,인위적확산-우세형,8.168943721300712,과다,-
경기도,오산시,-0.9485482263747951,0.14273300453880425,0.6820382281501977,-0.7907245519422346,-0.22862538640700691,-0.23713705659369877,0.03568325113470106,0.17050955703754941,-0.19768113798555864,복합형,-4.8633734275135865,부족,기본 대응체계·인력 확충
경기도,용인시,-0.949849209371412,-0.21755377745615725,-0.45945666377633415,-0.36329297746388084,-0.4975381570169461,-0.237462302342853,-0.054388444364039314,-0.11486416594408354,-0.09082324436597021,인위적확산-우세형,7.1500076898982705,과다,-
경기도,의왕시,-1.093176295935024,0.14273300453880425,-0.4783001016656967,-0.9042677346355089,-0.5832527819243564,-0.273294073983756,0.03568325113470106,-0.11957502541642417,-0.22606693365887723,복합형,7.504532510116238,과다,-
경기도,의정부시,-1.0034168546515896,-0.30229939359102526,0.6820382281501977,-0.05682355828550508,-0.17012539459448062,-0.2508542136628974,-0.07557484839775631,0.17050955703754941,-0.01420588957137627,인위적확산-우세형,-4.9828155216365495,부족,도로변/원목유통 관리(이동경로 차단)
경기도,이천시,-1.2280199364839088,-0.2963220558514048,-0.4479500588169188,-1.4200977900533374,-0.8480974603013925,-0.3070049841209772,-0.0740805139628512,-0.1119875147042297,-0.35502444751333434,복합형,7.742716487139763,과다,-
경기도,파주시,-1.255570994159733,-0.6297584335029461,-0.5585003054744159,-1.2014030504813928,-0.911308195904622,-0.31389274853993326,-0.15743960837573653,-0.13962507636860397,-0.3003507626203482,복합형,8.890776686662262,과다,-
경기도,평택시,-1.197982760751197,0.14273300453880425,-0.4677448318758892,-1.183639523049736,-0.6766585277845044,-0.29949569018779926,0.03568325113470106,-0.1169362079689723,-0.295909880762434,복합형,7.595951169229645,과다,-
경기도,포천시,-0.286677547340944,-0.30229939359102526,-0.4030920098019625,-0.3828873268988944,-0.34373906940820653,-0.071669386835236,-0.07557484839775631,-0.10077300245049063,-0.0957218317247236,복합형,6.260389304078778,과다,-
경기도,하남시,-1.170075698843463,0.33683546253702684,-0.5727688723593766,-0.5679467624928963,-0.49348896778967727,-0.29251892471086577,0.08420886563425671,-0.14319221808984414,-0.14198669062322408,인위적확산-우세형,8.27110380683162,과다,-
경기도,화성시,-1.1015712119452572,0.14273300453880425,-0.22508121190165623,-0.7913913281552342,-0.4938276868658358,-0.2753928029863143,0.03568325113470106,-0.056270302975414056,-0.19784783203880854,복합형,4.790359505902232,과다,-
경상남도,거제시,1.7110842724650415,1.9467562305591775,-0.340370891307941,0.45215244993061704,0.9424055154117238,0.42777106811626037,0.48668905763979436,-0.08509272282698525,0.11303811248265426,노출도-우세형,3.0104342569226343,적정,-
경상남도,거창군,1.3063396102081992,-0.7969032701063335,-0.08564415758249867,-0.38133113295434234,0.010615262391256208,0.3265849025520498,-0.1992258175265834,-0.021411039395624668,-0.09533278323858559,노출도-우세형,2.356757569255058,적정,-
경상남도,고성군,2.0176524850740356,1.248847632060362,-0.19932325582182853,0.989800550531943,1.014244352961128,0.5044131212685089,0.3122119080150905,-0.04983081395545713,0.24745013763298576,노출도-우세형,1.44897597358759,적정,-
경상남도,김해시,0.33706505306102397,0.7294424267611165,-0.41656169945107363,0.6522019331807097,0.3255369283879441,0.08426626326525599,0.18236060669027912,-0.10414042486276841,0.16305048329517743,복합형,5.032258500728897,과다,-
경상남도,남해군,1.6264794536995721,1.5588395201154028,-0.19819636096556356,0.7247808220982259,0.9279758587369092,0.40661986342489304,0.3897098800288507,-0.04954909024139089,0.18119520552455648,노출도-우세형,1.6113046904998214,적정,-
경상남도,밀양시,1.2128274377843185,0.03749093943758039,-0.45081772488187594,0.8070656952664352,0.40164158690161456,0.3032068594460796,0.009372734859395097,-0.11270443122046898,0.2017664238166088,복합형,5.214414598218768,과다,-
경상남도,사천시,1.6797938283680593,0.1341112349343275,-0.3485190971629857,0.6467124534244885,0.5280246048909724,0.41994845709201484,0.033527808733581875,-0.08712977429074642,0.16167811335612212,노출도-우세형,3.934382920813696,과다,-
경상남도,산청군,1.1990819160072625,0.12758319491033068,-0.13568208857112832,1.2009759169129273,0.5979897348148481,0.29977047900181564,0.03189579872758267,-0.03392052214278208,0.3002439792282318,복합형,1.6626019831870797,적정,-
경상남도,양산시,0.2416374023943412,1.0009784970538071,-0.34300788899076157,0.022758280350331794,0.23059157270192962,0.0604093505985853,0.2502446242634518,-0.08575197224769039,0.005689570087582948,복합형,4.487419712678132,과다,-
경상남도,의령군,2.1170738990445437,0.20570843901193525,-0.27986900972082324,0.6174989863614118,0.665103078674267,0.5292684747611359,0.05142710975298381,-0.06996725243020581,0.15437474659035294,노출도-우세형,2.967485511869503,적정,-
경상남도,진주시,1.6254836330107862,0.1341112349343275,-0.3759350208934735,0.6667321973795716,0.512598011107803,0.40637090825269656,0.033527808733581875,-0.09398375522336838,0.1666830493448929,노출도-우세형,4.242068463023648,과다,-
경상남도,창녕군,1.7194294244787487,0.03749093943758039,-0.5931496288340485,0.593589769392348,0.4393401261186571,0.4298573561196872,0.009372734859395097,-0.14828740720851213,0.148397442348087,노출도-우세형,3.6377528108210795,과다,-
경상남도,창원시,0.881380244218079,0.6425497018476282,-0.6575454448428076,0.5801610284481609,0.3616363824177651,0.22034506105451976,0.16063742546190704,-0.1643863612107019,0.14504025711204022,복합형,4.447246244874406,과다,-
경상남도,통영시,2.407464347962628,1.248847632060362,-0.3447902581141768,0.6180672092353637,0.9823972327860444,0.601866086990657,0.3122119080150905,-0.0861975645285442,0.15451680230884093,노출도-우세형,2.9699458019422966,적정,-
경상남도,하동군,1.009687931382696,0.8586986799776825,-0.5670438104120039,0.8946722939995585,0.5490037737369833,0.252421982845674,0.2146746699944206,-0.14176095260300098,0.22366807349988962,복합형,3.148856309893085,적정,-
경상남도,함안군,0.8991645011565669,0.20570843901193525,-0.3222544079031882,0.23696349053940602,0.25489550570118,0.22479112528914172,0.05142710975298381,-0.08056360197579705,0.059240872634851505,노출도-우세형,4.2271730940247,과다,-
경상남도,함양군,0.7965178455201506,-0.3151095562546935,0.1617673189696259,-0.11710755035901639,0.13151701446901665,0.19912946138003765,-0.07877738906367338,0.040441829742406475,-0.029276887589754098,노출도-우세형,-0.3901125535216545,적정,-
경상남도,합천군,2.082178938481752,0.0095754253101795,-0.37455257477322895,0.8966011686940868,0.6534507394281973,0.520544734620438,0.002393856327544875,-0.09363814369330724,0.2241502921735217,노출도-우세형,1.0095585805225626,적정,-
경상북도,경산시,0.47673654168630225,-0.048885490012786144,0.12418918856074539,-0.1953224938497415,0.08917943659613,0.11918413542157556,-0.012221372503196536,0.031047297140186347,-0.04883062346243538,노출도-우세형,0.13601254812207575,적정,-
경상북도,경주시,0.8943380103326475,-0.3366842925319085,-0.25274237859600224,0.4277679710886206,0.1831698275733393,0.22358450258316187,-0.08417107313297713,-0.06318559464900056,0.10694199277215514,복합형,3.6884758291422743,과다,-
경상북도,고령군,1.527050110601521,0.0095754253101795,0.43144547096731617,0.35419771417331875,0.5805671802630838,0.38176252765038027,0.002393856327544875,0.10786136774182904,0.08854942854332969,노출도-우세형,-3.988886309959947,부족,예찰·모니터링 인프라 확충
경상북도,구미시,0.6030633286800835,-0.12500619197124882,-0.4105207385468626,-0.3427169087280236,-0.06879512764151288,0.15076583217002087,-0.031251547992812205,-0.10263018463671565,-0.0856792271820059,노출도-우세형,5.776693522263844,과다,-
경상북도,김천시,-0.11652923006167881,-0.9582908460724537,0.5463747819198259,-0.5457707754339586,-0.2685540174120663,-0.029132307515419703,-0.23957271151811343,0.13659369547995648,-0.13644269385848964,복합형,-3.426073302863413,적정,-
경상북도,문경시,0.41370687218110774,-0.3621748392474961,0.435158490320164,-0.8106088759505065,-0.08097958817418269,0.10342671804527694,-0.09054370981187403,0.108789622580041,-0.20265221898762661,노출도-우세형,-2.6791918640020698,적정,-
경상북도,봉화군,2.254948290097303,-1.7441438975226875,-1.3326134009942372,0.30000594737268954,-0.13045076526173302,0.5637370725243257,-0.4360359743806719,-0.3331533502485593,0.07500148684317239,노출도-우세형,2.4461385507128472,적정,-
경상북도,상주시,0.1598376388676762,-0.18565226401100512,0.5318522889998331,-0.5068272325205424,-0.00019739216600958334,0.03995940971691905,-0.04641306600275128,0.13296307224995826,-0.1267068081301356,노출도-우세형,-3.828856195684308,적정,-
경상북도,성주군,0.7033511178517845,-0.12500619197124882,-1.0001404732747747,-0.13268634853968722,-0.13862047398348157,0.17583777946294613,-0.031251547992812205,-0.2500351183186937,-0.033171587134921805,노출도-우세형,-4.24491503739062,부족,예찰·모니터링 인프라 확충
경상북도,안동시,2.1454944925564963,-0.8212906166899638,-0.05766437902353494,0.10895683317139733,0.34387408250359863,0.5363736231391241,-0.20532265417249096,-0.014416094755883735,0.027239208292849332,노출도-우세형,1.4318740241432,적정,-
경상북도,영덕군,1.7965092233078455,-0.38181476554267424,-0.015317621879708568,0.5263577188248547,0.4814336386775793,0.44912730582696136,-0.09545369138566856,-0.003829405469927142,0.13158942970621368,노출도-우세형,0.7195417112040943,적정,-
경상북도,영양군,1.9012346109028575,-0.38181476554267424,0.5386194343623313,0.10579294787343556,0.5409580568989875,0.4753086527257144,-0.09545369138566856,0.13465485859058282,0.02644823696835889,노출도-우세형,-5.001386523246061,부족,예찰·모니터링 인프라 확충
경상북도,영주시,0.9541857535803882,-0.7626555572808179,0.5380923396445952,-0.714850839149595,0.003692924198642663,0.23854643839509704,-0.19066388932020448,0.1345230849111488,-0.17871270978739875,노출도-우세형,-3.8991602527365563,부족,예찰·모니터링 인프라 확충
경상북도,영천시,1.196034505994664,-0.6243586569451544,-2.0683477277120623,0.20004121955036536,-0.3241576647780468,0.299008626498666,-0.1560896642362886,-0.5170869319280156,0.05001030488759134,노출도-우세형,3.281855961765408,과다,-
경상북도,예천군,0.4040940343110409,-0.3621748392474961,-1.2510026191203951,-0.7668020418954472,-0.4939713664880743,0.10102350857776023,-0.09054370981187403,-0.3127506547800988,-0.1917005104738618,노출도-우세형,2.334004175367352,적정,-
경상북도,울릉군,-0.4695091460387902,-0.3614441871764266,0.09903187364920903,0.5289186554778029,-0.0507507010220512,-0.11737728650969755,-0.09036104679410666,0.024757968412302257,0.13222966386945073,인위적확산-우세형,-5.524135911119841,부족,도로변/원목유통 관리(이동경로 차단)
경상북도,울진군,2.7710430351681796,-0.6619227243494462,0.24968982287498567,0.7570606585585167,0.7789676980630588,0.6927607587920449,-0.16548068108736155,0.06242245571874642,0.18926516463962917,노출도-우세형,-2.6218239269076014,적정,-
경상북도,의성군,1.7587239172600453,-0.9594748481460021,0.3937473678231819,0.4362291235748111,0.40730639012800895,0.4396809793150113,-0.23986871203650054,0.09843684195579548,0.10905728089370277,노출도-우세형,-3.2533243857635514,적정,-
경상북도,청도군,1.2726965286315155,0.03749093943758039,-2.0877404450847235,0.0755496348131097,-0.17550083555062948,0.3181741321578789,0.009372734859395097,-0.5219351112711809,0.018887408703277424,노출도-우세형,3.1807851868512698,과다,-
경상북도,청송군,1.54776226690403,-1.3626956496321625,0.5429647687288494,0.37714285381680795,0.2762935599543812,0.3869405667260075,-0.3406739124080406,0.13574119218221234,0.09428571345420199,노출도-우세형,-4.504434829343035,부족,예찰·모니터링 인프라 확충
경상북도,칠곡군,0.7778953806465045,-0.12500619197124882,-2.0468313066427233,0.4766932193097018,-0.22931222466444154,0.19447384516162614,-0.031251547992812205,-0.5117078266606808,0.11917330482742546,복합형,2.8670015892050333,적정,-
경상북도,포항시,0.6579960549756415,0.33975815139567295,0.4949636510775625,0.5458502038303474,0.5096420153198061,0.16449901374391038,0.08493953784891824,0.12374091276939063,0.13646255095758686,복합형,-4.501165545295422,부족,기본 대응체계·인력 확충
광주광역시,광산구,-0.19002442835341485,0.6427738718246584,-0.23118938513728696,0.2664310691194743,0.1219977818633577,-0.04750610708835371,0.1606934679561646,-0.05779734628432174,0.06660776727986857,복합형,3.577446622846831,과다,-
광주광역시,남구,-0.62409484333233,0.6427738718246584,0.36862754009042004,0.7068610308498368,0.2735418998581463,-0.1560237108330825,0.1606934679561646,0.09215688502260501,0.1767152577124592,인위적확산-우세형,-2.7970555795445464,적정,-
광주광역시,동구,0.3279583596027445,0.6427738718246584,0.6820382281501977,0.7013327895865782,0.5885258122910447,0.08198958990068612,0.1606934679561646,0.17050955703754941,0.17533319739664455,복합형,-6.531788197559513,부족,기본 대응체계·인력 확충
광주광역시,북구,-0.23938956216174057,0.6427738718246584,0.6820382281501977,0.347194329769648,0.3581542168956909,-0.05984739054043514,0.1606934679561646,0.17050955703754941,0.086798582442412,인위적확산-우세형,-6.061428032917967,부족,도로변/원목유통 관리(이동경로 차단)
광주광역시,서구,-1.0950359956039217,0.6427738718246584,-0.421108819594669,0.49346264945261065,-0.0949770734803304,-0.27375899890098043,0.1606934679561646,-0.10527720489866725,0.12336566236315266,인위적확산-우세형,5.9383981018190255,과다,-
대구광역시,남구,0.36136672404829057,-0.048885490012786144,0.6820382281501977,0.08202519398673642,0.2691361640431096,0.09034168101207264,-0.012221372503196536,0.17050955703754941,0.020506298496684106,복합형,-5.879675825472629,부족,기본 대응체계·인력 확충
대구광역시,달서구,0.006201435709882311,-0.048885490012786144,-0.3844210939231345,0.7195886919612637,0.07312088593380635,0.0015503589274705777,-0.012221372503196536,-0.09610527348078363,0.17989717299031593,인위적확산-우세형,5.227650251957798,과다,-
대구광역시,달성군,1.0158825541633918,-0.048885490012786144,-0.43537309964976306,1.5888841223836916,0.5301270217211335,0.25397063854084795,-0.012221372503196536,-0.10884327491244077,0.3972210305959229,인위적확산-우세형,4.804129643126423,과다,-
대구광역시,동구,1.5451345194453892,-0.048885490012786144,0.6820382281501977,0.3701578232431486,0.6371112702064873,0.3862836298613473,-0.012221372503196536,0.17050955703754941,0.09253945581078715,노출도-우세형,-6.630987336867785,부족,예찰·모니터링 인프라 확충
대구광역시,북구,1.224765597166999,-0.048885490012786144,-0.43041121687604006,0.03346419852151552,0.1947332721999221,0.30619139929174977,-0.012221372503196536,-0.10760280421901001,0.00836604963037888,노출도-우세형,5.445931648057588,과다,-
대구광역시,서구,-1.1791826337006504,-0.048885490012786144,-0.5890129652517991,0.3372249880956464,-0.3699640252173973,-0.2947956584251626,-0.012221372503196536,-0.14725324131294978,0.0843062470239116,인위적확산-우세형,8.181927984191228,과다,-
대구광역시,수성구,0.12544084867823768,-0.048885490012786144,-0.29391911770236956,1.0760136315618822,0.214662468131241,0.03136021216955942,-0.012221372503196536,-0.07347977942559239,0.26900340789047056,인위적확산-우세형,4.03503868909585,과다,-
대전광역시,대덕구,-1.1721911203935702,0.3206501425828862,-0.2595652674428482,-0.03907942657564815,-0.2875464179572951,-0.29304778009839255,0.08016253564572155,-0.06489131686071205,-0.009769856643912037,인위적확산-우세형,4.707068895556708,과다,-
대전광역시,동구,-0.8580448443779177,0.3206501425828862,0.034816992344792984,-0.5109870147223272,-0.25339118104314146,-0.21451121109447943,0.08016253564572155,0.008704248086198246,-0.1277467536805818,복합형,1.7059718696370618,적정,-
대전광역시,서구,-0.8083677735264092,0.3206501425828862,-0.1947142914116209,-0.1132528181054127,-0.19892118511513915,-0.2020919433816023,0.08016253564572155,-0.04867857285290522,-0.028313204526353174,인위적확산-우세형,3.885357841719663,과다,-
대전광역시,유성구,-0.596131507125327,0.3206501425828862,-0.11371601919428347,0.22900132896452863,-0.04004901369304892,-0.14903287678133176,0.08016253564572155,-0.028429004798570866,0.05725033224113216,인위적확산-우세형,2.7413001202648237,적정,-
대전광역시,중구,-0.7418361896252289,0.3206501425828862,0.6820382281501977,-0.6208847627320218,-0.09000814540604174,-0.18545904740630723,0.08016253564572155,0.17050955703754941,-0.15522119068300544,복합형,-5.146394553392745,부족,기본 대응체계·인력 확충
부산광역시,강서구,-0.4292851995140378,0.7294424267611165,-0.2011460782480935,1.327277446119463,0.356572148779612,-0.10732129987850945,0.18236060669027912,-0.050286519562023374,0.33181936152986574,인위적확산-우세형,2.8048806224045153,적정,-
부산광역시,금정구,1.5705173065427322,1.0009784970538071,-0.28940627485175047,1.4562849476046804,0.9345936190873673,0.39262932663568306,0.2502446242634518,-0.07235156871293762,0.3640712369011701,복합형,2.5111396073618675,적정,-
부산광역시,기장군,1.079332105784931,1.0009784970538071,-0.3149008980124223,1.6879061312698969,0.8633289590240532,0.26983302644623275,0.2502446242634518,-0.07872522450310558,0.4219765328174742,인위적확산-우세형,2.9109903497811302,적정,-
부산광역시,남구,0.22667025424297568,1.1924198148432756,-0.34839793397503666,1.8583313952616416,0.7322558825932141,0.05666756356074392,0.2981049537108189,-0.08709948349375916,0.4645828488154104,인위적확산-우세형,3.5133817726778407,과다,-
부산광역시,동구,-0.10251881174270593,1.1924198148432756,-0.19010413206509744,0.48814775444762054,0.3469861563707732,-0.02562970293567648,0.2981049537108189,-0.04752603301627436,0.12203693861190514,인위적확산-우세형,2.716635417192437,적정,-
부산광역시,동래구,0.33956454408665726,1.1924198148432756,-0.1847766932990423,1.005276791022265,0.5881211141632889,0.08489113602166432,0.2981049537108189,-0.04619417332476058,0.25131919775556627,인위적확산-우세형,2.1656686654008235,적정,-
부산광역시,부산진구,0.028676645092218178,1.1924198148432756,-0.25366902802681984,0.7401894027221264,0.4269042086577001,0.0071691612730545445,0.2981049537108189,-0.06341725700670496,0.1850473506805316,인위적확산-우세형,3.191746686840909,과다,-
부산광역시,북구,0.8836303053000387,1.1924198148432756,-0.06829031797028094,0.8176523518070794,0.7063530384950282,0.22090757632500968,0.2981049537108189,-0.017072579492570236,0.20441308795176985,복합형,0.7707706613413068,적정,-
부산광역시,사상구,0.1820008457379373,1.1924198148432756,-0.14359465574096306,0.8056865257906063,0.5091281326577141,0.04550021143448432,0.2981049537108189,-0.035898663935240764,0.20142163144765157,인위적확산-우세형,1.9196543374016182,적정,-
부산광역시,사하구,-0.2506455572598212,1.1924198148432756,-0.2954880579512804,1.321871455455981,0.49203941377203875,-0.0626613893149553,0.2981049537108189,-0.0738720144878201,0.33046786386399524,인위적확산-우세형,3.4765081042468715,과다,-
부산광역시,서구,-0.07540228806901023,1.1924198148432756,-0.25080479134948075,0.4201722529337429,0.3215962470896319,-0.018850572017252556,0.2981049537108189,-0.06270119783737019,0.10504306323343572,복합형,3.3828045501004365,과다,-
부산광역시,수영구,-0.45228358779195815,1.1924198148432756,0.022955430018580913,1.0967155282838534,0.464951796338438,-0.11307089694798954,0.2981049537108189,0.005738857504645228,0.27417888207096336,인위적확산-우세형,0.3436767648647061,적정,-
부산광역시,연제구,-0.590198491164291,1.1924198148432756,0.20799913397592265,1.16105123184971,0.49281792237615435,-0.14754962279107275,0.2981049537108189,0.05199978349398066,0.2902628079624275,인위적확산-우세형,-1.5333505702514119,적정,-
부산광역시,영도구,0.7444662271573778,1.1924198148432756,-0.43595135444837085,0.8306450473838853,0.582894933734042,0.18611655678934444,0.2981049537108189,-0.10898783861209271,0.20766126184597133,복합형,4.692667355230132,과다,-
부산광역시,중구,-1.3008698283414508,1.1924198148432756,0.6820382281501977,-0.5182582301876986,0.013832496116080936,-0.3252174570853627,0.2981049537108189,0.17050955703754941,-0.12956455754692464,인위적확산-우세형,-5.358410714321821,부족,도로변/원목유통 관리(이동경로 차단)
부산광역시,해운대구,2.145518674234347,1.1924198148432756,-0.04170813804551679,1.2467454567041107,1.1357439519340542,0.5363796685585868,0.2981049537108189,-0.010427034511379198,0.3116863641760277,노출도-우세형,-0.3762313502844483,적정,-
서울특별시,강남구,-1.3301815243811088,0.33683546253702684,0.6820382281501977,0.09162144571769215,-0.054921596994048055,-0.3325453810952772,0.08420886563425671,0.17050955703754941,0.022905361429423038,인위적확산-우세형,-5.2180323551774945,부족,도로변/원목유통 관리(이동경로 차단)
서울특별시,강동구,-1.275948433381011,0.33683546253702684,0.47906679234242505,0.5704517577031035,0.02760139480038611,-0.31898710834525273,0.08420886563425671,0.11976669808560626,0.14261293942577588,인위적확산-우세형,-3.3580932884835417,적정,-
서울특별시,강북구,-0.8509000738680607,0.33683546253702684,0.6820382281501977,-0.3758761282162366,-0.051975627849268215,-0.21272501846701516,0.08420886563425671,0.17050955703754941,-0.09396903205405915,복합형,-5.224047274376146,부족,기본 대응체계·인력 확충
서울특별시,강서구,-1.2967017080472367,0.33683546253702684,0.525942112359502,0.25545107620424223,-0.044618264236616384,-0.3241754270118092,0.08420886563425671,0.1314855280898755,0.06386276905106056,인위적확산-우세형,-3.6790957122330328,적정,-
서울특별시,관악구,-0.26782343040228435,0.33683546253702684,0.6820382281501977,0.8902498554828436,0.41032502894194595,-0.06695585760057109,0.08420886563425671,0.17050955703754941,0.2225624638707109,인위적확산-우세형,-6.167947552832941,부족,도로변/원목유통 관리(이동경로 차단)
서울특별시,광진구,-0.638228678436789,0.33683546253702684,0.6820382281501977,0.3026408089478591,0.17082145529957363,-0.15955716960919725,0.08420886563425671,0.17050955703754941,0.07566020223696478,인위적확산-우세형,-5.678942212841546,부족,도로변/원목유통 관리(이동경로 차단)
서울특별시,구로구,-1.2952409730296894,0.33683546253702684,0.6820382281501977,0.2117357218314646,-0.016157890127750086,-0.32381024325742236,0.08420886563425671,0.17050955703754941,0.05293393045786615,인위적확산-우세형,-5.297177978631888,부족,도로변/원목유통 관리(이동경로 차단)
서울특별시,금천구,-1.1678800988797444,0.33683546253702684,0.3478583277829695,0.6404679672656746,0.03932041467648165,-0.2919700247199361,0.08420886563425671,0.08696458194574237,0.16011699181641864,인위적확산-우세형,-2.043343031708569,적정,-
서울특별시,노원구,-0.3652818851847601,0.33683546253702684,0.5231645788873411,0.5854057997237029,0.27003098899082767,-0.09132047129619003,0.08420886563425671,0.13079114472183528,0.14635144993092572,인위적확산-우세형,-4.293771644912703,부족,도로변/원목유통 관리(이동경로 차단)
서울특별시,도봉구,-0.9936858017520883,0.33683546253702684,0.15658658483479024,-1.1078328022499166,-0.4020241391575469,-0.24842145043802208,0.08420886563425671,0.03914664620869756,-0.27695820056247916,복합형,0.7285731171101251,적정,-
서울특별시,동대문구,-1.2954672076118252,0.33683546253702684,0.6820382281501977,0.20761798281652744,-0.017243883527018323,-0.3238668019029563,0.08420886563425671,0.17050955703754941,0.05190449570413186,인위적확산-우세형,-5.294960656512801,부족,도로변/원목유통 관리(이동경로 차단)
서울특별시,동작구,-1.250714190961481,0.33683546253702684,0.6820382281501977,0.47921381818801145,0.06184332947843874,-0.31267854774037024,0.08420886563425671,0.17050955703754941,0.11980345454700286,인위적확산-우세형,-5.456436616543584,부족,도로변/원목유통 관리(이동경로 차단)
서울특별시,마포구,-1.332054646398151,0.33683546253702684,0.2941968158385146,0.13247879641309462,-0.1421358929023788,-0.33301366159953777,0.08420886563425671,0.07354920395962865,0.033119699103273656,인위적확산-우세형,-1.1250000748339257,적정,-
서울특별시,서대문구,-0.7859950275236507,0.33683546253702684,0.3122603621273229,1.2053394918157487,0.26711007223911193,-0.19649875688091267,0.08420886563425671,0.07806509053183072,0.3013348729539372,인위적확산-우세형,-2.1307824544970426,적정,-
서울특별시,서초구,-1.193541384632726,0.33683546253702684,0.6820382281501977,0.5560494395672466,0.09534543640543626,-0.2983853461581815,0.08420886563425671,0.17050955703754941,0.13901235989181165,인위적확산-우세형,-5.524839392080985,부족,도로변/원목유통 관리(이동경로 차단)
서울특별시,성동구,-1.3498756327859665,0.33683546253702684,0.6820382281501977,-0.34306846033714594,-0.16851760060897195,-0.3374689081964916,0.08420886563425671,0.17050955703754941,-0.08576711508428649,인위적확산-우세형,-4.98609822774637,부족,도로변/원목유통 관리(이동경로 차단)
서울특별시,성북구,-0.7443722816991111,0.33683546253702684,0.6820382281501977,0.9291578715372132,0.30091482013133164,-0.18609307042477777,0.08420886563425671,0.17050955703754941,0.2322894678843033,인위적확산-우세형,-5.944559753042306,부족,도로변/원목유통 관리(이동경로 차단)
서울특별시,송파구,-1.3007619782854938,0.33683546253702684,0.23832579640921034,0.11173655706889744,-0.1534660405675898,-0.32519049457137345,0.08420886563425671,0.059581449102302585,0.02793413926722436,인위적확산-우세형,-0.5326805728328177,적정,-
서울특별시,양천구,-1.3087812971003698,0.33683546253702684,0.5180728189976115,0.17786539736956022,-0.06900190454904283,-0.32719532427509246,0.08420886563425671,0.12951820474940287,0.044466349342390056,인위적확산-우세형,-3.5173705499032852,적정,-
서울특별시,용산구,-0.8978885170825933,0.33683546253702684,0.6820382281501977,1.059904879895803,0.2952225133751086,-0.22447212927064833,0.08420886563425671,0.17050955703754941,0.26497621997395077,인위적확산-우세형,-5.9329375114267435,부족,도로변/원목유통 관리(이동경로 차단)
서울특별시,은평구,-0.5279284665341292,0.33683546253702684,0.6820382281501977,0.6529083287528906,0.2859633882264965,-0.1319821166335323,0.08420886563425671,0.17050955703754941,0.16322708218822266,인위적확산-우세형,-5.914032734464707,부족,도로변/원목유통 관리(이동경로 차단)
서울특별시,종로구,-0.34274693073680074,0.33683546253702684,0.6820382281501977,1.2026575931351682,0.469696088271398,-0.08568673268420018,0.08420886563425671,0.17050955703754941,0.30066439828379204,인위적확산-우세형,-6.289168145125229,부족,도로변/원목유통 관리(이동경로 차단)
서울특별시,중구,-1.3065759831792134,0.33683546253702684,0.6820382281501977,-0.017182672583396844,-0.07622124126884645,-0.32664399579480335,0.08420886563425671,0.17050955703754941,-0.004295668145849211,인위적확산-우세형,-5.174543902659261,부족,도로변/원목유통 관리(이동경로 차단)
서울특별시,중랑구,-0.9290647871010647,0.33683546253702684,0.6820382281501977,0.7387894732731087,0.20714959421481713,-0.23226619677526616,0.08420886563425671,0.17050955703754941,0.18469736831827718,인위적확산-우세형,-5.753115026429829,부족,도로변/원목유통 관리(이동경로 차단)
울산광역시,남구,-0.7522564974231288,0.11161766619080475,-0.42177078898365017,1.3814963348392775,0.07977167865582581,-0.1880641243557822,0.027904416547701188,-0.10544269724591254,0.34537408370981937,인위적확산-우세형,5.595332069835092,과다,-
울산광역시,동구,1.1590609149644233,0.11161766619080475,-0.5138751269727829,1.2872265051201506,0.511007489825649,0.28976522874110583,0.027904416547701188,-0.12846878174319573,0.32180662628003764,복합형,5.637546830870765,과다,-
울산광역시,북구,0.7784628392676546,0.11161766619080475,-0.5640555598269638,1.2869118159821946,0.4032341904034225,0.19461570981691365,0.027904416547701188,-0.14101388995674094,0.32172795399554865,인위적확산-우세형,6.359885611358912,과다,-
울산광역시,울주군,0.7925685905555956,0.11161766619080475,-0.4860526060956461,1.1755331834808447,0.39841670853289973,0.1981421476388989,0.027904416547701188,-0.12151315152391153,0.29388329587021117,복합형,5.5828993382285494,과다,-
울산광역시,중구,0.8461859330645517,0.11161766619080475,-0.5720055172261553,1.7891936748350954,0.5437479392160741,0.21154648326613792,0.027904416547701188,-0.14300137930653883,0.44729841870877385,인위적확산-우세형,6.142936208961386,과다,-
인천광역시,강화군,-1.3091757213008763,-1.0339570312603585,-0.2825440480571406,-1.178271126166458,-0.9509869816962083,-0.3272939303252191,-0.25848925781508963,-0.07063601201428515,-0.2945677815416145,복합형,6.284984321489059,과다,-
인천광역시,계양구,-1.280478397240741,-0.437640738345558,-0.39168217902892116,-0.4189952465420448,-0.6321991402893162,-0.32011959931018524,-0.1094101845863895,-0.09792054475723029,-0.1047488116355112,인위적확산-우세형,6.730710606225098,과다,-
인천광역시,남동구,-1.2600474464276965,-0.437640738345558,-0.3111483121022636,0.6939174928267676,-0.3287297510121876,-0.3150118616069241,-0.1094101845863895,-0.0777870780255659,0.1734793732066919,인위적확산-우세형,5.303882077231947,과다,-
인천광역시,미추홀구,-1.2877441490020622,-0.49679884273439007,0.6761761626966518,0.1076164631049538,-0.2501875914837116,-0.32193603725051556,-0.12419971068359752,0.16904404067416295,0.02690411577623845,인위적확산-우세형,-4.822341104080986,부족,도로변/원목유통 관리(이동경로 차단)
인천광역시,부평구,-1.2541563243509286,-0.437640738345558,0.34872546214643635,0.5023075374460859,-0.2101910157759911,-0.31353908108773215,-0.1094101845863895,0.08718136553660909,0.12557688436152148,인위적확산-우세형,-1.5161098965656503,적정,-
인천광역시,서구,-1.305909912095,-0.437640738345558,-0.0048051284685170685,-0.6760260894410851,-0.60609546708754,-0.32647747802375,-0.1094101845863895,-0.0012012821171292671,-0.16900652236027128,인위적확산-우세형,2.7960419552981532,적정,-
인천광역시,연수구,-1.2961146340338419,-0.437640738345558,-0.4038426843629028,0.511657834757039,-0.4064850554963159,-0.32402865850846047,-0.1094101845863895,-0.1009606710907257,0.12791445868925974,인위적확산-우세형,6.394791215757596,과다,-
인천광역시,옹진군,1.7131151335677555,-0.8525247404640351,0.6857265024562046,0.4971108543492531,0.5108569374772944,0.42827878339193887,-0.2131311851160088,0.17143162561405115,0.12427771358731328,노출도-우세형,-6.37132549377464,부족,예찰·모니터링 인프라 확충
인천광역시,중구,-0.6924307656370923,-0.437640738345558,0.1626640760464523,0.9588711387710572,-0.0021340722912851864,-0.17310769140927307,-0.1094101845863895,0.040666019011613076,0.2397177846927643,인위적확산-우세형,-0.15720854011717122,적정,-
전라남도,강진군,-0.3103053516722844,0.35002646370593943,0.6820382281501977,-0.5672567098354292,0.03862565758710583,-0.0775763379180711,0.08750661592648486,0.17050955703754941,-0.1418141774588573,복합형,-5.409032039800261,부족,기본 대응체계·인력 확충
전라남도,고흥군,0.4998016063750632,-0.02377139688645587,0.11342225832432996,0.6525705693219043,0.3105057592837104,0.1249504015937658,-0.005942849221613968,0.02835556458108249,0.16314264233047607,복합형,-0.2469042128557204,적정,-
전라남도,곡성군,1.2849005000861016,0.0670273015457405,0.47014467373941343,-0.29552825533124855,0.38163605501000175,0.3212251250215254,0.016756825386435126,0.11753616843485336,-0.07388206383281214,노출도-우세형,-4.019033091377867,부족,예찰·모니터링 인프라 확충
전라남도,광양시,-0.004411844212625177,0.8586986799776825,-0.3703297585242134,0.4797052637816584,0.2409155852556256,-0.0011029610531562942,0.2146746699944206,-0.09258243963105335,0.1199263159454146,복합형,4.737142085105905,과다,-
전라남도,구례군,0.703621665563695,-0.0835356974363498,0.6820382281501977,-0.16159918216982191,0.28513125352693025,0.17590541639092375,-0.02088392435908745,0.17050955703754941,-0.04039979554245548,노출도-우세형,-5.912333727199422,부족,예찰·모니터링 인프라 확충
전라남도,나주시,-0.38210034934945725,0.6427738718246584,0.6820382281501977,-0.733335535695697,0.052344053732425434,-0.09552508733736431,0.1606934679561646,0.17050955703754941,-0.18333388392392425,복합형,-5.4370415131837175,부족,기본 대응체계·인력 확충
전라남도,담양군,0.22409837136479596,0.0670273015457405,0.6820382281501977,0.10161303994581274,0.26869423525163666,0.05602459284119899,0.016756825386435126,0.17050955703754941,0.025403259986453184,복합형,-5.8787735193581945,부족,기본 대응체계·인력 확충
전라남도,목포시,-0.4215691593243321,-0.0328839930507678,0.6820382281501977,-0.49958131251217086,-0.06799905918426831,-0.10539228983108302,-0.00822099826269195,0.17050955703754941,-0.12489532812804272,복합형,-5.191331505802686,부족,기본 대응체계·인력 확충
전라남도,무안군,-0.30939896109439763,-0.0328839930507678,-0.08411216686509826,0.5706236550023079,0.03605713349801106,-0.07734974027359941,-0.00822099826269195,-0.021028041716274565,0.14265591375057698,인위적확산-우세형,2.297379749861852,적정,-
전라남도,보성군,0.05190500197439272,0.40906493854409004,-0.27990845289836114,-0.5391951125612818,-0.08953340623529005,0.01297625049359818,0.10226623463602251,-0.06997711322459028,-0.13479877814032046,노출도-우세형,4.500450820580348,과다,-
전라남도,순천시,0.4962911940268266,-0.21516028037428292,0.23630806442092203,-0.1997174388555721,0.0794303848044734,0.12407279850670665,-0.05379007009357073,0.05907701610523051,-0.04992935971389303,노출도-우세형,-1.0204230089342614,적정,-
전라남도,신안군,0.7306816517840334,-0.0328839930507678,0.5861775406035199,0.8812155365449036,0.5412976839704223,0.18267041294600836,-0.00822099826269195,0.14654438515087997,0.2203038841362259,복합형,-5.457893431412281,부족,기본 대응체계·인력 확충
전라남도,여수시,0.8339779347431006,0.7665874455019503,0.35507553696216143,1.005793383030424,0.740358575059409,0.20849448368577514,0.1916468613754876,0.08876888424054036,0.251448345757606,복합형,-3.6060580778462605,적정,-
전라남도,영광군,0.29610444135695607,-0.15855573371535508,0.6820382281501977,0.6265255904621659,0.3615281315634911,0.07402611033923902,-0.03963893342883877,0.17050955703754941,0.15663139761554148,복합형,-6.068316707955832,부족,기본 대응체계·인력 확충
전라남도,영암군,-0.6694194519945772,0.35002646370593943,0.6820382281501977,-0.41544447168502385,-0.01319980795586599,-0.1673548629986443,0.08750661592648486,0.17050955703754941,-0.10386111792125596,복합형,-5.303217629548932,부족,기본 대응체계·인력 확충
전라남도,완도군,1.6883700674372972,0.5500122273917194,0.6820382281501977,0.7565529202457296,0.9192433608062359,0.4220925168593243,0.13750305684792985,0.17050955703754941,0.1891382300614324,노출도-우세형,-7.207029258865249,부족,예찰·모니터링 인프라 확충
전라남도,장성군,0.303817605277097,-0.18525757517151853,-0.1722354400652215,-0.425751511882281,-0.11985673046048101,0.07595440131927425,-0.04631439379287963,-0.04305886001630538,-0.10643787797057025,노출도-우세형,3.479899469431164,과다,-
전라남도,장흥군,-0.046801213806687385,0.070580790027657,0.6820382281501977,-1.1526628064932776,-0.11171125053052762,-0.011700303451671846,0.01764519750691425,0.17050955703754941,-0.2881657016233194,노출도-우세형,-5.1020823365065135,부족,예찰·모니터링 인프라 확충
전라남도,진도군,0.687720511691012,-0.09077733753008162,0.6820382281501977,0.5331328664893114,0.4530285672001098,0.171930127922753,-0.022694334382520404,0.17050955703754941,0.13328321662232784,복합형,-6.255137309241129,부족,기본 대응체계·인력 확충
전라남도,함평군,-0.06306522053389445,-0.15855573371535508,0.6820382281501977,0.060804830868627396,0.13030552619239386,-0.015766305133473612,-0.03963893342883877,0.17050955703754941,0.015201207717156849,복합형,-5.596218997539099,부족,기본 대응체계·인력 확충
전라남도,해남군,-0.02752794670086932,-0.40313938405095323,0.6820382281501977,0.21988912230959157,0.11781500492699165,-0.00688198667521733,-0.10078484601273831,0.17050955703754941,0.05497228057739789,복합형,-5.57071653214717,부족,기본 대응체계·인력 확충
전라남도,화순군,0.5560746697387247,0.6427738718246584,0.5750166074881377,-0.14463397456459468,0.4073077936217315,0.13901866743468116,0.1606934679561646,0.1437541518720344,-0.03615849364114867,노출도-우세형,-5.070514993320271,부족,예찰·모니터링 인프라 확충
전북특별자치도,고창군,0.3525608373673268,-0.18525757517151853,0.6820382281501977,-0.003310749292794087,0.21150768526330296,0.0881402093418317,-0.04631439379287963,0.17050955703754941,-0.0008276873231985218,복합형,-5.76201313914885,부족,기본 대응체계·인력 확충
전북특별자치도,군산시,-0.7955290185604982,-0.15946624861435577,-0.46308469907634303,-0.8258834654845897,-0.5609908579339465,-0.19888225464012455,-0.03986656215358894,-0.11577117476908576,-0.20647086637114742,복합형,7.31117887309524,과다,-
전북특별자치도,김제시,-0.9286368949850367,-0.010138566898566867,-0.27419316376165076,-0.7127865041020668,-0.48143878243683025,-0.23215922374625916,-0.0025346417246417167,-0.06854829094041269,-0.1781966260255167,복합형,5.252358985222956,과다,-
전북특별자치도,남원시,1.4248304752241856,-0.0835356974363498,0.4360080818769276,-0.3928652563176329,0.3461094008367826,0.3562076188060464,-0.02088392435908745,0.1090020204692319,-0.09821631407940823,노출도-우세형,-3.610456084549304,적정,-
전북특별자치도,무주군,-0.26203185817542435,-0.4607784356658586,0.6820382281501977,-0.3277607669031194,-0.0921332081485512,-0.06550796454385609,-0.11519460891646464,0.17050955703754941,-0.08194019172577985,복합형,-5.142055716134076,부족,기본 대응체계·인력 확충
전북특별자치도,부안군,0.016052250946036874,-0.010138566898566867,0.42363197918772544,0.43016392938413445,0.2149273981548325,0.004013062736509219,-0.0025346417246417167,0.10590799479693136,0.10754098234603361,복합형,-3.220000512203384,적정,-
전북특별자치도,순창군,0.5472106495100625,0.0670273015457405,-0.2601078926378327,0.21454082173867742,0.14216772003916192,0.13680266237751562,0.016756825386435126,-0.06502697315945817,0.053635205434669354,복합형,0.4661170481986394,적정,-
전북특별자치도,완주군,-0.7199125395336274,0.383590519619378,0.5510237799807104,-0.7210167813573966,-0.12657875532273388,-0.17997813488340686,0.0958976299048445,0.1377559449951776,-0.18025419533934914,복합형,-3.7847937958080697,적정,-
전북특별자치도,익산시,-0.9091613154733905,-0.15946624861435577,-0.27243265840464387,-1.0196644892671844,-0.5901811779398937,-0.22729032886834763,-0.03986656215358894,-0.06810816460116097,-0.2549161223167961,복합형,5.4570278024112016,과다,-
전북특별자치도,임실군,0.3053378953055233,-0.5699506122015179,-0.23925337855797627,-0.6168466404971643,-0.28017818398778377,0.07633447382638082,-0.14248765305037947,-0.059813344639494066,-0.15421166012429108,노출도-우세형,4.489942651147947,과다,-
전북특별자치도,장수군,-0.12226953080193981,-0.7081782097964838,0.6820382281501977,-0.7192292428363913,-0.21690968882115433,-0.030567382700484952,-0.17704455244912096,0.17050955703754941,-0.17980731070909783,노출도-우세형,-4.887293900156558,부족,예찰·모니터링 인프라 확충
전북특별자치도,전주시,-1.110577450292473,0.38359051961937785,-0.44970983282066596,-2.3417081566934645,-0.8796012300468065,-0.27764436257311825,0.09589762990484446,-0.11242745820516649,-0.5854270391733661,노출도-우세형,7.821230078666331,과다,-
전북특별자치도,정읍시,0.1173351738292344,-0.07466669528527238,-0.16888847154640382,0.11308028197236358,-0.0032849277575195553,0.0293337934573086,-0.018666673821318095,-0.042222117886600956,0.028270070493090896,복합형,3.2213501569174063,과다,-
전북특별자치도,진안군,-0.6172904994434094,-0.7081782097964838,0.6820382281501977,-1.01331743594726,-0.4141869792592389,-0.15432262486085235,-0.17704455244912096,0.17050955703754941,-0.253329358986815,복합형,-4.484503883222174,부족,기본 대응체계·인력 확충
충청남도,계룡시,-0.1363511339179141,0.3206501425828862,-0.27026253723155036,-1.0539939413652324,-0.28498936748295267,-0.03408778347947852,0.08016253564572155,-0.06756563430788759,-0.2634984853413081,노출도-우세형,4.807968645707009,과다,-
충청남도,공주시,-0.4093427164990231,-0.06891577646498642,-0.17784788081376512,-1.034311045962578,-0.4226043549350882,-0.10233567912475577,-0.017228944116246606,-0.04446197020344128,-0.2585777614906445,노출도-우세형,4.1225037536661695,과다,-
충청남도,금산군,-0.3914526102875436,-0.4607784356658586,-0.27032981267691897,-0.6321911964579768,-0.43868801377207456,-0.0978631525718859,-0.11519460891646464,-0.06758245316922974,-0.1580477991144942,복합형,5.1215243667517285,과다,-
충청남도,논산시,-0.7787789669104197,-0.11057675039428883,-0.3656148627494675,-1.0985137873710824,-0.5883710918563145,-0.19469474172760493,-0.027644187598572206,-0.09140371568736687,-0.2746284468427706,복합형,6.38753897987482,과다,-
충청남도,당진시,-0.49994713933968565,-0.5632324632246773,0.4027721390525037,-0.5550002494999936,-0.3038519282529632,-0.12498678483492141,-0.14080811580616934,0.10069303476312592,-0.1387500623749984,복합형,-1.9581905606315142,적정,-
충청남도,보령시,0.609050020010646,-0.565155688042139,-0.16279296457111292,-0.20653007537556164,-0.08135717699454188,0.1522625050026615,-0.14128892201053475,-0.04069824114277823,-0.05163251884389041,노출도-우세형,3.316256416079659,과다,-
충청남도,부여군,-0.4480362739592441,-0.11057675039428883,-0.3957691678651476,-0.9467716797339857,-0.47528846798816654,-0.11200906848981103,-0.027644187598572206,-0.0989422919662869,-0.23669291993349642,복합형,6.456131957371393,과다,-
충청남도,서산시,0.1909408391076298,-0.5632324632246773,-0.08627998390925605,0.40298221759316605,-0.013897347608284366,0.04773520977690745,-0.14080811580616934,-0.021569995977314012,0.10074555439829151,복합형,2.410157129339222,적정,-
충청남도,서천군,0.15031635882845829,-0.15946624861435577,-0.27324333218031716,-0.29636165762014977,-0.1446887198965911,0.03757908970711457,-0.03986656215358894,-0.06831083304507929,-0.07409041440503744,복합형,4.535788866003971,과다,-
충청남도,아산시,-0.7735695956452239,-0.7747012358629445,0.5629527326651078,-1.0287916967679445,-0.5035274489027511,-0.19339239891130597,-0.19367530896573612,0.14073818316627695,-0.2571979241919861,복합형,-3.132336597883236,적정,-
충청남도,예산군,-0.2882150618062364,-0.38129992729488965,-0.35223120640372224,-0.5898568286487063,-0.40290075603838865,-0.0720537654515591,-0.09532498182372241,-0.08805780160093056,-0.14746420716217656,복합형,5.868486759482928,과다,-
충청남도,천안시,-0.9272344707440591,-0.7747012358629441,-0.15245020473679727,-1.5837666495106042,-0.8595381402136012,-0.23180861768601477,-0.19367530896573604,-0.03811255118419932,-0.39594166237765105,노출도-우세형,4.805428329255573,과다,-
충청남도,청양군,0.37017454841479464,-0.11057675039428883,-0.38492361195097136,-0.7650921406277235,-0.22260448863954727,0.09254363710369866,-0.027644187598572206,-0.09623090298774284,-0.19127303515693087,노출도-우세형,5.830522573822022,과다,-
충청남도,태안군,1.2670789333262256,-0.5632324632246773,-0.0015729166360988016,0.02474839129275047,0.18175548618954995,0.3167697333315564,-0.14080811580616934,-0.0003932291590247004,0.006187097823187618,노출도-우세형,1.13756303923667,적정,-
충청남도,홍성군,0.029699138443844045,-0.38129992729488965,0.27605666840014725,0.1441990284339894,0.01716372699577275,0.007424784610961011,-0.09532498182372241,0.06901416710003681,0.03604975710849735,복합형,-1.2522045394368808,적정,-
충청북도,괴산군,0.45311302356068933,-0.3769252711088005,-1.1812324667161045,-0.5582727841111419,-0.41582937459383934,0.11327825589017233,-0.09423131777720012,-0.2953081166790261,-0.13956819602778547,노출도-우세형,-5.432231661846937,부족,예찰·모니터링 인프라 확충
충청북도,단양군,0.7585035402586184,-0.7626555572808179,-1.9387483207741587,0.3976432101972631,-0.3863142818997738,0.1896258850646546,-0.19066388932020448,-0.4846870801935397,0.09941080254931578,복합형,2.1129933100527554,적정,-
충청북도,보은군,0.05661969810749192,-0.5343127980115224,-1.1812324667161045,-0.6486654636587397,-0.5768977575697186,0.01415492452687298,-0.1335781995028806,-0.2953081166790261,-0.16216636591468492,노출도-우세형,-5.103371018219992,부족,예찰·모니터링 인프라 확충
충청북도,영동군,-0.14353802824493503,-0.9582908460724537,-1.8925680263545341,-1.0663055263154533,-1.015175606746844,-0.03588450706123376,-0.23957271151811343,-0.47314200658863353,-0.2665763815788633,노출도-우세형,2.9301812770391287,적정,-
충청북도,옥천군,-0.7015033555670592,-0.5343127980115224,-1.3158124234638982,-1.4782660711432536,-1.0074736620464335,-0.1753758388917648,-0.1335781995028806,-0.32895310586597454,-0.3695665177858134,노출도-우세형,-2.8654371173137436,적정,-
충청북도,음성군,-0.8026973144554045,-0.3769252711088005,-1.1812324667161045,-0.7193034185060152,-0.7700396176965811,-0.20067432861385112,-0.09423131777720012,-0.2953081166790261,-0.1798258546265038,복합형,-4.709024497449759,부족,기본 대응체계·인력 확충
충청북도,제천시,0.36833936541899476,-0.9554773178828452,-1.1812324667161045,-0.4742804020018796,-0.5606627052954586,0.09208484135474869,-0.2388693294707113,-0.2953081166790261,-0.1185701005004699,노출도-우세형,-5.136518862890599,부족,예찰·모니터링 인프라 확충
충청북도,증평군,-0.8229522633762615,0.3493465174492607,-1.1812324667161045,-0.8974728863865317,-0.6380777747574092,-0.20573806584406537,0.08733662936231518,-0.2953081166790261,-0.22436822159663292,복합형,-4.978456994389105,부족,기본 대응체계·인력 확충
충청북도,진천군,-0.6996941479676426,-0.7747012358629445,-1.8473091537381936,-1.1275819886987688,-1.1123216315668873,-0.17492353699191066,-0.19367530896573612,-0.4618272884345484,-0.2818954971746922,복합형,2.6907677715108234,적정,-
충청북도,청주시,-0.8424969834754811,0.3493465174492607,-2.0678082318037836,-0.9949261665496625,-0.8889712160949167,-0.21062424586887027,0.08733662936231518,-0.5169520579509459,-0.24873154163741562,복합형,4.438373110694584,과다,-
충청북도,충주시,-0.48484220184197135,-0.3769252711088005,-1.3185699832344315,-1.2310912266879395,-0.8528571707182858,-0.12121055046049284,-0.09423131777720012,-0.3296424958086079,-0.30777280667198487,노출도-우세형,-3.190888816137897,적정,-
