시도,시군구,노출도_점수,기후위험도_점수,지자체대응역량_점수,인위적확산_점수,구조적취약성지수,노출도_점수_기여,기후위험도_점수_기여,지자체대응역량_점수_기여,인위적확산_점수_기여,배분갭,축A_위험요인유형,축B_배분적정성
강원특별자치도,강릉시,1.4452776720538234,0.15399974771847344,0.5794323837255361,-0.794979995255296,0.3459324520606342,0.36131941801345585,0.03849993692961836,0.14485809593138402,-0.198744998813824,-5.107408958310305,노출도-우세형,부족
강원특별자치도,고성군,-0.572076171306026,0.025225626426615137,0.6810846637574529,0.21779020393967263,0.08800608070442871,-0.1430190428265065,0.006306406606653784,0.17027116593936323,0.05444755098491816,-5.4800775539299815,인위적확산-우세형,부족
강원특별자치도,동해시,1.2319084206112072,-0.516054507290005,0.6810846637574529,0.4741787981662806,0.4677793438112339,0.3079771051528018,-0.12901362682250125,0.17027116593936323,0.11854469954157015,-6.41249119211281,노출도-우세형,부족
강원특별자치도,삼척시,2.2355970640852725,-1.0163046919899514,0.6810846637574529,0.2588748503150921,0.5398129715419665,0.5588992660213181,-0.25407617299748786,0.17027116593936323,0.06471871257877303,-6.589347078055025,노출도-우세형,부족
강원특별자치도,속초시,0.5252121515086096,0.025225626426615137,0.6810846637574529,0.3206380955804992,0.3880401343182942,0.1313030378771524,0.006306406606653784,0.17027116593936323,0.0801595238951248,-6.216716677022144,복합형,부족
강원특별자치도,양구군,0.032442138090890055,-0.5627731962970303,0.5304392636749645,0.2285136802586892,0.0571554714318784,0.008110534522722514,-0.14069329907425757,0.13260981591874113,0.0571284200646723,-3.8823281197008983,복합형,적정
강원특별자치도,양양군,1.1184931797438553,0.025225626426615137,0.3214691205228722,1.118403387572167,0.6458978285663775,0.27962329493596383,0.006306406606653784,0.08036728013071805,0.27960084689304177,-3.3130510529302746,복합형,적정
강원특별자치도,영월군,1.0498498240491152,-0.056930328908071294,0.08770840003360032,0.10628530434338822,0.29672829987950816,0.2624624560122788,-0.014232582227017824,0.02192710000840008,0.026571326085847054,-0.11478401667773941,노출도-우세형,적정
강원특별자치도,원주시,-0.09285425845062367,0.15062206911882423,0.22014361901521928,-0.8313481103961752,-0.13835917017818883,-0.023213564612655918,0.037655517279706056,0.05503590475380482,-0.2078370275990438,-0.3480908760378627,노출도-우세형,적정
강원특별자치도,인제군,0.4556453103718902,-0.5627731962970303,0.24347912283925222,0.34411150627525405,0.12011568579734157,0.11391132759297255,-0.14069329907425757,0.060869780709813054,0.08602787656881351,-1.1664048206740274,복합형,적정
강원특별자치도,정선군,0.8395107964568909,-0.5315915996679259,-0.12231897135233477,-0.16856743603190952,0.004258197351180162,0.20987769911422272,-0.13289789991698148,-0.030579742838083693,-0.04214185900797738,2.7160884976978243,노출도-우세형,적정
강원특별자치도,철원군,-1.2686542846784652,-0.1376368924382057,0.6810846637574529,-0.21042216631629015,-0.23390716991887697,-0.3171635711696163,-0.034409223109551426,0.17027116593936323,-0.05260554157907254,-4.689720953421949,인위적확산-우세형,부족
강원특별자치도,춘천시,0.25071280489586645,0.16970942756497923,-0.13169689636022638,-0.72486164951053,-0.10903407835247769,0.06267820122396661,0.042427356891244807,-0.032924224090056596,-0.1812154123776325,3.0556696469977176,노출도-우세형,적정
강원특별자치도,태백시,0.19656969091493257,-1.0163046919899514,0.6810846637574529,-0.35526953796821936,-0.1234799688214463,0.04914242272873314,-0.25407617299748786,0.17027116593936323,-0.08881738449205484,-4.960840166731721,노출도-우세형,부족
강원특별자치도,평창군,0.30054935416282813,-2.2003359133910183,0.6810846637574529,-0.4432583006952888,-0.4154900490415065,0.07513733854070703,-0.5500839783477546,0.17027116593936323,-0.1108145751738222,-4.243901383162132,노출도-우세형,부족
강원특별자치도,홍천군,0.6860647631978783,0.10724328037149337,0.3153235119474848,-0.6954622312369271,0.10329233106998237,0.1715161907994696,0.026810820092873344,0.0788308779868712,-0.17386555780923177,-1.8938903294304712,노출도-우세형,적정
강원특별자치도,화천군,-0.743323116972547,-0.005053267360323179,0.6810846637574529,0.1483241892241752,0.020258117162189497,-0.18583077924313676,-0.0012633168400807946,0.17027116593936323,0.0370810473060438,-5.313743766635083,인위적확산-우세형,부족
강원특별자치도,횡성군,0.6736452775054061,0.15062206911882423,0.5633750711185576,-0.5812257019212002,0.20160417895539695,0.16841131937635154,0.037655517279706056,0.1408437677796394,-0.14530642548030004,-4.594157185957332,노출도-우세형,부족
경기도,가평군,0.4098172781553999,0.16970942756497923,-0.26872830067438314,-0.4452965167039844,-0.033624527914497084,0.10245431953884998,0.042427356891244807,-0.06718207516859578,-0.1113241291759961,4.253224300312087,노출도-우세형,과다
경기도,고양시,-1.2116033437988107,-0.3078879269310119,0.6810846637574529,-0.7360292816258279,-0.3936089721495493,-0.3029008359497027,-0.07697198173275298,0.17027116593936323,-0.18400732040645698,-4.2976234760374545,복합형,부족
경기도,과천시,-0.7057467688265958,0.11639360721129988,0.4910336298558482,-0.4051677973307148,-0.12587183227254065,-0.17643669220664895,0.02909840180282497,0.12275840746396205,-0.1012919493326787,-3.1077720254973586,복합형,적정
경기도,광명시,-1.2481838125971374,0.11639360721129988,0.6810846637574529,0.24346016755727762,-0.05181134351777672,-0.31204595314928435,0.02909840180282497,0.17027116593936323,0.060865041889319405,-5.136799904171592,인위적확산-우세형,부족
경기도,광주시,-0.9139241579043725,0.18473543263641332,-0.6373806266980279,-0.39304142567782935,-0.4399026944109541,-0.22848103947609313,0.04618385815910333,-0.15934515667450697,-0.09826035641945734,8.919893075752428,인위적확산-우세형,과다
경기도,구리시,-0.8650328889387978,0.11639360721129988,0.6810846637574529,0.6215104112093637,0.1384889483098297,-0.21625822223469945,0.02909840180282497,0.17027116593936323,0.15537760280234092,-5.604022335784243,인위적확산-우세형,부족
경기도,군포시,-1.2134496237879102,0.13545335894361152,0.6810846637574529,0.357006545538582,-0.00997626388706594,-0.30336240594697755,0.03386333973590288,0.17027116593936323,0.0892516363846455,-5.239512766269968,인위적확산-우세형,부족
경기도,김포시,-1.3411470854608496,-0.6989366404523403,0.6810846637574529,-0.893189063131151,-0.5630470313217221,-0.3352867713652124,-0.17473416011308507,0.17027116593936323,-0.22329726578278775,-3.8816216861617634,복합형,적정
경기도,남양주시,-0.5870644444627596,0.11639360721129988,-0.534433756091025,-0.11358645900399593,-0.2796727630866201,-0.1467661111156899,0.02909840180282497,-0.13360843902275624,-0.028396614750998982,7.502887354223181,복합형,과다
경기도,동두천시,-0.6958059127298255,0.06584795851115807,-0.5326334568441621,-0.24064629286668038,-0.35080942598237747,-0.17395147818245638,0.016461989627789518,-0.13315836421104052,-0.060161573216670094,7.661975349453877,복합형,과다
경기도,부천시,-1.3017229908862216,-0.8427603395935579,0.6810846637574529,0.65753784151843,-0.2014652063009741,-0.3254307477215554,-0.21069008489838947,0.17027116593936323,0.1643844603796075,-4.769371977507487,인위적확산-우세형,부족
경기도,성남시,-1.2247685346188655,0.12537529771711617,-0.630097031494001,0.8723575405325676,-0.21428318196579568,-0.30619213365471637,0.03134382442927904,-0.15752425787350025,0.2180893851331419,8.290630601212897,인위적확산-우세형,과다
경기도,수원시,-1.0553666842122837,0.13545335894361152,0.33620700702499623,0.20422726417194934,-0.09486976351793168,-0.26384167105307094,0.03386333973590288,0.08405175175624906,0.051056816042987334,-1.6654994274369699,인위적확산-우세형,적정
경기도,시흥시,-1.2637366654430284,-0.8427603395935579,0.6810846637574529,1.256275232312607,-0.04228427724163158,-0.3159341663607571,-0.21069008489838947,0.17027116593936323,0.31406880807815174,-5.160190614868493,인위적확산-우세형,부족
경기도,안산시,-0.8270088427764267,-0.35365349032497323,0.6810846637574529,0.14087938466726213,-0.08967457116917123,-0.20675221069410668,-0.08841337258124331,0.17027116593936323,0.03521984616681553,-5.043838673675877,인위적확산-우세형,부족
경기도,안성시,-0.9376441609737336,0.16126021174085936,-0.4280448713081671,-0.7776494624474876,-0.4955195707471322,-0.2344110402434334,0.04031505293521484,-0.10701121782704177,-0.1944123656118719,6.980373674887082,복합형,과다
경기도,양주시,-0.5936572364666989,0.06584795851115807,-0.30935311311116215,0.16702899319711417,-0.1675333494673972,-0.14841430911667472,0.016461989627789518,-0.07733827827779054,0.04175724829927854,4.989516883159927,인위적확산-우세형,과다
경기도,양평군,-0.15749183518531665,0.18473543263641332,-0.3269603616562761,-0.821435248813597,-0.2802880032546941,-0.03937295879632916,0.04618385815910333,-0.08174009041406903,-0.20535881220339924,5.446599237361544,노출도-우세형,과다
경기도,여주시,-1.0159674269073795,0.16126021174085936,-0.21415274923798733,-0.275620614340604,-0.3361201446862779,-0.2539918567268449,0.04031505293521484,-0.05353818730949683,-0.068905153585151,4.466636242681942,인위적확산-우세형,과다
경기도,연천군,-1.2428310750955027,0.11151461881536116,-0.5265594342300359,-0.08524736870967663,-0.4357808148049635,-0.3107077687738757,0.02787865470384029,-0.13163985855750898,-0.021311842177419157,7.738792132426626,인위적확산-우세형,과다
경기도,오산시,-0.9524095889901009,0.13545335894361152,0.6810846637574529,0.18943604893054164,0.01339112066037631,-0.23810239724752522,0.03386333973590288,0.17027116593936323,0.04735901223263541,-5.296884019481572,인위적확산-우세형,부족
경기도,용인시,-0.9537259145299517,0.15663035651533902,-0.4598341439377267,-0.04888905573156697,-0.3264546894209766,-0.23843147863248793,0.039157589128834755,-0.11495853598443168,-0.012222263932891742,6.884198825373054,인위적확산-우세형,과다
경기도,의왕시,-1.0971998446114732,0.13545335894361152,-0.4787026931332457,0.2903857620852904,-0.28751585417895426,-0.2742999611528683,0.03386333973590288,-0.11967567328331143,0.0725964405213226,6.966151082141235,인위적확산-우세형,과다
경기도,의정부시,-1.0073579783523354,0.06584795851115807,0.6810846637574529,1.1063367400011355,0.21147784597935274,-0.25183949458808386,0.016461989627789518,0.17027116593936323,0.27658418500028387,-5.783223586199427,인위적확산-우세형,부족
경기도,이천시,-1.2321508921172575,0.16126021174085936,-0.44836065532998887,-0.8153195917783739,-0.5836427318711902,-0.30803772302931437,0.04031505293521484,-0.11209016383249722,-0.20382989794459347,7.3937679798599,복합형,과다
경기도,파주시,-1.2555709941597324,-0.11401341713123765,-0.5585003054744163,-0.45669575833352155,-0.596195118774727,-0.3138927485399331,-0.028503354282809413,-0.13962507636860408,-0.11417393958338039,8.432411939172825,인위적확산-우세형,과다
경기도,평택시,-1.2021087181574541,0.13545335894361152,-0.4681269694868076,-0.4610783806081473,-0.4989651773271993,-0.30052717953936353,0.03386333973590288,-0.1170317423717019,-0.11526959515203683,7.387109744610247,인위적확산-우세형,과다
경기도,포천시,-0.29003728385744854,0.06584795851115807,-0.4035281147762902,-0.25960707494240953,-0.22183112876624755,-0.07250932096436213,0.016461989627789518,-0.10088202869407255,-0.06490176873560238,6.057518690963448,복합형,과다
경기도,하남시,-1.174167172144492,0.11639360721129988,-0.5731215360541627,0.4179078115495612,-0.3032468223594484,-0.293541793036123,0.02909840180282497,-0.14328038401354068,0.1044769528873903,7.944886042528157,인위적확산-우세형,과다
경기도,화성시,-1.1055855422797989,0.13545335894361152,-0.22561051473136642,-0.4550330787944558,-0.41269394421550243,-0.2763963855699497,0.03386333973590288,-0.056402628682841606,-0.11375826969861395,4.767991639293083,인위적확산-우세형,과다
경상남도,거제시,1.7095024309569988,1.4494244445275462,-0.3408131064755424,0.5136001691386421,0.8329284845369113,0.4273756077392497,0.36235611113188654,-0.0852032766188856,0.12840004228466054,2.85039260527185,노출도-우세형,적정
경상남도,거창군,1.3044269977486815,-0.22501747237434647,-0.08621734248242181,-0.5115409199059354,0.12041281574649447,0.3261067494371704,-0.05625436809358662,-0.021554335620605453,-0.12788522997648386,2.0698433331958768,노출도-우세형,적정
경상남도,고성군,2.0163527870773374,0.5895055524771564,-0.19983202280986778,0.9741922042335857,0.8450546302445529,0.5040881967693344,0.1473763881192891,-0.049958005702466945,0.24354805105839641,1.4203768314941687,노출도-우세형,적정
경상남도,김해시,0.33430144209069784,0.4739323017936372,-0.4169761253815818,0.9602894445981222,0.33788676577521887,0.08357536052267446,0.1184830754484093,-0.10424403134539545,0.24007236114953054,4.820289207602444,인위적확산-우세형,과다
경상남도,남해군,1.62483326688342,1.3348550779129482,-0.19872009786190079,0.838737308049752,0.8999263887460548,0.406208316720855,0.33371376947823705,-0.049680024465475196,0.209684327012438,1.2719542059601512,노출도-우세형,적정
경상남도,밀양시,1.2108292512829446,0.4787382152508286,-0.45123856101515053,0.6663769423607772,0.4761764619698499,0.30270731282073615,0.11968455381270715,-0.11280964025378763,0.1665942355901943,4.814760219582336,노출도-우세형,과다
경상남도,사천시,1.6781880850817448,0.5661923084556811,-0.34896822001097866,0.6810256704263766,0.644109460988206,0.4195470212704362,0.14154807711392028,-0.08724205500274466,0.17025641760659416,3.391020122565979,노출도-우세형,과다
경상남도,산청군,1.1970719113535526,0.21070924165431595,-0.13622012600225622,1.1489711561472784,0.6051330457882227,0.29926797783838816,0.05267731041357899,-0.034055031500564055,0.2872427890368196,1.3797287196360495,복합형,적정
경상남도,양산시,0.23878462891142638,0.521900561862283,-0.3434601430883562,0.10050472927478933,0.1294324442400356,0.059696157227856594,0.13047514046557074,-0.08586503577208905,0.025126182318697333,4.600969397352675,복합형,과다
경상남도,의령군,2.1158744768345916,0.410760128688918,-0.2803507042860957,0.536684415646499,0.6957420792209782,0.5289686192086479,0.1026900321722295,-0.07008767607152393,0.13417110391162476,2.584310109269457,노출도-우세형,적정
경상남도,진주시,1.6238329697604807,0.5661923084556811,-0.3763818635149831,0.566933517827385,0.5951442331321409,0.4059582424401202,0.14154807711392028,-0.09409546587874577,0.14173337945684625,3.784594874699918,노출도-우세형,과다
경상남도,창녕군,1.7178535149325294,0.4787382152508286,-0.5936100383702744,0.5888305516796474,0.5479530608731827,0.42946337873313234,0.11968455381270715,-0.1484025095925686,0.14720763791991184,3.124108721632716,노출도-우세형,과다
경상남도,창원시,0.8790833175282224,0.6236319451775546,-0.6579616998676705,0.5398327421922023,0.3461465762575773,0.2197708293820556,0.15590798629438865,-0.16449042496691763,0.13495818554805059,4.263794309311708,복합형,과다
경상남도,통영시,2.4064971785357234,0.5895055524771564,-0.345246686511581,0.703239282508051,0.8384988317523375,0.6016242946339309,0.1473763881192891,-0.08631167162789526,0.17580982062701275,2.877415316144692,노출도-우세형,적정
경상남도,하동군,1.0075307445033803,0.6390954023934913,-0.5675342858017501,0.8177821810662577,0.47421851054034475,0.2518826861258451,0.15977385059837282,-0.14188357145043753,0.20444554526656442,3.0428292839755464,복합형,적정
경상남도,함안군,0.8968716206505465,0.410760128688918,-0.32272708781222154,0.3170831946302774,0.32549696403938005,0.22421790516263662,0.1026900321722295,-0.08068177195305538,0.07927079865756935,3.911103086465059,노출도-우세형,과다
경상남도,함양군,0.7941456524875318,0.07655275409030908,0.1609985987208706,-0.08221598695490971,0.23737025458595043,0.19853641312188294,0.01913818852257727,0.04024964968021765,-0.020553996738727428,-0.6918759340923524,노출도-우세형,적정
경상남도,합천군,2.0809384960234514,0.4517931536490207,-0.3751155061055665,0.6785769111030832,0.7090482636674972,0.5202346240058628,0.11294828841225517,-0.09377887652639162,0.1696442277757708,0.560086575913032,노출도-우세형,적정
경상북도,경산시,0.474074195163025,-0.16972599077761327,0.1236509271327552,-0.14454606337825862,0.0708632670349771,0.11851854879075625,-0.04243149769440332,0.0309127317831888,-0.036136515844564655,0.15286945903640525,노출도-우세형,적정
경상북도,경주시,0.8920401315995354,-0.4969962777609552,-0.25319108899515336,0.30132395444560084,0.11079417982225692,0.22301003289988386,-0.1242490694402388,-0.06329777224878834,0.07533098861140021,3.7602947764754466,노출도-우세형,과다
경상북도,고령군,1.525274583216543,0.4517931536490207,0.4306656732786667,0.44459561022154487,0.7130822550914439,0.38131864580413577,0.11294828841225517,0.10766641831966668,0.11114890255538622,-4.513897429000284,노출도-우세형,부족
경상북도,구미시,0.6005111262380658,0.3871799846213257,-0.41094265685217435,-0.32661243574605936,0.06253400456528944,0.15012778155951645,0.09679499615533142,-0.10273566421304359,-0.08165310893651484,5.436260311595198,노출도-우세형,과다
경상북도,김천시,-0.11970508491592773,-1.0129386068618607,0.5454914114860394,-0.5489114783129598,-0.2840159396511772,-0.02992627122898193,-0.25323465171546516,0.13637285287150985,-0.13722786957823996,-3.224897702774788,복합형,적정
경상북도,문경시,0.4109934265669404,-0.19261747579281452,0.43436904357871686,-0.9250115682548629,-0.06806664347550503,0.1027483566417351,-0.04815436894820363,0.10859226089467922,-0.23125289206371571,-2.636670157495366,노출도-우세형,적정
경상북도,봉화군,2.2538348080996893,-0.8719161496084972,-1.3324988429936544,0.03789891394927188,0.021829682361702466,0.5634587020249223,-0.2179790374021243,-0.3331247107484136,0.00947472848731797,1.9847787532902377,노출도-우세형,적정
경상북도,상주시,0.15690167145104408,0.12173589799954919,0.5309764326849954,-0.5976408374308009,0.052993291176196944,0.03922541786276102,0.030433974499887297,0.13274410817124885,-0.14941020935770022,-3.9086811243636426,노출도-우세형,적정
경상북도,성주군,0.7008883708587419,0.3871799846213257,-0.9996793761095378,-0.10045641768260938,-0.0030168595780199078,0.17522209271468547,0.09679499615533142,-0.24991984402738446,-0.025114104420652344,-4.627375372186428,노출도-우세형,부족
경상북도,안동시,2.14423273897609,-0.376592551952327,-0.05815160511485157,-0.2027023480887126,0.3766965584550497,0.5360581847440224,-0.09414813798808175,-0.014537901278712892,-0.05067558702217815,1.1991102134703162,노출도-우세형,적정
경상북도,영덕군,1.7949253678621468,-0.6606082995745198,-0.015852510625623373,0.45334147674446923,0.3929515086016182,0.4487313419655367,-0.16515207489362996,-0.003963127656405843,0.11333536918611731,0.7320782936592307,노출도-우세형,적정
경상북도,영양군,1.8998159715790484,-0.6606082995745198,0.5377400766420891,-0.11410067619529764,0.41571176811282995,0.4749539928947621,-0.16515207489362996,0.13443501916052228,-0.02852516904882441,-4.866153437293412,노출도-우세형,부족
경상북도,영주시,0.9519352847705509,-0.7696110422786463,0.5372132546497335,-0.839040023860222,-0.029875631679645992,0.23798382119263772,-0.19240276056966157,0.13430331366243337,-0.2097600059650555,-3.7669406157874574,노출도-우세형,적정
경상북도,영천시,1.1939951985480592,-0.32915510851392676,-2.0668243864333715,0.09804887245240655,-0.2759838559867081,0.2984987996370148,-0.08228877712848169,-0.5167060966083429,0.024512218113101638,3.0810026098645977,노출도-우세형,과다
경상북도,예천군,0.4013719379192148,-0.19261747579281452,-1.2510268053166071,-0.7821759500428657,-0.45611207330826814,0.1003429844798037,-0.04815436894820363,-0.3127567013291518,-0.19554398751071642,2.312213406343022,노출도-우세형,적정
경상북도,울릉군,-0.4729937009186569,-1.2190414713906736,0.09807830925646448,0.6628416526733361,-0.23277880259488246,-0.11824842522966422,-0.3047603678476684,0.02451957731411612,0.16571041316833401,-5.050338425495674,인위적확산-우세형,부족
경상북도,울진군,2.770366476945037,-0.7457989771099857,0.2487362584822407,0.5160170588619115,0.6973302042948007,0.6925916192362592,-0.18644974427749642,0.06218406462056018,0.12900426471547788,-2.721970386413248,노출도-우세형,적정
경상북도,의성군,1.757176587320017,-0.2397320770130701,0.3929970888895104,0.19579521613260167,0.5265592038322647,0.43929414683000423,-0.05993301925326752,0.0982492722223776,0.04894880403315042,-3.678019687006296,노출도-우세형,적정
경상북도,청도군,1.2707284962694094,0.4787382152508286,-2.0861783923147144,0.004477082923006452,-0.08305864946786749,0.31768212406735236,0.11968455381270715,-0.5215445980786786,0.001119270730751613,2.807803493639608,노출도-우세형,적정
경상북도,청송군,1.5460325566007265,-0.7144696556483144,0.5420831626784146,0.24883068268048333,0.4056191865778274,0.3865081391501816,-0.1786174139120786,0.13552079066960365,0.06220767067012083,-4.884352376340011,노출도-우세형,부족
경상북도,칠곡군,0.7754911843136792,0.3871799846213257,-2.045331195904865,0.6277104097499976,-0.06373740430496555,0.1938727960784198,0.09679499615533142,-0.5113327989762162,0.1569276024374994,2.340903847300787,복합형,적정
경상북도,포항시,0.6554820715777777,-0.1622545783141686,0.4941068814040294,0.498599733404755,0.37148352701809834,0.16387051789444443,-0.04056364457854215,0.12352672035100735,0.12464993335118875,-4.325781722045506,복합형,부족
광주광역시,광산구,-0.19327518337994312,0.6662781698047232,-0.23172431630697632,-0.2666452706696695,-0.006341650137966425,-0.04831879584498578,0.1665695424511808,-0.05793107907674408,-0.06666131766741737,3.814132753760532,복합형,과다
광주광역시,남구,-0.6277114759053827,0.6662781698047232,0.36767397569767524,0.32694742678867333,0.18329702409642232,-0.15692786897634567,0.1665695424511808,0.09191849392441881,0.08173685669716833,-2.6548129111882317,인위적확산-우세형,적정
광주광역시,동구,0.3251693180923803,0.6662781698047232,0.6810846637574529,0.43186819554516126,0.5261000867999295,0.08129232952309508,0.1665695424511808,0.17027116593936323,0.10796704888629031,-6.555679408436301,복합형,부족
광주광역시,북구,-0.2426681552992321,0.6662781698047232,0.6810846637574529,-0.7850909117506241,0.07990094162808005,-0.06066703882480803,0.1665695424511808,0.17027116593936323,-0.19627272793765602,-5.460177937637007,노출도-우세형,부족
광주광역시,서구,-1.0990616589149094,0.6662781698047232,-0.4215129875014925,-0.5250505623770749,-0.3448367597471884,-0.27476541472872734,0.1665695424511808,-0.10537824687537313,-0.13126264059426873,6.543595144255627,인위적확산-우세형,과다
대구광역시,남구,0.35861078434958144,-0.16972599077761327,0.6810846637574529,0.0787486665587217,0.23717953097203573,0.08965269608739536,-0.04243149769440332,0.17027116593936323,0.019687166639680426,-5.846325978967705,복합형,부족
대구광역시,달서구,0.0031473691582494683,-0.16972599077761327,-0.3848377930838402,0.31828381010618084,-0.05828315114925579,0.0007868422895623671,-0.04243149769440332,-0.09620944827096005,0.07957095252654521,5.476302755666666,복합형,과다
대구광역시,달성군,1.013702188692508,-0.16972599077761327,-0.4357820005166178,0.6588356460664073,0.26675746086617097,0.253425547173127,-0.04243149769440332,-0.10894550012915445,0.16470891151660183,5.182575902272909,복합형,과다
대구광역시,동구,1.543421616367251,-0.16972599077761327,0.6810846637574529,-0.3669983078987531,0.4219454953620844,0.38585540409181274,-0.04243149769440332,0.17027116593936323,-0.09174957697468827,-6.299960612590752,노출도-우세형,부족
대구광역시,북구,1.2227773979655465,-0.16972599077761327,-0.43079876237387466,-0.45709286446826886,0.04128994508644743,0.30569434949138663,-0.04243149769440332,-0.10769969059346866,-0.11427321611706721,5.6936796752505785,노출도-우세형,과다
대구광역시,서구,-1.1832891199914786,-0.16972599077761327,-0.589343796977933,2.036413507805813,0.02351365001469702,-0.29582227999786964,-0.04243149769440332,-0.14733594924448326,0.5091033769514532,7.303993699414284,인위적확산-우세형,과다
대구광역시,수성구,0.12247619180426951,-0.16972599077761327,-0.29437115046399204,0.5645244292666162,0.05572586995732012,0.030619047951067378,-0.04243149769440332,-0.07359278761599801,0.14113110731665404,4.302102421679991,복합형,과다
대전광역시,대덕구,-1.1762831521045856,0.41988214197450696,-0.2600668271156889,0.0037634101123864747,-0.25317610678334523,-0.2940707880261464,0.10497053549362674,-0.06501670677892223,0.0009408525280966187,4.710681828910365,인위적확산-우세형,과다
대전광역시,동구,-0.8618578633352173,0.41988214197450696,0.034227978655653524,-0.34928306096379674,-0.1892577009172134,-0.21546446583380433,0.10497053549362674,0.008556994663913381,-0.08732076524094919,1.6527632286837086,인위적확산-우세형,적정
대전광역시,서구,-0.8121430586154448,0.41988214197450696,-0.19519487596832172,-0.6855409886470621,-0.3182491953140804,-0.2030357646538612,0.10497053549362674,-0.04879871899208043,-0.17138524716176554,4.236403282486842,복합형,과다
대전광역시,유성구,-0.5995722680154375,0.41988214197450696,-0.11430344125282593,-0.08325018160950375,-0.09431093722581506,-0.14989306700385938,0.10497053549362674,-0.028575860313206483,-0.020812545402375936,2.875218632300218,인위적확산-우세형,적정
대전광역시,중구,-0.7455520086278398,0.41988214197450696,0.6810846637574529,-1.1063105501660928,-0.18772393826549316,-0.18638800215695994,0.10497053549362674,0.17027116593936323,-0.2765776375415232,-4.8031093333639605,복합형,부족
부산광역시,강서구,-0.4326594821529759,0.4739323017936372,-0.20167291497537376,0.772185721979525,0.1529464066612031,-0.10816487053824397,0.1184830754484093,-0.05041822874384344,0.19304643049488124,3.132536493228148,인위적확산-우세형,과다
부산광역시,금정구,1.568829678382177,0.521900561862283,-0.2898995732917116,1.035941662763993,0.7091930824291852,0.3922074195955442,0.13047514046557074,-0.0724748933229279,0.25898541569099826,2.644177703653189,노출도-우세형,적정
부산광역시,기장군,1.077224864559484,0.521900561862283,-0.3153768308158394,1.3456449642592163,0.6573483899662861,0.269306216139871,0.13047514046557074,-0.07884420770395985,0.3364112410648041,3.0231879995522597,복합형,적정
부산광역시,남구,0.22382097768817266,0.16239453820871297,-0.3488578058750906,0.2906467110262963,0.08200110526202282,0.055955244422043166,0.04059863455217824,-0.08721445146877264,0.07266167775657408,4.767093220920622,복합형,과다
부산광역시,동구,-0.10567666931771978,0.16239453820871297,-0.19062910027115013,1.0401645867564477,0.22656333884407273,-0.026419167329429945,0.04059863455217824,-0.04765727506778753,0.26004114668911193,2.8451183811889713,인위적확산-우세형,적정
부산광역시,동래구,0.3367851603227798,0.16239453820871297,-0.18531767901115845,0.14255178991317494,0.11410345235837731,0.08419629008069494,0.04059863455217824,-0.04632941975278961,0.035637947478293734,3.063138484705865,복합형,과다
부산광역시,부산진구,0.025623695360558207,0.16239453820871297,-0.2541749312641534,-0.19558363867711748,-0.06543508409299993,0.006405923840139552,0.04059863455217824,-0.06354373281603835,-0.04889590966927937,4.19375377725692,복합형,과다
부산광역시,북구,0.8813390267898811,0.16239453820871297,-0.06886804351649126,0.39746172666727425,0.3430818120373442,0.22033475669747027,0.04059863455217824,-0.017217010879122814,0.09936543166681856,1.3594732010272423,복합형,적정
부산광역시,사상구,0.17909034547839162,0.16239453820871297,-0.14413866153836302,0.06878172102271908,0.06653198579286514,0.044772586369597904,0.04059863455217824,-0.036034665384590756,0.01719543025567977,2.776892064178141,복합형,적정
부산광역시,사하구,-0.25393160196664,0.16239453820871297,-0.29597115933517903,-0.05409667083406539,-0.11040122348179286,-0.06348290049166,0.04059863455217824,-0.07399278983379476,-0.013524167708516348,4.717596484087461,복합형,과다
부산광역시,서구,-0.07853662834475915,0.16239453820871297,-0.2512988840538268,-0.5294707145962958,-0.17422792219654218,-0.019634157086189787,0.04059863455217824,-0.0628247210134567,-0.13236767864907395,4.437209431682616,복합형,과다
부산광역시,수영구,-0.4557440394997872,0.16239453820871297,0.022461120413064528,1.7227958870917268,0.3629768765534293,-0.1139360098749468,0.04059863455217824,0.005615280103266132,0.4306989717729317,0.4001356944669272,인위적확산-우세형,적정
부산광역시,연제구,-0.5937733528395055,0.16239453820871297,0.20749826526664905,-0.6714419486668262,-0.22383062450774238,-0.14844333820987637,0.04059863455217824,0.05187456631666226,-0.16786048716670654,0.03984697173601148,복합형,적정
부산광역시,영도구,0.7420218802311013,0.16239453820871297,-0.4363843515144494,-0.5215749369252555,-0.013385717499972647,0.18550547005777532,0.04059863455217824,-0.10909608787861234,-0.13039373423131387,5.866581045483346,노출도-우세형,과다
부산광역시,중구,-1.3050732033420573,0.16239453820871297,0.6810846637574529,-0.7355706982584883,-0.29929117490859486,-0.32626830083551434,0.04059863455217824,0.17027116593936323,-0.18389267456462208,-4.529191121825347,인위적확산-우세형,부족
부산광역시,해운대구,2.144504616677106,0.16239453820871297,-0.04231388233891025,1.068395619972985,0.8332452231299734,0.5361261541692764,0.04059863455217824,-0.010578470584727563,0.26709890499324623,-0.11153339784064809,노출도-우세형,적정
서울특별시,강남구,-1.3344120143059746,0.11639360721129988,0.6810846637574529,-0.025218159729752204,-0.1405379757667435,-0.33360300357649364,0.02909840180282497,0.17027116593936323,-0.006304539932438051,-4.918959603087251,인위적확산-우세형,부족
서울특별시,강동구,-1.280142178097917,0.11639360721129988,0.4782182479018536,1.9531143245628053,0.3168960003945105,-0.32003554452447924,0.02909840180282497,0.1195545619754634,0.48827858114070133,-4.034529295159405,인위적확산-우세형,부족
서울특별시,강북구,-0.8547158757210304,0.11639360721129988,0.6810846637574529,-0.757274592543305,-0.20362804932389564,-0.2136789689302576,0.02909840180282497,0.17027116593936323,-0.18931864813582625,-4.764061797650899,복합형,부족
서울특별시,강서구,-1.3009043598611394,0.11639360721129988,0.5250693140437647,1.0054721360208663,0.0865076743536979,-0.32522608996528485,0.02909840180282497,0.13126732851094117,0.25136803400521657,-3.9325097666616315,인위적확산-우세형,적정
서울특별시,관악구,-0.2711268590527793,0.11639360721129988,0.6810846637574529,1.2018658181326582,0.4320543075121579,-0.06778171476319482,0.02909840180282497,0.17027116593936323,0.30046645453316456,-6.324779617060548,인위적확산-우세형,부족
서울특별시,광진구,-0.6418619900753381,0.11639360721129988,0.6810846637574529,-0.43209666849175593,-0.0691200968995853,-0.16046549751883452,0.02909840180282497,0.17027116593936323,-0.10802416712293898,-5.094303711624717,복합형,부족
서울특별시,구로구,-1.2994292068808273,0.11639360721129988,0.6810846637574529,-1.3994636564057454,-0.4753536480794549,-0.3248573017202068,0.02909840180282497,0.17027116593936323,-0.34986591410143636,-4.096925169731348,복합형,부족
서울특별시,금천구,-1.1719614109498724,0.11639360721129988,0.34713188655899546,1.6514907878769385,0.23576371767434026,-0.2929903527374681,0.02909840180282497,0.08678297163974887,0.4128726969692346,-2.510143760984614,인위적확산-우세형,적정
서울특별시,노원구,-0.3686614681414384,0.11639360721129988,0.5222932177020615,0.514731086264196,0.19618911075902967,-0.0921653670353596,0.02909840180282497,0.13057330442551537,0.128682771566049,-4.174326433821559,인위적확산-우세형,부족
서울특별시,도봉구,-0.9976230623542394,0.11639360721129988,0.15572526472762646,-1.2095496530473573,-0.48376346086566757,-0.24940576558855984,0.02909840180282497,0.038931316181906615,-0.3023874132618393,1.1073788954273676,복합형,적정
서울특별시,동대문구,-1.2996695756436034,0.11639360721129988,0.6810846637574529,-0.017417271701335914,-0.12990214409404663,-0.32491739391090085,0.02909840180282497,0.17027116593936323,-0.004354317925333979,-4.945072538010346,인위적확산-우세형,부족
서울특별시,동작구,-1.2548650571148379,0.11639360721129988,0.6810846637574529,-0.6525904461242348,-0.27749430806757996,-0.31371626427870947,0.02909840180282497,0.17027116593936323,-0.1631476115310587,-4.58270646344249,인위적확산-우세형,부족
서울특별시,마포구,-1.3362853926423552,0.11639360721129988,0.2935210325070338,2.3398275965970274,0.35336421091825154,-0.3340713481605888,0.02909840180282497,0.07338025812675845,0.5849568991492569,-2.2565347281121237,인위적확산-우세형,적정
서울특별시,서대문구,-0.7897575149543087,0.11639360721129988,0.31164768882086474,0.7909792303104979,0.10731575284708844,-0.19743937873857717,0.02909840180282497,0.07791192220521619,0.19774480757762447,-1.820740727569973,인위적확산-우세형,적정
서울특별시,서초구,-1.1976453351929601,0.11639360721129988,0.6810846637574529,0.947227682121279,0.13676515447426796,-0.29941133379824003,0.02909840180282497,0.17027116593936323,0.23680692053031974,-5.599790102928921,인위적확산-우세형,부족
서울특별시,성동구,-1.3541208244557212,0.11639360721129988,0.6810846637574529,-0.4707870749070194,-0.25685740709849686,-0.3385302061139303,0.02909840180282497,0.17027116593936323,-0.11769676872675484,-4.633373874191703,인위적확산-우세형,부족
서울특별시,성북구,-0.7480930714660275,0.11639360721129988,0.6810846637574529,0.4735298116490357,0.13072875278794027,-0.1870232678665069,0.02909840180282497,0.17027116593936323,0.11838245291225892,-5.584969619749465,인위적확산-우세형,부족
서울특별시,송파구,-1.304946321575251,0.11639360721129988,0.23770033102496202,-1.3587225120752553,-0.577393723853561,-0.32623658039381276,0.02909840180282497,0.059425082756240505,-0.3396806280188138,0.5920905256589002,복합형,적정
서울특별시,양천구,-1.3129877845500808,0.11639360721129988,0.5172699187623455,-0.3958931304723725,-0.268804347262202,-0.3282469461375202,0.02909840180282497,0.12931747969058638,-0.09897328261809313,-2.9489834942055406,인위적확산-우세형,적정
서울특별시,용산구,-0.9017435907198551,0.11639360721129988,0.6810846637574529,-0.6866889365544262,-0.19773856407638213,-0.22543589767996378,0.02909840180282497,0.17027116593936323,-0.17167223413860655,-4.778521573786097,복합형,부족
서울특별시,은평구,-0.531466116134018,0.11639360721129988,0.6810846637574529,-0.4501439884989867,-0.046032958416062954,-0.1328665290335045,0.02909840180282497,0.17027116593936323,-0.11253599712474667,-5.150986908889707,복합형,부족
서울특별시,종로구,-0.3461059715293877,0.11639360721129988,0.6810846637574529,-0.2301109460771653,0.05531533834054996,-0.08652649288234693,0.02909840180282497,0.17027116593936323,-0.05752773651929133,-5.3998157319864255,복합형,부족
서울특별시,중구,-1.3107854457640982,0.11639360721129988,0.6810846637574529,-1.5179721074262886,-0.5078198205554084,-0.32769636144102454,0.02909840180282497,0.17027116593936323,-0.37949302685657216,-4.017214708419432,복합형,부족
서울특별시,중랑구,-0.9329356701489262,0.11639360721129988,0.6810846637574529,-0.29482988081996786,-0.10757182000003529,-0.23323391753723155,0.02909840180282497,0.17027116593936323,-0.07370747020499197,-4.999897615900158,인위적확산-우세형,부족
울산광역시,남구,-0.755974119815368,-0.02538060636887914,-0.4221649987912677,0.3112744526069526,-0.22306131809214058,-0.188993529953842,-0.006345151592219785,-0.10554124969781692,0.07781861315173814,6.25827803513992,인위적확산-우세형,과다
울산광역시,동구,1.1569869677901352,-0.02538060636887914,-0.5142215623808635,-0.24298217629498378,0.09360065568635223,0.2892467419475338,-0.006345151592219785,-0.12855539059521587,-0.060745544073745945,6.394012251621653,노출도-우세형,과다
울산광역시,북구,0.7760876344828138,-0.02538060636887914,-0.5643828724252955,0.6769783679648048,0.21582563091336096,0.19402190862070345,-0.006345151592219785,-0.14109571810632388,0.1692445919912012,6.5910455461011175,복합형,과다
울산광역시,울주군,0.7902214252754837,-0.02538060636887914,-0.4864261061375279,0.29998678549400065,0.14460037456576932,0.19755535631887092,-0.006345151592219785,-0.12160652653438198,0.07499669637350016,5.987128412878773,복합형,과다
울산광역시,중구,0.8438949200279943,-0.02538060636887914,-0.5723509651455426,1.1278649600698156,0.343507077145847,0.21097373000699857,-0.006345151592219785,-0.14308774128638566,0.2819662400174539,6.34667503969264,복합형,과다
인천광역시,강화군,-1.2992160358586462,-0.5394206008461936,-0.3289366650037045,-1.3688999821573729,-0.8841183209664792,-0.32480400896466155,-0.1348551502115484,-0.08223416625092612,-0.3422249955393432,6.890150518204223,복합형,과다
인천광역시,계양구,-1.2846572571275165,-0.8427603395935579,-0.39213838648539107,-0.5957694037460138,-0.7788313467381198,-0.32116431428187914,-0.21069008489838947,-0.09803459662134777,-0.14894235093650346,7.307583534313989,인위적확산-우세형,과다
인천광역시,남동구,-1.2642171428981372,-0.8427603395935579,-0.3116321147262608,0.5769889080503875,-0.4604051722918921,-0.3160542857245343,-0.21069008489838947,-0.0779080286815652,0.14424722701259687,5.726874111274455,인위적확산-우세형,과다
인천광역시,미추홀구,-1.2910772054075033,-0.8705583052798351,0.6754288024189341,0.6147928142251737,-0.21785347351080758,-0.3227693013518758,-0.21763957631995878,0.16885720060473353,0.15369820355629343,-4.73260729540089,인위적확산-우세형,부족
인천광역시,부평구,-1.2583200980138083,-0.8427603395935579,0.3480164851470013,-0.08386552475516347,-0.45923236930388206,-0.31458002450345207,-0.21069008489838947,0.08700412128675032,-0.020966381188790868,-0.7859051129467769,인위적확산-우세형,적정
인천광역시,서구,-1.3101029885507744,-0.8427603395935579,-0.005505304366121085,-0.7865151339738672,-0.7362209416210801,-0.3275257471376936,-0.21069008489838947,-0.0013763260915302712,-0.1966287834934668,3.3614333336965414,인위적확산-우세형,과다
인천광역시,연수구,-1.3003078478035475,-0.8427603395935579,-0.40428708858448603,-0.9266787405429177,-0.8685085041311273,-0.32507696195088687,-0.21069008489838947,-0.10107177214612151,-0.23166968513572941,7.651439209724305,복합형,과다
인천광역시,옹진군,1.7131151335677546,-0.5394206008461936,0.685726502456205,0.2892317376660289,0.5371631932109487,0.42827878339193864,-0.1348551502115484,0.17143162561405126,0.07230793441650722,-6.579992238664334,노출도-우세형,부족
인천광역시,중구,-0.6960832920717323,-0.8427603395935579,0.16177870944942643,-0.13361145632001228,-0.37766909463396897,-0.17402082301793306,-0.21069008489838947,0.04044467736235661,-0.03340286408000307,0.7782030837623344,인위적확산-우세형,적정
전라남도,강진군,-0.3136511645561763,0.13064937771962373,0.6810846637574529,-0.34530828566862687,0.038193647813068395,-0.07841279113904408,0.03266234442990593,0.17027116593936323,-0.08632707141715672,-5.35777881336301,복합형,부족
전라남도,고흥군,0.4971582732541111,0.24413986505710958,0.11282713899243323,0.669483078602441,0.3809020889765237,0.12428956831352778,0.061034966264277395,0.028206784748108307,0.16737076965061026,-0.5405057306413532,복합형,적정
전라남도,곡성군,1.2829309389622292,0.2382496147813669,0.46919110934666874,-0.34584361231024063,0.41113201269500604,0.3207327347405573,0.05956240369534172,0.11729777733666719,-0.08646090307756016,-4.20497392792563,노출도-우세형,부족
전라남도,광양시,-0.007493144693924505,0.6390954023934913,-0.37078357624777647,0.6116972325852691,0.21812897850926485,-0.0018732861734811262,0.15977385059837282,-0.09269589406194412,0.15292430814631727,4.65117942559965,인위적확산-우세형,과다
전라남도,구례군,0.7011511740649389,0.09147401376628266,0.6810846637574529,-0.12008990541865067,0.338404986542506,0.17528779351623472,0.022868503441570664,0.17027116593936323,-0.030022476354662667,-6.0948532042206125,노출도-우세형,부족
전라남도,나주시,-0.385507926039554,0.6662781698047232,0.6810846637574529,-0.5423107680410159,0.1048860348704016,-0.0963769815098885,0.1665695424511808,0.17027116593936323,-0.13557769201025396,-5.521520965052443,복합형,부족
전라남도,담양군,0.22121943500087718,0.2382496147813669,0.6810846637574529,0.22892652936090374,0.34237006072515025,0.055304858750219295,0.05956240369534172,0.17027116593936323,0.057231632340225935,-6.104588195078208,복합형,부족
전라남도,목포시,-0.4250120531575056,-0.8296133928272571,0.6810846637574529,0.2709064436041387,-0.07565858465579277,-0.1062530132893764,-0.20740334820681428,0.17027116593936323,0.06772661090103467,-5.078250514232397,인위적확산-우세형,부족
전라남도,무안군,-0.3127439043233926,-0.8296133928272571,-0.0846649119121014,0.9082841534096148,-0.07968451391328409,-0.07818597608084815,-0.20740334820681428,-0.02116622797802535,0.2270710383524037,2.553858203988269,인위적확산-우세형,적정
전라남도,보성군,0.048871267038823475,-0.10332894571166228,-0.280431520204884,-0.3949229884759035,-0.18245304683840657,0.012217816759705869,-0.02583223642791557,-0.070107880051221,-0.09873074711897588,4.732601856223613,복합형,과다
전라남도,순천시,0.4936415810820926,-0.1230637962077632,0.2355610037843701,-0.18379183847024247,0.10558673754711427,0.12341039527052315,-0.0307659490519408,0.05889025094609252,-0.04594795961756062,-1.0972632915245475,노출도-우세형,적정
전라남도,신안군,0.7282405363122687,-0.8296133928272571,0.5853120604585395,0.8072834692848775,0.32280566830710716,0.18206013407806718,-0.20740334820681428,0.14632801511463486,0.20182086732121937,-5.088941127364824,복합형,부족
전라남도,여수시,0.8316260733265454,-0.5067005004699271,0.3541947640603766,1.0487113261003254,0.43195791575433,0.20790651833163634,-0.12667512511748177,0.08854869101509415,0.26217783152508134,-3.1225591291228603,복합형,적정
전라남도,영광군,0.29328728710776636,-0.05559291684175985,0.6810846637574529,0.8164638305901505,0.43381071615340244,0.07332182177694159,-0.013898229210439962,0.17027116593936323,0.20411595764753762,-6.329091925299209,인위적확산-우세형,부족
전라남도,영암군,-0.6730796954721443,0.13064937771962373,0.6810846637574529,-0.15523932085232242,-0.004146243711847513,-0.16826992386803608,0.03266234442990593,0.17027116593936323,-0.038809830213080605,-5.2538265446486365,인위적확산-우세형,부족
전라남도,완도군,1.686757302831973,0.13994329774927902,0.6810846637574529,0.7073181119090802,0.8037758440619464,0.4216893257079932,0.034985824437319755,0.17027116593936323,0.17682952797727006,-7.237424776569379,노출도-우세형,부족
전라남도,장성군,0.3010055316433577,0.02909463698112739,-0.17279976432029334,-0.2398613371483519,-0.020640233211040037,0.07525138291083942,0.007273659245281848,-0.043199941080073335,-0.059965334287087974,3.2639613413236095,노출도-우세형,과다
전라남도,장흥군,-0.049923314834045024,0.16060860909751742,0.6810846637574529,-1.032344180833826,-0.06014355570322518,-0.012480828708511256,0.040152152274379356,0.17027116593936323,-0.2580860452084565,-5.116342781375772,노출도-우세형,부족
전라남도,진도군,0.6852431819584875,-0.30708727856213763,0.6810846637574529,0.6491316519450248,0.4270930547747069,0.1713107954896219,-0.07677181964053441,0.17027116593936323,0.1622829129862562,-6.3125988235075,복합형,부족
전라남도,함평군,-0.06620184022089949,-0.05559291684175985,0.6810846637574529,0.3134828594071796,0.21819319152549332,-0.016550460055224873,-0.013898229210439962,0.17027116593936323,0.0783707148517949,-5.799711002193667,복합형,부족
전라남도,해남군,-0.030629386558728728,-0.32121156332309764,0.6810846637574529,0.2861558664434318,0.15384989507976457,-0.007657346639682182,-0.08030289083077441,0.17027116593936323,0.07153896661085794,-5.64173630265626,복합형,부족
전라남도,화순군,0.5534764945925775,0.6662781698047232,0.5741613828756696,-0.17839383721139343,0.4038805525153943,0.13836912364814438,0.1665695424511808,0.1435403457189174,-0.04459845930284836,-5.175337084565631,노출도-우세형,부족
전북특별자치도,고창군,0.34983420046151265,0.02909463698112739,0.6810846637574529,0.08046251772059267,0.28511900473017143,0.08745855011537816,0.007273659245281848,0.17027116593936323,0.020115629430148167,-5.964026258270471,복합형,부족
전북특별자치도,군산시,-0.799296531681034,-0.17625966622709957,-0.4634637677616546,-0.3917898764614738,-0.45770246053281544,-0.1998241329202585,-0.04406491655677489,-0.11586594194041365,-0.09794746911536845,7.237677340185455,복합형,과다
전북특별자치도,김제시,-0.9325012052727298,0.17765751054409598,-0.2746764925248314,-0.3763905815907682,-0.35147769221105835,-0.23312530131818246,0.044414377636023995,-0.06866912313120785,-0.09409764539769205,5.099940894209266,인위적확산-우세형,과다
전북특별자치도,남원시,1.4230272378879132,0.09147401376628266,0.43505451748418283,-0.3844512442941048,0.39127613121106847,0.3557568094719783,0.022868503441570664,0.10876362937104571,-0.0961128110735262,-3.8237117978795188,노출도-우세형,적정
전북특별자치도,무주군,-0.2653503547412911,0.08652689580560902,0.6810846637574529,-0.1068664610939964,0.09884868593194363,-0.06633758868532277,0.021631723951402254,0.17027116593936323,-0.0267166152734991,-5.506698156193717,복합형,부족
전북특별자치도,부안군,0.013009938466905464,0.17765751054409598,0.4226784147949807,0.5572492332213479,0.2926487742568325,0.003252484616726366,0.044414377636023995,0.10566960369874517,0.13931230830533697,-3.460227267410261,인위적확산-우세형,적정
전북특별자치도,순창군,0.544648670316151,0.2382496147813669,-0.26013624511460565,0.3250269197550404,0.21194723993448816,0.13616216757903776,0.05956240369534172,-0.06503406127865141,0.0812567299387601,0.20536736200459593,복합형,적정
전북특별자치도,완주군,-0.7236254932522095,0.4121126203641466,0.5500702155879656,-0.44229069489693856,-0.050933338049258946,-0.18090637331305237,0.10302815509103665,0.1375175538969914,-0.11057267372423464,-3.8655643292998674,복합형,적정
전북특별자치도,익산시,-0.913016370802128,-0.17625966622709957,-0.27291074002346133,-0.7352573835289505,-0.5243610401454099,-0.228254092700532,-0.04406491655677489,-0.06822768500586533,-0.18381434588223763,5.507231214071817,복합형,과다
전북특별자치도,임실군,0.3025358455887537,0.0283598232117105,-0.2397540186170342,-0.4732787830762193,-0.09553428322319733,0.07563396139718842,0.007089955802927625,-0.05993850465425855,-0.11831969576905482,4.123659793476424,노출도-우세형,과다
전북특별자치도,장수군,-0.12545328578435752,-0.26698828228994365,0.6810846637574529,-0.5022561539350062,-0.053403264562963605,-0.03136332144608938,-0.06674707057248591,0.17027116593936323,-0.12556403848375156,-5.1328914434197745,복합형,부족
전북특별자치도,전주시,-1.1146070682446763,0.41211262036414653,-0.4501241321671392,-1.564750348817997,-0.6793422322164165,-0.27865176706116906,0.10302815509103663,-0.1125310330417848,-0.39118758720449925,7.642734711524318,복합형,과다
전북특별자치도,정읍시,0.11438381809805798,0.1480271487666221,-0.16941067251040828,0.2755236003822018,0.09213097368411839,0.028595954524514494,0.037006787191655524,-0.04235266812760207,0.06888090009555045,2.96691959671048,복합형,적정
전북특별자치도,진안군,-0.6209013465228319,-0.26698828228994365,0.6810846637574529,-0.7749788381962636,-0.24544595081289655,-0.15522533663070798,-0.06674707057248591,0.17027116593936323,-0.1937447095490659,-4.661391111069245,복합형,부족
충청남도,계룡시,-0.13953753448207082,0.41988214197450696,-0.2707607591535018,-0.463799943172722,-0.11355402370844687,-0.034884383620517705,0.10497053549362674,-0.06769018978837545,-0.1159499857931805,4.4729007542803645,복합형,과다
충청남도,공주시,-0.4093427164990229,0.260176841886305,-0.17784788081376543,-0.8928371702808239,-0.3049627314268268,-0.10233567912475572,0.06504421047157626,-0.04446197020344136,-0.22320929257020597,3.986262656372272,복합형,과다
충청남도,금산군,-0.39488038127977293,0.08652689580560902,-0.2708369631899672,-0.42213120897521156,-0.25033041440983567,-0.09872009531994323,0.021631723951402254,-0.0677092407974918,-0.10553280224380289,4.808441874101074,복합형,과다
충청남도,논산시,-0.7825357146187578,0.29225210500724547,-0.36606103322080674,-0.8365513437988291,-0.4232239966577871,-0.19563392865468945,0.07306302625181137,-0.09151525830520169,-0.20913783594970728,6.183516253803616,복합형,과다
충청남도,당진시,-0.5034402900716386,-0.3861858250812844,0.40181857465975895,-0.3515306301210022,-0.20983454265354154,-0.12586007251790965,-0.0965464562703211,0.10045464366493974,-0.08788265753025055,-2.0260992059307417,복합형,적정
충청남도,보령시,0.6065444127625789,-0.1604760721913627,-0.1633402377981474,-0.14977732382930808,0.03323769473594016,0.15163610319064472,-0.040119018047840675,-0.04083505944953685,-0.03744433095732702,3.0476307332635892,노출도-우세형,적정
충청남도,부여군,-0.4514789206273417,0.29225210500724547,-0.39620383878051674,-0.7997004093202523,-0.3387827659302163,-0.11286973015683542,0.07306302625181137,-0.09905095969512918,-0.19992510233006308,6.272566633296717,복합형,과다
충청남도,서산시,0.18808855995486695,-0.3861858250812844,-0.08689712183423591,0.47237717163792675,0.046845696169318336,0.04702213998871674,-0.0965464562703211,-0.021724280458558978,0.11809429290948169,2.25372257755774,복합형,적정
충청남도,서천군,0.1474150128309854,-0.17625966622709957,-0.27381502240956346,0.007127243268492345,-0.07388310813429631,0.03685375320774635,-0.04406491655677489,-0.06845375560239086,0.0017818108171230862,4.389426560175927,복합형,과다
충청남도,아산시,-0.7773163835164268,-0.2145955316269945,0.5619991682723632,-0.7507678135826524,-0.2951701401134276,-0.1943290958791067,-0.05364888290674862,0.1404997920680908,-0.1876919533956631,-3.3818609038768823,복합형,적정
충청남도,예산군,-0.29152235355532613,-0.02601471734611475,-0.3527092216453349,-0.44375281011621787,-0.2784997756657484,-0.07288058838883153,-0.006503679336528688,-0.08817730541133373,-0.11093820252905447,5.689186297298793,복합형,과다
충청남도,천안시,-0.9311286605431577,-0.21459553162699432,-0.15297870342755956,-1.174328624515329,-0.6182578800282602,-0.23278216513578942,-0.05364888290674858,-0.03824467585688989,-0.29358215612883226,4.548577924653252,복합형,과다
충청남도,청양군,0.36744277596795755,0.29225210500724547,-0.3853739804916141,-0.6536719535730855,-0.09483776327237414,0.09186069399198939,0.07306302625181137,-0.09634349512290352,-0.16341798839327137,5.5650548602269545,노출도-우세형,과다
충청남도,태안군,1.2651431880464499,-0.3861858250812844,-0.0022885073797946167,-0.013193332631392688,0.21586888073849456,0.31628579701161247,-0.0965464562703211,-0.0005721268449486542,-0.003298333157848172,0.9743134647401694,노출도-우세형,적정
충청남도,홍성군,0.02670520623976722,-0.02601471734611475,0.27549148311338806,0.3788578996738396,0.16375996792022002,0.006676301559941805,-0.006503679336528688,0.06887287077834701,0.0947144749184599,-1.5947834891883828,복합형,적정
충청북도,괴산군,0.450448141306818,0.04014815500210349,-1.1801247325044075,-0.5330965459468036,-0.3056562455355724,0.1126120353267045,0.010037038750525872,-0.2950311831261019,-0.1332741364867009,-5.655967066992953,노출도-우세형,부족
충청북도,단양군,0.7560871229859262,-0.7696110422786463,-1.9372841926412885,0.3861689116416018,-0.39115980007310175,0.18902178074648154,-0.19240276056966157,-0.4843210481603221,0.09654222791040044,2.0813692577567924,복합형,적정
충청북도,보은군,0.05360526951063415,0.0209506141173269,-1.1801247325044075,-0.5278014341127885,-0.40834257074730873,0.013401317377658538,0.005237653529331725,-0.2950311831261019,-0.13195035852819711,-5.40385313643599,노출도-우세형,부족
충청북도,영동군,-0.14673881015480808,-1.0129386068618607,-1.8911039979571174,-1.0062039395019948,-1.0142463386189453,-0.03668470253870202,-0.25323465171546516,-0.47277599948927934,-0.2515509848754987,3.1491483380468788,노출도-우세형,과다
충청북도,옥천군,-0.7051794725350606,0.0209506141173269,-1.3147046892522016,-1.2638542525339014,-0.8156969500509592,-0.17629486813376516,0.005237653529331725,-0.3286761723130504,-0.31596356313347534,-3.058825431587967,노출도-우세형,적정
충청북도,음성군,-0.8064604793014558,0.04014815500210349,-1.1801247325044075,-0.42082555977414143,-0.5918156541444752,-0.20161511982536395,0.010037038750525872,-0.2950311831261019,-0.10520638994353536,-4.953392764898823,복합형,부족
충청북도,제천시,0.3655827483048923,-0.3658066041327821,-1.1801247325044075,-0.4656866174680278,-0.41150880145008123,0.09139568707622307,-0.09145165103319552,-0.2950311831261019,-0.11642165436700695,-5.396079454147914,노출도-우세형,부족
충청북도,증평군,-0.8267121052251802,0.47740656166591894,-1.1801247325044075,-0.3278100004575722,-0.4643100691303103,-0.20667802630629506,0.11935164041647973,-0.2950311831261019,-0.08195250011439305,-5.266442571088714,복합형,부족
충청북도,진천군,-0.7033662095975458,-0.2145955316269945,-1.845835258090517,-0.7761354084652957,-0.8849831019450881,-0.17584155239938645,-0.05364888290674862,-0.46145881452262927,-0.19403385211632393,2.39870621738791,복합형,적정
충청북도,청주시,-0.8462965182047473,0.47740656166591894,-2.0662467802654585,-0.7845109066634998,-0.8049119108669466,-0.21157412955118682,0.11935164041647973,-0.5165616950663646,-0.19612772666587494,4.383009648180501,복합형,과다
충청북도,충주시,-0.4883358011327659,0.04014815500210349,-1.3174622490227346,-1.1159709554357395,-0.7204052126472842,-0.12208395028319148,0.010037038750525872,-0.32936556225568364,-0.2789927388589349,-3.30283347761734,노출도-우세형,적정
