법정동코드,법정동명,레벨,등장연도,행수
4713031028,경상북도 경주시 양북면 봉길리,동,"[2016, 2017, 2018, 2019, 2020, 2021]",27629
3171033022,울산광역시 울주군 청량면 동천리,동,"[2016, 2017, 2018]",24301
3171033025,울산광역시 울주군 청량면 중리,동,"[2016, 2017, 2018]",22723
4513033022,전라북도 군산시 임피면 축산리,동,"[2017, 2018, 2019, 2020, 2021]",18486
3171033021,울산광역시 울주군 청량면 덕하리,동,"[2016, 2017, 2018]",12648
4719035022,경상북도 구미시 산동면 도중리,동,"[2016, 2017, 2018, 2019, 2020, 2021]",12627
4719035027,경상북도 구미시 산동면 임천리,동,"[2016, 2017, 2018, 2019, 2020, 2021]",11314
4719035029,경상북도 구미시 산동면 백현리,동,"[2016, 2017, 2018, 2019, 2020, 2021]",10647
4511113600,전라북도 전주시 완산구 용복동,동,"[2019, 2020, 2021, 2022]",10257
4513033024,전라북도 군산시 임피면 보석리,동,"[2016, 2017, 2018, 2019, 2020]",10117
3171033028,울산광역시 울주군 청량면 율리,동,"[2016, 2017, 2018]",9770
3171033029,울산광역시 울주군 청량면 용암리,동,"[2016, 2017, 2018]",8510
4719035021,경상북도 구미시 산동면 동곡리,동,"[2016, 2017, 2018, 2019, 2020, 2021]",8109
3171033026,울산광역시 울주군 청량면 문죽리,동,"[2016, 2017, 2018]",7793
4713031026,경상북도 경주시 양북면 구길리,동,"[2017, 2018, 2019, 2020, 2021]",7537
3171033023,울산광역시 울주군 청량면 상남리,동,"[2016, 2017, 2018]",7080
4613015100,전라남도 여수시 호명동,동,"[2016, 2017, 2018, 2020, 2021, 2022]",6775
4719035028,경상북도 구미시 산동면 인덕리,동,"[2016, 2017, 2018, 2019, 2020, 2021]",6469
4613015000,전라남도 여수시 상암동,동,"[2016, 2017, 2018, 2019, 2020, 2021, 2022]",6403
3171033027,울산광역시 울주군 청량면 삼정리,동,"[2016, 2017, 2018]",5936
4617038027,전라남도 나주시 노안면 안산리,동,"[2016, 2017]",5817
4613032000,전라남도 여수시 율촌면,동,"[2017, 2018, 2021, 2022]",5803
4719035024,경상북도 구미시 산동면 성수리,동,"[2016, 2017, 2018, 2019, 2020, 2021]",5797
4615031000,전라남도 순천시 해룡면,동,"[2021, 2022]",5694
3171033024,울산광역시 울주군 청량면 개곡리,동,"[2016, 2017, 2018]",5430
4613014400,전라남도 여수시 중흥동,동,"[2016, 2017, 2018, 2020, 2021, 2022]",5377
4513038025,전라북도 군산시 나포면 부곡리,동,"[2016, 2017, 2018, 2020, 2021]",5114
4719035023,경상북도 구미시 산동면 적림리,동,"[2016, 2017, 2018, 2019, 2020, 2021]",5046
4617039028,전라남도 나주시 금천면 석전리,동,[2016],5026
4623033023,전라남도 광양시 옥곡면 묵백리,동,"[2016, 2017, 2018, 2019, 2020, 2021]",4979
4613031000,전라남도 여수시 소라면,동,"[2017, 2018, 2021, 2022]",4973
4613031025,전라남도 여수시 소라면 복산리,동,"[2016, 2017, 2018, 2020, 2021]",4549
4513033021,전라북도 군산시 임피면 읍내리,동,"[2016, 2017, 2018, 2019, 2020, 2021]",4544
4513031024,전라북도 군산시 옥산면 당북리,동,"[2016, 2017, 2018, 2019, 2020]",4537
4615033028,전라남도 순천시 황전면 내구리,동,"[2016, 2019, 2020, 2021]",4395
4713031000,경상북도 경주시 양북면,동,[2021],4380
4615031031,전라남도 순천시 해룡면 용전리,동,"[2016, 2017, 2018, 2019, 2020, 2021, 2023]",4273
4513035026,전라북도 군산시 대야면 죽산리,동,"[2017, 2018, 2019, 2020]",4243
4613032022,전라남도 여수시 율촌면 월산리,동,"[2016, 2017, 2018, 2019, 2020, 2021, 2022, 2023]",4174
4513040021,전라북도 군산시 옥서면 옥봉리,동,"[2017, 2018, 2019, 2021]",4086
4513033023,전라북도 군산시 임피면 미원리,동,"[2016, 2017, 2018, 2019, 2020, 2021]",4015
4161036024,경기도 광주시 중부면 상번천리,동,"[2016, 2017]",3987
4615013200,전라남도 순천시 왕지동,동,"[2016, 2017, 2019, 2020, 2021, 2022]",3949
4615031030,전라남도 순천시 해룡면 호두리,동,"[2016, 2017, 2018, 2019, 2020, 2021]",3939
2920013400,광주광역시 광산구 임곡동,동,"[2016, 2019, 2020, 2021, 2022, 2023]",3836
4513034022,전라북도 군산시 서수면 축동리,동,"[2017, 2018, 2020, 2021]",3736
4161025026,경기도 광주시 오포읍 매산리,동,"[2016, 2017, 2018, 2019, 2020, 2021]",3677
4613014300,전라남도 여수시 평여동,동,"[2016, 2017, 2018, 2020, 2021, 2022]",3601
4613032023,전라남도 여수시 율촌면 산수리,동,"[2016, 2017, 2018, 2020, 2021, 2022, 2023]",3538
4575039022,전라북도 임실군 강진면 부흥리,동,"[2016, 2017, 2018, 2019, 2020, 2021]",3367
4575040027,전라북도 임실군 덕치면 물우리,동,"[2016, 2017, 2018, 2019, 2020, 2021]",3346
2771034026,대구광역시 달성군 옥포면 기세리,동,"[2017, 2018, 2019]",3315
4513014500,전라북도 군산시 미룡동,동,"[2016, 2017, 2018, 2019, 2020, 2021, 2022]",3278
4623035000,전라남도 광양시 진월면,동,"[2021, 2022]",3256
4575031028,전라북도 임실군 청웅면 옥석리,동,"[2016, 2017, 2018, 2019, 2020, 2021]",3229
4613014500,전라남도 여수시 적량동,동,"[2016, 2017, 2018, 2020, 2021, 2022]",3178
4617038031,전라남도 나주시 노안면 금안리,동,"[2016, 2017, 2022]",3119
4615012400,전라남도 순천시 대룡동,동,"[2016, 2017, 2018, 2019, 2020, 2021, 2022]",3098
4613014700,전라남도 여수시 묘도동,동,"[2017, 2020, 2021, 2022]",3008
4575040022,전라북도 임실군 덕치면 사곡리,동,"[2016, 2017, 2018, 2019, 2020, 2021]",3005
4623035027,전라남도 광양시 진월면 신구리,동,"[2016, 2017, 2018, 2019, 2020, 2021]",2968
4613031024,전라남도 여수시 소라면 현천리,동,"[2016, 2017, 2018, 2020, 2021]",2941
4161025021,경기도 광주시 오포읍 고산리,동,"[2016, 2017, 2018, 2019, 2020]",2883
4575040025,전라북도 임실군 덕치면 장암리,동,"[2016, 2017, 2018, 2019, 2020, 2021]",2865
4623035026,전라남도 광양시 진월면 오사리,동,"[2016, 2017, 2018, 2019, 2020, 2021]",2852
4615039000,전라남도 순천시 별량면,동,"[2021, 2022]",2747
2920016300,광주광역시 광산구 대산동,동,"[2020, 2021, 2022, 2023]",2724
2920017000,광주광역시 광산구 선동,동,"[2020, 2021, 2022, 2023]",2695
4671034032,전라남도 담양군 창평면 외동리,동,"[2018, 2019, 2020, 2022, 2023]",2685
4513034021,전라북도 군산시 서수면 서수리,동,"[2016, 2017, 2018, 2019, 2020]",2644
4617038028,전라남도 나주시 노안면 용산리,동,"[2016, 2017]",2638
4719035030,경상북도 구미시 산동면 송산리,동,"[2016, 2017, 2018, 2019, 2020, 2021]",2611
2920016100,광주광역시 광산구 양동,동,"[2021, 2022, 2023]",2610
4161025024,경기도 광주시 오포읍 문형리,동,"[2016, 2017, 2018, 2019, 2020, 2021]",2599
4577032023,전라북도 순창군 동계면 어치리,동,"[2016, 2017, 2018, 2019, 2020, 2021]",2566
4615012700,전라남도 순천시 덕월동,동,"[2016, 2017, 2019, 2020, 2021, 2022]",2560
4161025022,경기도 광주시 오포읍 신현리,동,"[2016, 2017, 2018, 2019, 2020, 2021]",2540
4623035029,전라남도 광양시 진월면 월길리,동,"[2016, 2017, 2018, 2019, 2020, 2021, 2023]",2531
4513037025,전라북도 군산시 성산면 여방리,동,"[2017, 2018, 2019, 2020]",2440
4615031036,전라남도 순천시 해룡면 농주리,동,"[2016, 2017, 2018, 2019, 2020, 2021]",2436
4575040028,전라북도 임실군 덕치면 회문리,동,"[2016, 2017, 2018, 2019, 2020, 2021]",2400
2671031030,부산광역시 기장군 일광면 원리,동,"[2016, 2017, 2018, 2019, 2020, 2021]",2312
4613033000,전라남도 여수시 화양면,동,"[2017, 2018, 2021, 2022]",2267
4713031027,경상북도 경주시 양북면 용당리,동,"[2016, 2017, 2018, 2019, 2020, 2021]",2266
4615033000,전라남도 순천시 황전면,동,"[2018, 2021, 2022]",2156
4613012700,전라남도 여수시 경호동,동,"[2017, 2018, 2019, 2022]",2134
4623025034,전라남도 광양시 광양읍 세풍리,동,"[2016, 2017, 2018, 2019, 2020, 2021]",2107
4513037000,전라북도 군산시 성산면,동,"[2017, 2022]",2069
4617039023,전라남도 나주시 금천면 광암리,동,[2016],2059
4513033000,전라북도 군산시 임피면,동,"[2017, 2022]",2005
4513037024,전라북도 군산시 성산면 도암리,동,"[2017, 2018, 2019, 2020]",1936
2671031033,부산광역시 기장군 일광면 용천리,동,"[2016, 2017, 2018, 2019, 2020, 2021]",1930
4513037022,전라북도 군산시 성산면 둔덕리,동,"[2017, 2018, 2019, 2020]",1921
4518012600,전라북도 정읍시 망제동,동,"[2017, 2018, 2019, 2020, 2021, 2022, 2023]",1856
4623025035,전라남도 광양시 광양읍 덕례리,동,"[2016, 2017, 2018, 2019, 2020, 2021]",1835
4719035025,경상북도 구미시 산동면 신당리,동,"[2016, 2017, 2018, 2019, 2020, 2021]",1807
3171039023,울산광역시 울주군 삼남면 신화리,동,"[2016, 2017, 2018, 2019, 2020, 2021]",1806
4513033026,전라북도 군산시 임피면 월하리,동,"[2018, 2019, 2020]",1799
4615031022,전라남도 순천시 해룡면 신대리,동,"[2016, 2017, 2018, 2019, 2020, 2021]",1794
4623035022,전라남도 광양시 진월면 차사리,동,"[2016, 2017, 2018, 2019, 2020, 2021]",1790
4575040023,전라북도 임실군 덕치면 가곡리,동,"[2016, 2017, 2018, 2019, 2020, 2021]",1772
4615031021,전라남도 순천시 해룡면 복성리,동,"[2016, 2017, 2018, 2019, 2020, 2021]",1762
4615013000,전라남도 순천시 안풍동,동,"[2016, 2017, 2018, 2019, 2020, 2021, 2022]",1762
4615012900,전라남도 순천시 인월동,동,"[2016, 2017, 2018, 2019, 2020, 2021, 2022]",1709
4511113800,전라북도 전주시 완산구 삼천동2가,동,"[2019, 2020, 2021, 2022]",1708
4513034000,전라북도 군산시 서수면,동,"[2017, 2022]",1697
4161025027,경기도 광주시 오포읍 양벌리,동,"[2016, 2017, 2018, 2019, 2020, 2021]",1686
4615031035,전라남도 순천시 해룡면 선학리,동,"[2016, 2017, 2018, 2019, 2020, 2021]",1680
4623033000,전라남도 광양시 옥곡면,동,"[2016, 2021, 2022]",1632
4513015100,전라북도 군산시 산북동,동,"[2017, 2018, 2019, 2020, 2021, 2022]",1631
4613033022,전라남도 여수시 화양면 용주리,동,"[2016, 2017, 2019, 2020, 2021]",1626
4615032000,전라남도 순천시 서면,동,"[2018, 2021, 2022]",1622
4623034022,전라남도 광양시 진상면 섬거리,동,"[2016, 2017, 2018, 2019, 2020, 2021]",1619
4617039022,전라남도 나주시 금천면 고동리,동,[2016],1598
4617037028,전라남도 나주시 문평면 국동리,동,"[2016, 2022, 2023]",1572
4613032027,전라남도 여수시 율촌면 취적리,동,"[2016, 2017, 2018, 2020, 2021, 2022, 2023]",1543
4513038000,전라북도 군산시 나포면,동,"[2017, 2022]",1513
2920016000,광주광역시 광산구 삼거동,동,"[2020, 2021, 2022, 2023]",1494
4617011600,전라남도 나주시 대호동,동,[2016],1478
4575039028,전라북도 임실군 강진면 필봉리,동,"[2016, 2017, 2018, 2019, 2021]",1467
2671031031,부산광역시 기장군 일광면 화전리,동,"[2016, 2017, 2018, 2019, 2020]",1448
4513035027,전라북도 군산시 대야면 보덕리,동,"[2017, 2018, 2019, 2020]",1414
4613032024,전라남도 여수시 율촌면 가장리,동,"[2016, 2019, 2020, 2021, 2022, 2023]",1413
4623034026,전라남도 광양시 진상면 지원리,동,"[2016, 2017, 2018, 2019, 2020, 2021]",1411
4513037027,전라북도 군산시 성산면 창오리,동,"[2017, 2018, 2019, 2020]",1399
4725032025,경상북도 상주시 사벌면 덕가리,동,"[2016, 2017, 2018, 2019, 2020, 2021]",1382
4673037030,전라남도 구례군 산동면 관산리,동,"[2019, 2020, 2021, 2022, 2023]",1377
4613032025,전라남도 여수시 율촌면 봉전리,동,"[2019, 2020, 2021, 2023]",1365
4521025025,전라북도 김제시 만경읍 소토리,동,"[2016, 2017, 2019]",1356
4615034000,전라남도 순천시 월등면,동,"[2021, 2022]",1348
4161025023,경기도 광주시 오포읍 능평리,동,"[2016, 2017, 2018, 2019, 2020]",1344
4577032024,전라북도 순창군 동계면 구미리,동,"[2017, 2018, 2019, 2020, 2021]",1344
4575040021,전라북도 임실군 덕치면 두지리,동,"[2016, 2017, 2018, 2019, 2020, 2021]",1338
2920013300,광주광역시 광산구 두정동,동,"[2019, 2020, 2021, 2022, 2023]",1333
4717033031,경상북도 안동시 서후면 자품리,동,"[2016, 2017]",1331
2671031000,부산광역시 기장군 일광면,동,"[2021, 2022]",1317
4575040024,전라북도 임실군 덕치면 천담리,동,"[2016, 2017, 2018, 2019, 2020, 2021]",1305
4617036035,전라남도 나주시 다시면 신광리,동,[2016],1284
4513036024,전라북도 군산시 개정면 발산리,동,"[2017, 2018, 2019, 2020]",1283
4513037021,전라북도 군산시 성산면 성덕리,동,"[2017, 2018, 2019, 2020]",1272
4513038021,전라북도 군산시 나포면 나포리,동,"[2016, 2017, 2018, 2019, 2020]",1263
4575039023,전라북도 임실군 강진면 갈담리,동,"[2016, 2017, 2018, 2019, 2021]",1260
4617010100,전라남도 나주시 토계동,동,[2016],1243
4725032027,경상북도 상주시 사벌면 묵상리,동,"[2016, 2017, 2019, 2021]",1235
4575040000,전라북도 임실군 덕치면,동,"[2021, 2022]",1233
4615031032,전라남도 순천시 해룡면 도롱리,동,"[2017, 2018, 2019, 2020, 2021]",1212
4615031029,전라남도 순천시 해룡면 신성리,동,"[2016, 2017, 2018, 2019, 2020, 2021]",1189
4613025000,전라남도 여수시 돌산읍,동,"[2017, 2021, 2022]",1185
4822025025,경상남도 통영시 산양읍 삼덕리,동,"[2016, 2017, 2018, 2019, 2020, 2021, 2022, 2023]",1179
4790036048,경상북도 예천군 호명면 황지리,동,"[2017, 2018]",1178
4577031024,전라북도 순창군 인계면 탑리,동,"[2016, 2017, 2018, 2019, 2020, 2021]",1171
4513025000,전라북도 군산시 옥구읍,동,[2022],1166
4613031023,전라남도 여수시 소라면 관기리,동,"[2016, 2019, 2020, 2021]",1153
4513014400,전라북도 군산시 나운동,동,"[2017, 2018, 2019, 2020, 2021, 2022]",1146
4613025029,전라남도 여수시 돌산읍 평사리,동,"[2016, 2017, 2018, 2019, 2020, 2021]",1138
4513038022,전라북도 군산시 나포면 장상리,동,"[2017, 2018, 2019, 2020, 2021]",1135
2771036025,대구광역시 달성군 현풍면 성하리,동,"[2016, 2017, 2018, 2019]",1127
4511113900,전라북도 전주시 완산구 삼천동3가,동,"[2019, 2021, 2022]",1125
4617010300,전라남도 나주시 안창동,동,[2016],1124
4513033027,전라북도 군산시 임피면 영창리,동,"[2018, 2019, 2020]",1113
4161036023,경기도 광주시 중부면 광지원리,동,"[2016, 2017]",1113
4713031024,경상북도 경주시 양북면 송전리,동,"[2017, 2018, 2019, 2020]",1109
4613031026,전라남도 여수시 소라면 사곡리,동,"[2016, 2017, 2018, 2020, 2021]",1104
4577035023,전라북도 순창군 팔덕면 월곡리,동,"[2017, 2018, 2019, 2020]",1102
4161025000,경기도 광주시 오포읍,동,"[2021, 2022]",1092
4623034021,전라남도 광양시 진상면 금이리,동,"[2016, 2017, 2018, 2019, 2020, 2021]",1086
4513038024,전라북도 군산시 나포면 주곡리,동,"[2016, 2017, 2018, 2020, 2021]",1085
4613014600,전라남도 여수시 월내동,동,"[2017, 2018, 2020, 2021, 2022]",1085
4615013300,전라남도 순천시 조례동,동,"[2016, 2017, 2018, 2019, 2020, 2021, 2022]",1082
4513025021,전라북도 군산시 옥구읍 옥정리,동,"[2017, 2018, 2019, 2020]",1070
4615038027,전라남도 순천시 낙안면 검암리,동,"[2017, 2018, 2019, 2020, 2021]",1058
4623033022,전라남도 광양시 옥곡면 대죽리,동,"[2016, 2017, 2018, 2019, 2020, 2021]",1052
4623033024,전라남도 광양시 옥곡면 신금리,동,"[2016, 2017, 2018, 2019, 2020, 2021]",1049
2920015900,광주광역시 광산구 오운동,동,"[2020, 2021, 2022, 2023]",1045
4513025022,전라북도 군산시 옥구읍 상평리,동,"[2017, 2018, 2019, 2020]",1024
4575037023,전라북도 임실군 삼계면 세심리,동,"[2017, 2018, 2019, 2020, 2021]",1016
4521039022,전라북도 김제시 청하면 장산리,동,"[2016, 2018, 2019, 2020]",1013
4514033022,전라북도 익산시 함라면 금성리,동,"[2016, 2017, 2020, 2021, 2022, 2023]",1001
4513031022,전라북도 군산시 옥산면 남내리,동,"[2017, 2018, 2019, 2020]",996
4623035023,전라남도 광양시 진월면 마룡리,동,"[2016, 2017, 2018, 2019, 2020, 2021]",994
4719035026,경상북도 구미시 산동면 봉산리,동,"[2016, 2017, 2018, 2019, 2020, 2021]",973
4513014300,전라북도 군산시 지곡동,동,"[2017, 2018, 2019, 2020, 2022]",963
2920013200,광주광역시 광산구 신룡동,동,"[2016, 2019, 2020, 2021, 2022, 2023]",954
4613033023,전라남도 여수시 화양면 창무리,동,"[2019, 2020, 2021]",953
4613013900,전라남도 여수시 봉계동,동,"[2016, 2017, 2018, 2020, 2021, 2022]",952
4513037028,전라북도 군산시 성산면 산곡리,동,"[2017, 2018, 2019, 2020]",949
4615032030,전라남도 순천시 서면 구상리,동,"[2016, 2017, 2019, 2020, 2021]",947
4577038028,전라북도 순창군 적성면 석산리,동,"[2016, 2017, 2018, 2019, 2020, 2021]",937
4511113500,전라북도 전주시 완산구 중인동,동,"[2019, 2020, 2021, 2022]",934
4623035030,전라남도 광양시 진월면 진정리,동,"[2016, 2017, 2018, 2019, 2020, 2021]",928
4575037024,전라북도 임실군 삼계면 학정리,동,"[2017, 2018, 2019, 2020, 2021]",922
4513037023,전라북도 군산시 성산면 고봉리,동,"[2017, 2018, 2019, 2020]",919
4615031027,전라남도 순천시 해룡면 성산리,동,"[2016, 2017, 2018, 2019, 2020, 2021]",915
4613031028,전라남도 여수시 소라면 대포리,동,"[2016, 2017, 2018, 2019, 2020, 2021]",910
4513013800,전라북도 군산시 내흥동,동,"[2017, 2018, 2019, 2020, 2022]",908
4615031028,전라남도 순천시 해룡면 선월리,동,"[2016, 2017, 2018, 2019, 2020, 2021]",891
4577035024,전라북도 순창군 팔덕면 광암리,동,"[2017, 2018, 2019, 2020, 2021]",883
4615031025,전라남도 순천시 해룡면 남가리,동,"[2016, 2017, 2018, 2019, 2020]",857
4513036025,전라북도 군산시 개정면 통사리,동,"[2017, 2018, 2019, 2020]",851
4613012300,전라남도 여수시 둔덕동,동,"[2016, 2017, 2018, 2019, 2020, 2021, 2022]",839
2671031021,부산광역시 기장군 일광면 삼성리,동,"[2016, 2017, 2018, 2019, 2020]",833
4575039024,전라북도 임실군 강진면 회진리,동,"[2016, 2017, 2018, 2019, 2021]",815
4161036026,경기도 광주시 중부면 오전리,동,"[2016, 2017]",811
2671031029,부산광역시 기장군 일광면 청광리,동,"[2016, 2017, 2018, 2020]",808
4513025023,전라북도 군산시 옥구읍 이곡리,동,"[2017, 2018, 2019, 2020]",804
3171039021,울산광역시 울주군 삼남면 교동리,동,"[2016, 2017, 2018, 2019, 2020]",800
4615012800,전라남도 순천시 야흥동,동,"[2016, 2017, 2018, 2019, 2020, 2021, 2022]",773
3171039025,울산광역시 울주군 삼남면 가천리,동,"[2016, 2017, 2018, 2019, 2020]",771
4513038023,전라북도 군산시 나포면 옥곤리,동,"[2016, 2017, 2018, 2020, 2021]",768
4579032034,전라북도 고창군 아산면 구암리,동,"[2016, 2017]",767
4615013100,전라남도 순천시 대대동,동,"[2016, 2017, 2018, 2019, 2020, 2021, 2022]",764
4688025000,전라남도 장성군 장성읍,동,"[2021, 2022]",761
4615031026,전라남도 순천시 해룡면 월전리,동,"[2016, 2017, 2018, 2019, 2020, 2021]",761
4617039021,전라남도 나주시 금천면 오강리,동,[2016],759
4146136028,경기도 용인시 처인구 양지면 대대리,동,"[2016, 2017, 2018, 2019, 2020, 2022, 2023]",751
4518033021,전라북도 정읍시 소성면 주천리,동,"[2018, 2019, 2020, 2021, 2022]",747
4615032029,전라남도 순천시 서면 압곡리,동,"[2017, 2019, 2020, 2021, 2022]",747
4623034023,전라남도 광양시 진상면 비평리,동,"[2016, 2017, 2018, 2019, 2020, 2021, 2023]",735
2920013900,광주광역시 광산구 유계동,동,"[2016, 2023]",732
4617037029,전라남도 나주시 문평면 옥당리,동,[2016],716
4615031034,전라남도 순천시 해룡면 해창리,동,"[2016, 2017, 2018, 2019, 2020, 2021]",713
4615039028,전라남도 순천시 별량면 대곡리,동,"[2017, 2018, 2019, 2020, 2021]",712
4623035028,전라남도 광양시 진월면 송금리,동,"[2017, 2018, 2019, 2020, 2021, 2023]",708
4617013400,전라남도 나주시 빛가람동,동,[2016],701
4615011100,전라남도 순천시 조곡동,동,"[2016, 2017, 2018, 2019, 2020, 2021]",679
4623034027,전라남도 광양시 진상면 청암리,동,"[2016, 2017, 2018, 2019, 2020, 2021]",679
4513037026,전라북도 군산시 성산면 대명리,동,"[2016, 2017, 2018, 2019, 2020]",677
2671031022,부산광역시 기장군 일광면 이천리,동,"[2016, 2017, 2018, 2019, 2020]",676
4577031026,전라북도 순창군 인계면 세룡리,동,"[2016, 2017, 2018, 2019, 2020, 2021]",668
4615039037,전라남도 순천시 별량면 금치리,동,"[2016, 2018, 2019, 2020, 2021]",667
4623035025,전라남도 광양시 진월면 신아리,동,"[2016, 2018, 2019, 2020, 2021]",664
4725032024,경상북도 상주시 사벌면 목가리,동,"[2016, 2017, 2018, 2019, 2020]",662
4513038026,전라북도 군산시 나포면 서포리,동,"[2017, 2018, 2019, 2020, 2021]",659
4617039031,전라남도 나주시 금천면 원곡리,동,[2016],653
2920011100,광주광역시 광산구 박호동,동,"[2021, 2022, 2023]",648
4513036000,전라북도 군산시 개정면,동,[2022],646
4615040000,전라남도 순천시 상사면,동,"[2021, 2022]",641
4511113200,전라북도 전주시 완산구 평화동1가,동,"[2020, 2021, 2022]",632
4613013800,전라남도 여수시 주삼동,동,"[2016, 2018, 2020, 2021, 2022]",627
4617010200,전라남도 나주시 송월동,동,[2016],619
4577031025,전라북도 순창군 인계면 심초리,동,"[2016, 2017, 2018, 2019, 2020]",619
4617010800,전라남도 나주시 경현동,동,[2016],613
4684033032,전라남도 무안군 청계면 송현리,동,"[2016, 2019, 2020]",600
2771034028,대구광역시 달성군 옥포면 김흥리,동,"[2017, 2018, 2019]",584
4623025000,전라남도 광양시 광양읍,동,"[2021, 2022]",582
4713031021,경상북도 경주시 양북면 어일리,동,"[2016, 2017, 2018, 2019, 2020]",578
4615038000,전라남도 순천시 낙안면,동,"[2021, 2022]",578
4513014900,전라북도 군산시 신관동,동,"[2016, 2017, 2018, 2019, 2020, 2022]",576
4615039031,전라남도 순천시 별량면 동송리,동,"[2016, 2017, 2018, 2019, 2020, 2021]",570
4671034023,전라남도 담양군 창평면 용수리,동,"[2017, 2018, 2019, 2020, 2021, 2022, 2023]",566
4713031023,경상북도 경주시 양북면 두산리,동,"[2016, 2017, 2018, 2019, 2020, 2021]",558
4613014900,전라남도 여수시 신덕동,동,"[2016, 2020, 2021, 2022]",554
2771036028,대구광역시 달성군 현풍면 오산리,동,"[2016, 2017, 2018, 2019]",550
4161036022,경기도 광주시 중부면 엄미리,동,"[2016, 2017]",546
2920013700,광주광역시 광산구 사호동,동,"[2021, 2022, 2023]",533
4513036023,전라북도 군산시 개정면 아산리,동,"[2017, 2018, 2019, 2020]",532
4513032024,전라북도 군산시 회현면 세장리,동,"[2017, 2018, 2019]",527
2914013200,광주광역시 서구 매월동,동,"[2016, 2017, 2019, 2020, 2021]",527
4613032026,전라남도 여수시 율촌면 반월리,동,"[2019, 2020, 2021]",523
4146131021,경기도 용인시 처인구 모현면 왕산리,동,"[2016, 2017, 2018]",513
4518012400,전라북도 정읍시 용계동,동,"[2017, 2018, 2019, 2020, 2021, 2022, 2023]",509
4613032029,전라남도 여수시 율촌면 상봉리,동,"[2020, 2021, 2022, 2023]",507
4623010100,전라남도 광양시 황금동,동,"[2016, 2017, 2020, 2021, 2022]",507
4579042029,전라북도 고창군 신림면 자포리,동,[2016],505
4617012200,전라남도 나주시 삼도동,동,[2016],503
4161036025,경기도 광주시 중부면 하번천리,동,"[2016, 2017]",502
2915512800,광주광역시 남구 대지동,동,[2016],501
4577032000,전라북도 순창군 동계면,동,"[2021, 2022]",500
4615031024,전라남도 순천시 해룡면 대안리,동,"[2016, 2017, 2018, 2019, 2020]",490
4513014700,전라북도 군산시 오식도동,동,"[2017, 2018, 2019, 2021, 2022]",488
4615011000,전라남도 순천시 용당동,동,"[2016, 2017, 2018, 2019, 2020, 2021, 2022, 2023]",485
4615031037,전라남도 순천시 해룡면 상내리,동,"[2017, 2018, 2019, 2020, 2021]",481
4615039026,전라남도 순천시 별량면 쌍림리,동,"[2016, 2018, 2019, 2020, 2021]",478
2920013500,광주광역시 광산구 광산동,동,"[2016, 2021, 2023]",476
4615033034,전라남도 순천시 황전면 모전리,동,"[2016, 2017, 2019, 2020, 2021]",472
4613025023,전라남도 여수시 돌산읍 금성리,동,"[2019, 2021]",471
4577025024,전라북도 순창군 순창읍 복실리,동,"[2017, 2018, 2019, 2020, 2021]",469
4513025025,전라북도 군산시 옥구읍 오곡리,동,"[2017, 2018, 2019, 2020, 2021]",467
2915512500,광주광역시 남구 신장동,동,[2016],464
4521041025,전라북도 김제시 진봉면 심포리,동,"[2016, 2017, 2019, 2021]",463
4513034023,전라북도 군산시 서수면 관원리,동,"[2016, 2017, 2018, 2019, 2020]",463
4623036000,전라남도 광양시 다압면,동,"[2021, 2022]",460
4513033025,전라북도 군산시 임피면 술산리,동,"[2017, 2018, 2019, 2020]",445
4615032023,전라남도 순천시 서면 구만리,동,"[2016, 2019, 2020, 2021]",442
4784035000,경상북도 성주군 금수면,동,"[2021, 2022]",438
4613013100,전라남도 여수시 소호동,동,"[2016, 2017, 2019, 2020, 2021, 2022]",436
4521039023,전라북도 김제시 청하면 대청리,동,"[2016, 2018, 2019]",435
4579037022,전라북도 고창군 성송면 하고리,동,[2017],431
4511312700,전라북도 전주시 덕진구 원동,동,[2021],429
2920016200,광주광역시 광산구 내산동,동,"[2021, 2022, 2023]",429
4514025024,전라북도 익산시 함열읍 석매리,동,"[2016, 2017, 2018, 2019, 2020]",426
4617010900,전라남도 나주시 보산동,동,[2016],424
4617025036,전라남도 나주시 남평읍 평산리,동,[2016],422
4513032025,전라북도 군산시 회현면 고사리,동,"[2017, 2018, 2019, 2020]",419
4161025025,경기도 광주시 오포읍 추자리,동,"[2016, 2017, 2018, 2019, 2020]",409
4513014600,전라북도 군산시 소룡동,동,"[2017, 2018, 2019, 2020, 2021, 2022]",409
4617039024,전라남도 나주시 금천면 신천리,동,[2016],405
4613031022,전라남도 여수시 소라면 죽림리,동,"[2018, 2020, 2021]",402
4613031027,전라남도 여수시 소라면 봉두리,동,"[2017, 2018, 2019, 2020, 2021]",401
4686035023,전라남도 함평군 대동면 백호리,동,[2016],397
4513025027,전라북도 군산시 옥구읍 어은리,동,"[2017, 2018, 2019, 2020]",396
4613012200,전라남도 여수시 미평동,동,"[2016, 2017, 2019, 2020, 2021, 2022]",390
4673037035,전라남도 구례군 산동면 탑정리,동,"[2019, 2020, 2021, 2022, 2023]",387
4617039029,전라남도 나주시 금천면 촌곡리,동,[2016],385
4146131022,경기도 용인시 처인구 모현면 갈담리,동,[2017],384
4613033021,전라남도 여수시 화양면 나진리,동,"[2016, 2017, 2019, 2020, 2021]",382
4615033026,전라남도 순천시 황전면 황학리,동,"[2016, 2019, 2020, 2021]",381
4613031021,전라남도 여수시 소라면 덕양리,동,"[2016, 2017, 2018, 2019, 2020, 2021]",380
4513032022,전라북도 군산시 회현면 금광리,동,"[2017, 2018, 2019, 2020]",376
4725032026,경상북도 상주시 사벌면 용담리,동,"[2017, 2019, 2020]",370
4688031000,전라남도 장성군 진원면,동,[2021],367
4575039000,전라북도 임실군 강진면,동,"[2018, 2021, 2022]",364
4617011400,전라남도 나주시 성북동,동,[2016],364
2771034027,대구광역시 달성군 옥포면 반송리,동,"[2017, 2018, 2019]",361
4513025026,전라북도 군산시 옥구읍 선제리,동,"[2017, 2018, 2019, 2020, 2021]",357
4573032030,전라북도 무주군 설천면 삼공리,동,[2018],356
4571036026,전라북도 완주군 고산면 화정리,동,"[2022, 2023]",354
4725032031,경상북도 상주시 사벌면 퇴강리,동,"[2016, 2017, 2019, 2020, 2021]",353
4615039024,전라남도 순천시 별량면 덕정리,동,"[2016, 2017, 2018, 2019, 2020, 2021]",349
4623034000,전라남도 광양시 진상면,동,"[2021, 2022]",342
4617013300,전라남도 나주시 진포동,동,[2016],342
4577025021,전라북도 순창군 순창읍 순화리,동,"[2018, 2019, 2020, 2021]",340
4575037021,전라북도 임실군 삼계면 후천리,동,"[2018, 2021]",340
4513013700,전라북도 군산시 구암동,동,"[2017, 2018, 2019, 2020, 2022]",339
4521041021,전라북도 김제시 진봉면 고사리,동,"[2016, 2017, 2019]",336
4513032026,전라북도 군산시 회현면 학당리,동,"[2017, 2018, 2019, 2020]",333
4518012300,전라북도 정읍시 흑암동,동,"[2017, 2018, 2019, 2020, 2021, 2022]",322
4623025026,전라남도 광양시 광양읍 초남리,동,"[2020, 2021]",322
4161036027,경기도 광주시 중부면 불당리,동,"[2016, 2017]",319
3171039022,울산광역시 울주군 삼남면 상천리,동,"[2016, 2017, 2018, 2019, 2020, 2021]",316
2914012600,광주광역시 서구 세하동,동,"[2016, 2017, 2019, 2021]",314
4623010300,전라남도 광양시 도이동,동,"[2016, 2017, 2018, 2020, 2021, 2022]",313
4623035024,전라남도 광양시 진월면 선소리,동,"[2016, 2017, 2018, 2019, 2020, 2021]",313
4623033021,전라남도 광양시 옥곡면 원월리,동,"[2016, 2017, 2018, 2019, 2020]",312
4623035021,전라남도 광양시 진월면 망덕리,동,"[2016, 2017, 2018, 2019, 2020, 2021]",312
4613033025,전라남도 여수시 화양면 옥적리,동,"[2016, 2017, 2019, 2020, 2021]",312
4671034024,전라남도 담양군 창평면 유천리,동,"[2019, 2020, 2022, 2023]",306
4575037000,전라북도 임실군 삼계면,동,"[2021, 2022]",305
4146131026,경기도 용인시 처인구 모현면 동림리,동,"[2016, 2017]",303
4577031023,전라북도 순창군 인계면 쌍암리,동,"[2016, 2017, 2018, 2019, 2020, 2021]",301
4513036021,전라북도 군산시 개정면 아동리,동,"[2017, 2019, 2020]",301
4577035022,전라북도 순창군 팔덕면 용산리,동,"[2017, 2018, 2019, 2020]",298
2771034029,대구광역시 달성군 옥포면 본리리,동,"[2016, 2017, 2018]",298
4617011500,전라남도 나주시 중앙동,동,[2016],295
4713031032,경상북도 경주시 양북면 와읍리,동,"[2017, 2018, 2019]",294
4513032027,전라북도 군산시 회현면 원우리,동,"[2017, 2018, 2019]",294
4513031021,전라북도 군산시 옥산면 옥산리,동,"[2017, 2018, 2019, 2020]",292
4519011500,전라북도 남원시 산곡동,동,"[2020, 2021, 2022]",289
4513031025,전라북도 군산시 옥산면 금성리,동,"[2017, 2018, 2019, 2020]",288
4617010600,전라남도 나주시 서내동,동,[2016],287
4519011200,전라북도 남원시 용정동,동,"[2020, 2021, 2022]",287
4615031033,전라남도 순천시 해룡면 중흥리,동,"[2017, 2018, 2019, 2020]",286
4513013400,전라북도 군산시 조촌동,동,"[2017, 2018, 2019, 2020, 2022]",286
4617010700,전라남도 나주시 산정동,동,[2016],286
4613025025,전라남도 여수시 돌산읍 죽포리,동,"[2017, 2018, 2019, 2020, 2021]",281
4518025027,전라북도 정읍시 신태인읍 연정리,동,"[2017, 2018, 2019]",280
4514033021,전라북도 익산시 함라면 함열리,동,"[2016, 2017, 2021, 2022, 2023]",279
4514036028,전라북도 익산시 용안면 난포리,동,"[2016, 2017, 2020]",278
2915512200,광주광역시 남구 화장동,동,[2016],276
4623032000,전라남도 광양시 옥룡면,동,"[2021, 2022]",273
2915513000,광주광역시 남구 월성동,동,[2016],272
4613013500,전라남도 여수시 선원동,동,"[2016, 2017, 2019, 2020, 2021, 2022]",271
4617010400,전라남도 나주시 삼영동,동,[2016],271
2671031024,부산광역시 기장군 일광면 동백리,동,"[2016, 2017, 2018, 2019, 2020]",269
4577040029,전라북도 순창군 구림면 방화리,동,"[2018, 2019]",266
4615034025,전라남도 순천시 월등면 운월리,동,"[2018, 2019, 2020, 2021]",266
4617040029,전라남도 나주시 산포면 덕례리,동,[2016],262
4514042000,전라북도 익산시 춘포면,동,[2022],261
2671031028,부산광역시 기장군 일광면 문동리,동,"[2017, 2018, 2019, 2020]",261
4521034029,전라북도 김제시 용지면 부교리,동,"[2019, 2020, 2021, 2022, 2023]",260
4521034000,전라북도 김제시 용지면,동,"[2021, 2022]",259
4577032025,전라북도 순창군 동계면 동심리,동,"[2016, 2018, 2019, 2020, 2021]",259
4673037000,전라남도 구례군 산동면,동,"[2021, 2022]",259
4513031023,전라북도 군산시 옥산면 쌍봉리,동,"[2017, 2018, 2019]",258
2920013800,광주광역시 광산구 하산동,동,"[2016, 2023]",256
4577031027,전라북도 순창군 인계면 마흘리,동,"[2016, 2017, 2018, 2019, 2021]",256
4521025022,전라북도 김제시 만경읍 장산리,동,"[2016, 2017, 2020]",253
4577031022,전라북도 순창군 인계면 도룡리,동,"[2016, 2017, 2018, 2019, 2020, 2021]",253
4513014000,전라북도 군산시 사정동,동,"[2017, 2018, 2019, 2020, 2022]",252
4146136029,경기도 용인시 처인구 양지면 주북리,동,"[2016, 2017, 2018, 2019, 2020, 2022, 2023]",251
4615038025,전라남도 순천시 낙안면 상송리,동,"[2016, 2017, 2018, 2019, 2020, 2021]",250
4146136030,경기도 용인시 처인구 양지면 송문리,동,"[2018, 2019, 2020, 2022, 2023]",249
4615040021,전라남도 순천시 상사면 흘산리,동,"[2019, 2020, 2021]",248
4518034033,전라북도 정읍시 고부면 만수리,동,"[2020, 2021, 2022, 2023]",244
4146131025,경기도 용인시 처인구 모현면 매산리,동,[2017],242
4513015200,전라북도 군산시 내초동,동,"[2017, 2018, 2019, 2021, 2022]",240
4713031025,경상북도 경주시 양북면 죽전리,동,"[2017, 2018, 2019, 2020]",239
4613025028,전라남도 여수시 돌산읍 둔전리,동,"[2017, 2018, 2019, 2020, 2021]",239
4575037022,전라북도 임실군 삼계면 봉현리,동,"[2018, 2020, 2021]",239
2920012900,광주광역시 광산구 등임동,동,"[2020, 2021, 2022, 2023]",239
4672037030,전라남도 곡성군 옥과면 합강리,동,"[2020, 2021, 2023]",239
4575031027,전라북도 임실군 청웅면 남산리,동,"[2016, 2019, 2020, 2021]",238
4577038000,전라북도 순창군 적성면,동,"[2021, 2022]",238
4615038033,전라남도 순천시 낙안면 용능리,동,"[2016, 2019, 2020, 2021]",238
4613032028,전라남도 여수시 율촌면 신풍리,동,"[2016, 2017, 2018, 2019, 2020, 2021]",235
4613025026,전라남도 여수시 돌산읍 서덕리,동,"[2018, 2019, 2020, 2021]",233
4613032021,전라남도 여수시 율촌면 조화리,동,"[2016, 2017, 2018, 2019, 2020, 2021, 2023]",233
4615039025,전라남도 순천시 별량면 우산리,동,"[2016, 2017, 2018, 2019, 2020, 2021]",232
4513036022,전라북도 군산시 개정면 운회리,동,"[2017, 2018, 2019, 2020]",228
4580025028,전라북도 부안군 부안읍 연곡리,동,[2020],227
4514033023,전라북도 익산시 함라면 신대리,동,"[2016, 2017, 2022]",227
4513025024,전라북도 군산시 옥구읍 수산리,동,"[2017, 2018, 2019, 2020, 2021]",226
4514034021,전라북도 익산시 웅포면 입점리,동,"[2016, 2017, 2018, 2019]",225
4519034021,전라북도 남원시 주생면 상동리,동,"[2022, 2023]",223
4514012800,전라북도 익산시 덕기동,동,"[2022, 2023]",220
4613011800,전라남도 여수시 신월동,동,"[2016, 2017, 2018, 2019, 2020, 2021, 2023]",220
4521034022,전라북도 김제시 용지면 예촌리,동,"[2019, 2020, 2021, 2022, 2023]",218
4615040030,전라남도 순천시 상사면 오곡리,동,"[2019, 2020]",216
4615025028,전라남도 순천시 승주읍 월계리,동,"[2016, 2017, 2020, 2021]",209
4513031000,전라북도 군산시 옥산면,동,[2022],208
4513035000,전라북도 군산시 대야면,동,[2022],207
2920017100,광주광역시 광산구 지산동,동,"[2021, 2022, 2023]",207
4688025029,전라남도 장성군 장성읍 부흥리,동,[2020],205
2920013100,광주광역시 광산구 고룡동,동,"[2016, 2020, 2021, 2022, 2023]",203
4146131027,경기도 용인시 처인구 모현면 능원리,동,"[2016, 2017]",203
4513032021,전라북도 군산시 회현면 월연리,동,"[2018, 2019, 2020]",203
4580025024,전라북도 부안군 부안읍 봉덕리,동,[2020],203
4159025321,경기도 화성시 봉담읍 상리,동,"[2019, 2020]",200
4159025336,경기도 화성시 봉담읍 상기리,동,"[2017, 2019, 2020, 2022]",199
4514037027,전라북도 익산시 낭산면 용기리,동,"[2016, 2017, 2018, 2019, 2020]",198
4617037031,전라남도 나주시 문평면 학동리,동,[2016],196
2671031025,부산광역시 기장군 일광면 문중리,동,"[2016, 2017, 2018, 2019, 2020]",196
4514035024,전라북도 익산시 성당면 갈산리,동,"[2016, 2017]",194
4691025300,전라남도 신안군 압해읍,동,[2017],193
4790036047,경상북도 예천군 호명면 직산리,동,"[2017, 2018, 2019, 2020]",193
4613014100,전라남도 여수시 화치동,동,"[2016, 2020, 2021, 2022]",191
4575039021,전라북도 임실군 강진면 백련리,동,"[2016, 2017, 2018, 2019]",190
4613013700,전라남도 여수시 화장동,동,"[2016, 2017, 2019, 2020, 2021, 2022]",190
4514032023,전라북도 익산시 황등면 죽촌리,동,"[2016, 2017, 2019, 2020, 2022]",190
4577031021,전라북도 순창군 인계면 갑동리,동,"[2018, 2019, 2020, 2021]",189
4161036028,경기도 광주시 중부면 검복리,동,"[2016, 2017]",188
2920014400,광주광역시 광산구 송대동,동,[2016],188
4146131023,경기도 용인시 처인구 모현면 초부리,동,"[2016, 2017]",187
4521034031,전라북도 김제시 용지면 용수리,동,"[2019, 2020, 2021, 2022, 2023]",187
4521034025,전라북도 김제시 용지면 와룡리,동,"[2016, 2019, 2020, 2021, 2023]",185
2914012500,광주광역시 서구 서창동,동,"[2016, 2017, 2019, 2020, 2021]",183
4623031000,전라남도 광양시 봉강면,동,"[2021, 2022]",183
2920014600,광주광역시 광산구 월전동,동,[2016],182
4617012300,전라남도 나주시 영산동,동,[2016],181
4511113300,전라북도 전주시 완산구 평화동2가,동,"[2020, 2021]",181
4615031023,전라남도 순천시 해룡면 상삼리,동,"[2016, 2017, 2019, 2021]",181
4575039025,전라북도 임실군 강진면 용수리,동,"[2016, 2018, 2019, 2021]",179
3171039024,울산광역시 울주군 삼남면 방기리,동,"[2016, 2017, 2018, 2019, 2020]",178
4615011700,전라남도 순천시 인제동,동,"[2016, 2020, 2021, 2022]",178
4513036026,전라북도 군산시 개정면 옥석리,동,"[2017, 2018, 2019, 2020]",178
4617011300,전라남도 나주시 과원동,동,[2016],178
4615038031,전라남도 순천시 낙안면 신기리,동,"[2016, 2017, 2019]",175
4575039029,전라북도 임실군 강진면 학석리,동,"[2017, 2019]",174
4514025021,전라북도 익산시 함열읍 와리,동,"[2016, 2017, 2019, 2020]",173
4615033033,전라남도 순천시 황전면 대치리,동,"[2016, 2017, 2019, 2020, 2021]",172
4518033026,전라북도 정읍시 소성면 고교리,동,"[2020, 2021, 2022]",171
4613011700,전라남도 여수시 국동,동,"[2016, 2018, 2019, 2020, 2021, 2022, 2023]",171
4521034030,전라북도 김제시 용지면 신정리,동,"[2016, 2019, 2020, 2021, 2023]",171
4615035000,전라남도 순천시 주암면,동,"[2021, 2022]",170
4521034021,전라북도 김제시 용지면 구암리,동,"[2016, 2019, 2020, 2021]",169
2915512400,광주광역시 남구 석정동,동,[2016],167
4573031028,전라북도 무주군 무풍면 삼거리,동,[2018],166
4575031024,전라북도 임실군 청웅면 옥전리,동,"[2017, 2018]",162
4615038021,전라남도 순천시 낙안면 동내리,동,"[2017, 2019, 2020, 2021]",162
4613025027,전라남도 여수시 돌산읍 금봉리,동,"[2017, 2018, 2019, 2020, 2021]",161
4577035025,전라북도 순창군 팔덕면 청계리,동,"[2019, 2021]",160
4511114500,전라북도 전주시 완산구 상림동,동,[2022],160
2920011700,광주광역시 광산구 산월동,동,[2023],159
2771036029,대구광역시 달성군 현풍면 지리,동,"[2017, 2018, 2019]",159
4686033021,전라남도 함평군 학교면 복천리,동,[2016],157
4615033021,전라남도 순천시 황전면 죽청리,동,"[2017, 2019, 2020, 2021]",157
2914012700,광주광역시 서구 용두동,동,"[2016, 2017, 2019]",157
4514025023,전라북도 익산시 함열읍 흘산리,동,"[2016, 2017, 2018, 2019, 2020]",156
4615032026,전라남도 순천시 서면 운평리,동,"[2016, 2017, 2019, 2020, 2021]",156
2920015600,광주광역시 광산구 도덕동,동,"[2020, 2021, 2022, 2023]",156
4577025000,전라북도 순창군 순창읍,동,"[2021, 2022]",153
4575037025,전라북도 임실군 삼계면 죽계리,동,"[2018, 2019]",152
4580025023,전라북도 부안군 부안읍 선은리,동,[2020],152
4575039030,전라북도 임실군 강진면 방현리,동,"[2016, 2017, 2018, 2019, 2021]",152
4613014800,전라남도 여수시 낙포동,동,"[2016, 2017, 2018, 2019, 2020, 2021, 2022]",151
4521041022,전라북도 김제시 진봉면 정당리,동,"[2016, 2017, 2020]",147
4575040026,전라북도 임실군 덕치면 일중리,동,"[2016, 2017, 2018, 2020, 2021]",146
4146131028,경기도 용인시 처인구 모현면 오산리,동,"[2016, 2017]",146
4513035021,전라북도 군산시 대야면 산월리,동,"[2017, 2018, 2019, 2020]",145
4577031000,전라북도 순창군 인계면,동,"[2021, 2022]",144
4615038028,전라남도 순천시 낙안면 옥산리,동,"[2019, 2020, 2021]",144
4615040029,전라남도 순천시 상사면 비촌리,동,"[2018, 2019, 2020]",143
4521034028,전라북도 김제시 용지면 용암리,동,"[2019, 2020, 2021, 2022, 2023]",143
4615031038,전라남도 순천시 해룡면 하사리,동,"[2016, 2018, 2019, 2020, 2021, 2023]",143
4146132031,경기도 용인시 처인구 남사면 완장리,동,"[2016, 2017, 2018, 2019, 2020, 2021]",138
4518012500,전라북도 정읍시 공평동,동,"[2019, 2020, 2021]",138
4688025028,전라남도 장성군 장성읍 안평리,동,[2020],137
4623025030,전라남도 광양시 광양읍 용강리,동,"[2016, 2019, 2020, 2021]",137
4615011200,전라남도 순천시 생목동,동,"[2016, 2017, 2018, 2019, 2020]",136
4513013900,전라북도 군산시 개정동,동,"[2017, 2018, 2019, 2020, 2022]",135
4577035021,전라북도 순창군 팔덕면 구룡리,동,"[2017, 2018, 2019, 2020]",134
4678025300,전라남도 보성군 벌교읍,동,"[2017, 2018, 2021]",134
4615039027,전라남도 순천시 별량면 학산리,동,"[2017, 2018, 2019, 2020]",134
4514012700,전라북도 익산시 팔봉동,동,"[2016, 2017, 2022, 2023]",132
4577032028,전라북도 순창군 동계면 유산리,동,"[2016, 2018, 2019, 2021]",131
4513040000,전라북도 군산시 옥서면,동,[2022],131
4159025322,경기도 화성시 봉담읍 내리,동,"[2017, 2019, 2020]",129
4511112600,전라북도 전주시 완산구 서서학동,동,"[2020, 2021, 2022]",128
4615011800,전라남도 순천시 저전동,동,"[2020, 2021, 2022]",128
4623032025,전라남도 광양시 옥룡면 죽천리,동,"[2017, 2018, 2019, 2020, 2021]",126
4684033028,전라남도 무안군 청계면 복룡리,동,"[2019, 2020]",126
4514025022,전라북도 익산시 함열읍 남당리,동,"[2016, 2019, 2020]",124
2920014200,광주광역시 광산구 요기동,동,"[2016, 2023]",124
4684033023,전라남도 무안군 청계면 도림리,동,"[2019, 2020]",123
4617010500,전라남도 나주시 교동,동,[2016],123
2771034022,대구광역시 달성군 옥포면 교항리,동,"[2016, 2018, 2019]",122
4623010200,전라남도 광양시 황길동,동,"[2016, 2020, 2021, 2022]",121
4146136021,경기도 용인시 처인구 양지면 양지리,동,"[2017, 2018, 2019, 2020, 2022, 2023]",120
4617036023,전라남도 나주시 다시면 가운리,동,[2016],119
2920014300,광주광역시 광산구 복룡동,동,[2016],118
4514034022,전라북도 익산시 웅포면 웅포리,동,"[2016, 2017, 2018, 2019]",117
4615010400,전라남도 순천시 옥천동,동,"[2020, 2021]",116
4611010100,전라남도 목포시 용당동,동,[2017],115
4513015000,전라북도 군산시 개사동,동,"[2017, 2019, 2020, 2022]",114
4617042022,전라남도 나주시 다도면 송학리,동,"[2016, 2023]",113
4615011600,전라남도 순천시 남정동,동,"[2016, 2020, 2021, 2022]",113
4514037021,전라북도 익산시 낭산면 삼담리,동,"[2016, 2017, 2019]",113
4682034033,전라남도 해남군 송지면 해원리,동,[2019],111
4577040025,전라북도 순창군 구림면 율북리,동,"[2016, 2017, 2018]",111
4613012900,전라남도 여수시 학용동,동,"[2016, 2017, 2019, 2022]",111
4521038027,전라북도 김제시 공덕면 회룡리,동,"[2020, 2022, 2023]",111
2671031027,부산광역시 기장군 일광면 칠암리,동,"[2017, 2018, 2020]",110
4623033025,전라남도 광양시 옥곡면 장동리,동,"[2017, 2018, 2019, 2020]",109
4677038000,전라남도 고흥군 과역면,동,"[2021, 2022]",109
4159040021,경기도 화성시 양감면 신왕리,동,"[2018, 2020, 2022, 2023]",107
4575039026,전라북도 임실군 강진면 옥정리,동,"[2017, 2019, 2021]",107
4514034000,전라북도 익산시 웅포면,동,[2021],107
4613014200,전라남도 여수시 월하동,동,"[2016, 2018, 2020, 2021, 2022]",106
4514025026,전라북도 익산시 함열읍 다송리,동,"[2016, 2017, 2018, 2019, 2020]",106
4513014800,전라북도 군산시 비응도동,동,"[2017, 2018, 2019, 2022]",106
4617038023,전라남도 나주시 노안면 학산리,동,[2016],105
4518033030,전라북도 정읍시 소성면 기린리,동,"[2020, 2021, 2022]",104
4577035000,전라북도 순창군 팔덕면,동,"[2021, 2022]",101
4613012500,전라남도 여수시 만흥동,동,"[2016, 2017, 2021, 2022]",100
4146132022,경기도 용인시 처인구 남사면 북리,동,"[2017, 2019, 2020, 2021]",99
4159013200,경기도 화성시 중동,동,"[2020, 2022]",98
4623025028,전라남도 광양시 광양읍 사곡리,동,"[2016, 2017, 2020, 2021]",98
4514032024,전라북도 익산시 황등면 신성리,동,"[2016, 2017, 2019, 2022, 2023]",98
4686038000,전라남도 함평군 월야면,동,[2021],95
2920014000,광주광역시 광산구 본덕동,동,"[2016, 2022, 2023]",93
4613011500,전라남도 여수시 봉산동,동,"[2017, 2020, 2021, 2022, 2023]",93
4617013000,전라남도 나주시 운곡동,동,[2016],93
4613033027,전라남도 여수시 화양면 서촌리,동,"[2016, 2017, 2019, 2020, 2021]",93
2771037031,대구광역시 달성군 유가면 가태리,동,[2017],92
4613014000,전라남도 여수시 해산동,동,"[2016, 2020, 2021, 2022]",92
4615039021,전라남도 순천시 별량면 봉림리,동,"[2017, 2018, 2019, 2020, 2021]",92
4577031031,전라북도 순창군 인계면 노동리,동,"[2016, 2019, 2020, 2021]",91
4777036038,경상북도 영덕군 영해면 대리,동,"[2016, 2017, 2018, 2019, 2020]",91
4613032030,전라남도 여수시 율촌면 여동리,동,[2017],91
2771036021,대구광역시 달성군 현풍면 상리,동,"[2017, 2018, 2019]",90
4617012000,전라남도 나주시 남외동,동,[2016],89
4511114000,전라북도 전주시 완산구 효자동1가,동,[2020],88
4519037022,전라북도 남원시 대산면 수덕리,동,"[2021, 2022, 2023]",87
4514044025,전라북도 익산시 용동면 화실리,동,"[2016, 2017]",87
4519011400,전라북도 남원시 내척동,동,"[2020, 2022]",87
4514035021,전라북도 익산시 성당면 장선리,동,"[2016, 2017]",87
4615025027,전라남도 순천시 승주읍 도정리,동,"[2019, 2020]",87
4518040021,전라북도 정읍시 감곡면 승방리,동,"[2018, 2019]",86
2920011000,광주광역시 광산구 황룡동,동,[2016],86
2920016600,광주광역시 광산구 삼도동,동,[2023],85
4672037000,전라남도 곡성군 옥과면,동,[2021],85
4518034000,전라북도 정읍시 고부면,동,"[2021, 2022]",85
4571036028,전라북도 완주군 고산면 성재리,동,"[2022, 2023]",84
4613012400,전라남도 여수시 오천동,동,"[2016, 2022]",83
4617011200,전라남도 나주시 남내동,동,[2016],83
2771036027,대구광역시 달성군 현풍면 자모리,동,"[2016, 2017, 2018, 2019]",83
4615040031,전라남도 순천시 상사면 마륜리,동,"[2017, 2019, 2020]",82
4521039024,전라북도 김제시 청하면 관상리,동,"[2016, 2017, 2019, 2020]",82
4617011000,전라남도 나주시 금계동,동,[2016],82
4577034030,전라북도 순창군 금과면 목동리,동,"[2019, 2020]",81
4514035025,전라북도 익산시 성당면 두동리,동,"[2016, 2017]",81
4623036021,전라남도 광양시 다압면 신원리,동,"[2017, 2019, 2020, 2021, 2023]",79
4514036031,전라북도 익산시 용안면 칠목리,동,"[2017, 2020]",77
4518034029,전라북도 정읍시 고부면 남복리,동,"[2020, 2021]",77
4146136000,경기도 용인시 처인구 양지면,동,[2022],76
4521038023,전라북도 김제시 공덕면 공덕리,동,"[2016, 2020, 2022, 2023]",74
4577038027,전라북도 순창군 적성면 괴정리,동,"[2016, 2017, 2021]",74
4673035000,전라남도 구례군 광의면,동,"[2021, 2022]",74
4577032021,전라북도 순창군 동계면 현포리,동,"[2018, 2020]",74
4577031030,전라북도 순창군 인계면 지산리,동,"[2016, 2019, 2020, 2021]",74
4519032021,전라북도 남원시 수지면 남창리,동,"[2022, 2023]",74
4613013200,전라남도 여수시 시전동,동,"[2016, 2017, 2019, 2021, 2022]",74
4146132000,경기도 용인시 처인구 남사면,동,[2022],74
4577038025,전라북도 순창군 적성면 내월리,동,"[2016, 2017, 2018, 2019, 2021]",73
4615033035,전라남도 순천시 황전면 회룡리,동,"[2016, 2019, 2020]",73
4521039021,전라북도 김제시 청하면 동지산리,동,"[2016, 2017, 2018, 2019, 2020]",72
2920012200,광주광역시 광산구 진곡동,동,"[2016, 2019, 2020, 2021, 2023]",72
4678025341,전라남도 보성군 벌교읍 장도리,동,[2021],71
4678025339,전라남도 보성군 벌교읍 장양리,동,"[2018, 2019, 2020, 2021]",70
4146136022,경기도 용인시 처인구 양지면 남곡리,동,"[2018, 2019, 2020, 2022, 2023]",70
4518033029,전라북도 정읍시 소성면 신천리,동,[2020],70
4688036000,전라남도 장성군 황룡면,동,[2022],67
4623032023,전라남도 광양시 옥룡면 추산리,동,"[2018, 2019, 2020, 2021]",65
4671034000,전라남도 담양군 창평면,동,"[2021, 2022]",65
4623031021,전라남도 광양시 봉강면 석사리,동,"[2016, 2017, 2018, 2019, 2020, 2021]",65
4514042030,전라북도 익산시 춘포면 인수리,동,"[2018, 2019]",65
4511313200,전라북도 전주시 덕진구 장동,동,[2021],65
4146131024,경기도 용인시 처인구 모현면 일산리,동,[2017],65
4519037000,전라북도 남원시 대산면,동,[2022],64
4684033027,전라남도 무안군 청계면 상마리,동,"[2019, 2020]",64
4615011400,전라남도 순천시 연향동,동,"[2016, 2017, 2018, 2019, 2020]",64
4521034027,전라북도 김제시 용지면 반교리,동,"[2019, 2020, 2021, 2022, 2023]",64
4182034027,경기도 가평군 하면 대보리,동,[2016],63
4513010200,전라북도 군산시 신흥동,동,"[2017, 2018, 2019, 2020]",62
2771036031,대구광역시 달성군 현풍면 신기리,동,"[2018, 2019]",61
4615040028,전라남도 순천시 상사면 용암리,동,"[2019, 2020]",60
4521042000,전라북도 김제시 금구면,동,"[2021, 2022]",60
4571025627,전라북도 완주군 용진읍 신지리,동,"[2022, 2023]",58
4672040022,전라남도 곡성군 오산면 율천리,동,"[2016, 2017]",58
4513039000,전라북도 군산시 옥도면,동,[2022],57
4579038024,전라북도 고창군 대산면 중산리,동,[2017],57
4514032026,전라북도 익산시 황등면 용산리,동,"[2017, 2018, 2019, 2022, 2023]",56
4613025024,전라남도 여수시 돌산읍 율림리,동,"[2019, 2020, 2021]",56
4673037026,전라남도 구례군 산동면 좌사리,동,"[2021, 2022, 2023]",56
4684033000,전라남도 무안군 청계면,동,"[2021, 2022]",55
4687032025,전라남도 영광군 묘량면 신천리,동,[2017],55
4577035026,전라북도 순창군 팔덕면 서흥리,동,"[2019, 2020, 2021]",55
4615034024,전라남도 순천시 월등면 신월리,동,"[2019, 2020, 2021]",55
4623032021,전라남도 광양시 옥룡면 산남리,동,"[2016, 2017, 2018, 2020, 2021]",55
4511113700,전라북도 전주시 완산구 삼천동1가,동,"[2020, 2021, 2022]",54
4519011100,전라북도 남원시 향교동,동,"[2021, 2022]",54
4713031031,경상북도 경주시 양북면 용동리,동,"[2017, 2019, 2020]",54
4615025000,전라남도 순천시 승주읍,동,"[2021, 2022]",53
4725032021,경상북도 상주시 사벌면 덕담리,동,"[2016, 2017]",53
4577033000,전라북도 순창군 풍산면,동,[2022],53
2671032030,부산광역시 기장군 정관면 예림리,동,[2017],53
4613012800,전라남도 여수시 학동,동,"[2016, 2017, 2020, 2021]",53
4687033021,전라남도 영광군 불갑면 순용리,동,[2017],52
4521034026,전라북도 김제시 용지면 효정리,동,"[2016, 2019, 2020, 2023]",52
4521035000,전라북도 김제시 백구면,동,"[2021, 2022]",51
4514032027,전라북도 익산시 황등면 율촌리,동,"[2016, 2017, 2019, 2020]",51
4615038038,전라남도 순천시 낙안면 목촌리,동,"[2017, 2018, 2019, 2020, 2021]",50
4615033032,전라남도 순천시 황전면 금평리,동,[2019],49
4615032031,전라남도 순천시 서면 흥대리,동,[2019],49
4613011900,전라남도 여수시 여서동,동,"[2017, 2019, 2020, 2021, 2022, 2023]",49
4514041032,전라북도 익산시 왕궁면 동용리,동,"[2016, 2017]",49
4146132021,경기도 용인시 처인구 남사면 봉무리,동,"[2019, 2020, 2021]",48
4518033023,전라북도 정읍시 소성면 등계리,동,"[2020, 2021, 2022]",48
4159025325,경기도 화성시 봉담읍 와우리,동,[2019],48
4615025034,전라남도 순천시 승주읍 남강리,동,[2017],47
4514034023,전라북도 익산시 웅포면 송천리,동,"[2016, 2017, 2023]",47
4519034024,전라북도 남원시 주생면 정송리,동,"[2022, 2023]",47
4521025027,전라북도 김제시 만경읍 몽산리,동,"[2016, 2017, 2019, 2021]",47
2915512900,광주광역시 남구 원산동,동,"[2016, 2017, 2019, 2020, 2021, 2022]",47
4577032022,전라북도 순창군 동계면 서호리,동,"[2016, 2018, 2020]",47
4521042030,전라북도 김제시 금구면 청운리,동,"[2016, 2019, 2020, 2022, 2023]",47
4513032000,전라북도 군산시 회현면,동,[2022],47
4577040026,전라북도 순창군 구림면 안정리,동,"[2016, 2018]",46
2671031026,부산광역시 기장군 일광면 신평리,동,"[2016, 2018, 2019, 2020]",46
4521025021,전라북도 김제시 만경읍 만경리,동,[2016],46
2771034021,대구광역시 달성군 옥포면 신당리,동,"[2016, 2017]",46
4623025022,전라남도 광양시 광양읍 구산리,동,"[2016, 2017, 2019, 2020]",46
4623010400,전라남도 광양시 성황동,동,"[2016, 2017, 2019, 2020, 2021, 2022]",46
4513034025,전라북도 군산시 서수면 화등리,동,"[2016, 2018, 2019, 2020]",45
4615038030,전라남도 순천시 낙안면 교촌리,동,"[2016, 2017, 2019, 2020]",45
4159025300,경기도 화성시 봉담읍,동,"[2021, 2022]",45
4687032022,전라남도 영광군 묘량면 영양리,동,[2017],44
4146132026,경기도 용인시 처인구 남사면 원암리,동,[2018],44
4521038026,전라북도 김제시 공덕면 제말리,동,"[2016, 2020, 2022, 2023]",43
4617040028,전라남도 나주시 산포면 내기리,동,[2016],43
4521035022,전라북도 김제시 백구면 부용리,동,"[2016, 2020, 2021, 2022, 2023]",43
4514037024,전라북도 익산시 낭산면 낭산리,동,"[2016, 2017, 2019]",43
4521034024,전라북도 김제시 용지면 봉의리,동,"[2016, 2020, 2021, 2022, 2023]",42
4514040021,전라북도 익산시 금마면 동고도리,동,"[2016, 2017]",42
2914012800,광주광역시 서구 풍암동,동,"[2019, 2021]",42
4678025336,전라남도 보성군 벌교읍 연산리,동,"[2016, 2018, 2019, 2020, 2021]",42
4615039029,전라남도 순천시 별량면 무풍리,동,"[2016, 2019, 2020, 2021]",42
4579042032,전라북도 고창군 신림면 벽송리,동,[2016],42
4623010600,전라남도 광양시 중동,동,"[2016, 2017, 2020, 2021, 2022]",41
4580032022,전라북도 부안군 동진면 내기리,동,[2020],41
2914012900,광주광역시 서구 벽진동,동,"[2016, 2017]",41
4577040027,전라북도 순창군 구림면 금천리,동,"[2016, 2017, 2018]",41
4146136026,경기도 용인시 처인구 양지면 식금리,동,"[2020, 2022, 2023]",41
4513010900,전라북도 군산시 송풍동,동,"[2017, 2019]",41
4514013400,전라북도 익산시 부송동,동,"[2016, 2017]",40
4613033024,전라남도 여수시 화양면 이천리,동,"[2019, 2020, 2021]",40
4571036027,전라북도 완주군 고산면 양야리,동,"[2022, 2023]",40
4671035027,전라남도 담양군 대덕면 운암리,동,"[2016, 2017, 2020, 2021]",40
4521033027,전라북도 김제시 백산면 조종리,동,"[2020, 2022, 2023]",39
4678025338,전라남도 보성군 벌교읍 회정리,동,"[2019, 2021]",39
4615039022,전라남도 순천시 별량면 운천리,동,"[2016, 2017, 2019, 2020]",38
4514038023,전라북도 익산시 망성면 장선리,동,"[2016, 2017]",38
4623032024,전라남도 광양시 옥룡면 동곡리,동,"[2016, 2017, 2018, 2019, 2020]",38
4513010100,전라북도 군산시 해망동,동,"[2017, 2018, 2019, 2020]",38
4519011000,전라북도 남원시 화정동,동,"[2021, 2022, 2023]",38
4613013400,전라남도 여수시 웅천동,동,"[2016, 2017, 2018, 2019, 2020, 2021, 2022]",37
4577032029,전라북도 순창군 동계면 이동리,동,"[2018, 2020, 2021]",37
4577039024,전라북도 순창군 유등면 오교리,동,"[2016, 2019]",37
4514042026,전라북도 익산시 춘포면 창평리,동,"[2016, 2017, 2022, 2023]",36
4577025025,전라북도 순창군 순창읍 백산리,동,"[2018, 2019, 2020, 2021]",36
4518036022,전라북도 정읍시 덕천면 상학리,동,"[2019, 2020, 2021]",36
4514040026,전라북도 익산시 금마면 기양리,동,"[2016, 2017]",35
4682034027,전라남도 해남군 송지면 산정리,동,[2019],35
4519033029,전라북도 남원시 송동면 영동리,동,"[2022, 2023]",35
4514043024,전라북도 익산시 삼기면 연동리,동,"[2016, 2017]",35
4623036022,전라남도 광양시 다압면 도사리,동,"[2019, 2021]",35
4613033028,전라남도 여수시 화양면 이목리,동,"[2019, 2021]",35
4519034000,전라북도 남원시 주생면,동,[2022],35
4514041024,전라북도 익산시 왕궁면 온수리,동,"[2016, 2017]",34
4672037028,전라남도 곡성군 옥과면 수리,동,[2021],34
4514043022,전라북도 익산시 삼기면 서두리,동,"[2016, 2017]",34
4521034023,전라북도 김제시 용지면 송산리,동,"[2016, 2019, 2020, 2023]",34
4577025023,전라북도 순창군 순창읍 장덕리,동,"[2019, 2020]",34
4671035026,전라남도 담양군 대덕면 문학리,동,"[2016, 2017]",34
4615038026,전라남도 순천시 낙안면 하송리,동,"[2016, 2019]",34
4514033026,전라북도 익산시 함라면 신목리,동,"[2016, 2017, 2018, 2019]",34
4688025027,전라남도 장성군 장성읍 장안리,동,"[2019, 2020, 2021]",33
4691025333,전라남도 신안군 압해읍 가란리,동,[2018],33
4615032022,전라남도 순천시 서면 대구리,동,"[2016, 2019, 2021]",33
4518036021,전라북도 정읍시 덕천면 하학리,동,"[2020, 2021]",32
4577039000,전라북도 순창군 유등면,동,[2022],32
4159031022,경기도 화성시 매송면 원평리,동,"[2019, 2020, 2022]",32
4519011700,전라북도 남원시 월락동,동,[2021],32
2671031032,부산광역시 기장군 일광면 횡계리,동,"[2016, 2017, 2020]",32
2920016800,광주광역시 광산구 송치동,동,"[2021, 2022, 2023]",31
4615038024,전라남도 순천시 낙안면 성북리,동,"[2019, 2021, 2023]",31
4518036000,전라북도 정읍시 덕천면,동,"[2021, 2022]",31
4146136023,경기도 용인시 처인구 양지면 평창리,동,"[2017, 2018, 2019, 2020, 2022, 2023]",31
4678025323,전라남도 보성군 벌교읍 지동리,동,"[2017, 2018, 2019]",30
4575031000,전라북도 임실군 청웅면,동,"[2018, 2021, 2022]",30
4514012900,전라북도 익산시 석왕동,동,"[2017, 2022]",30
4521033025,전라북도 김제시 백산면 상정리,동,"[2020, 2022, 2023]",30
4521042031,전라북도 김제시 금구면 용지리,동,"[2016, 2020, 2021, 2022]",30
4580025026,전라북도 부안군 부안읍 모산리,동,[2020],30
4511311300,전라북도 전주시 덕진구 우아동1가,동,"[2016, 2021]",29
4687025036,전라남도 영광군 영광읍 녹사리,동,[2017],29
4672037027,전라남도 곡성군 옥과면 주산리,동,[2021],29
4518033025,전라북도 정읍시 소성면 화룡리,동,"[2020, 2021, 2022, 2023]",29
4514037022,전라북도 익산시 낭산면 호암리,동,"[2016, 2017, 2019]",29
4514031022,전라북도 익산시 오산면 장신리,동,"[2016, 2017]",29
4713031022,경상북도 경주시 양북면 입천리,동,"[2016, 2017]",28
4514033025,전라북도 익산시 함라면 신등리,동,"[2016, 2017]",28
4518040025,전라북도 정읍시 감곡면 오주리,동,[2019],28
4521033028,전라북도 김제시 백산면 수록리,동,"[2016, 2020, 2021, 2022]",28
4617037021,전라남도 나주시 문평면 안곡리,동,[2016],28
4615010200,전라남도 순천시 와룡동,동,"[2020, 2021]",28
4575039027,전라북도 임실군 강진면 문방리,동,"[2019, 2021]",27
4511112500,전라북도 전주시 완산구 동서학동,동,"[2020, 2022]",27
4159032026,경기도 화성시 비봉면 쌍학리,동,"[2022, 2023]",27
4615032024,전라남도 순천시 서면 비월리,동,"[2016, 2019, 2021]",27
4518034025,전라북도 정읍시 고부면 고부리,동,"[2020, 2021, 2022]",27
4182034021,경기도 가평군 하면 현리,동,[2016],27
4513040022,전라북도 군산시 옥서면 선연리,동,"[2017, 2018, 2021]",27
4146136024,경기도 용인시 처인구 양지면 제일리,동,"[2017, 2018, 2020, 2022, 2023]",26
4615039038,전라남도 순천시 별량면 대룡리,동,"[2019, 2020]",26
4511113100,전라북도 전주시 완산구 원당동,동,[2022],26
4672040023,전라남도 곡성군 오산면 단사리,동,[2017],26
4677039021,전라남도 고흥군 남양면 장담리,동,"[2016, 2018, 2019]",26
4514038024,전라북도 익산시 망성면 어량리,동,"[2016, 2017]",26
4615034026,전라남도 순천시 월등면 갈평리,동,"[2019, 2020, 2021]",26
4514043025,전라북도 익산시 삼기면 기산리,동,"[2016, 2017]",26
4577040000,전라북도 순창군 구림면,동,"[2021, 2022]",26
4688036022,전라남도 장성군 황룡면 와룡리,동,"[2020, 2021]",25
4513034024,전라북도 군산시 서수면 마룡리,동,"[2016, 2017, 2018, 2019, 2021]",25
4513013600,전라북도 군산시 경암동,동,"[2019, 2022]",25
4146132028,경기도 용인시 처인구 남사면 방아리,동,"[2018, 2020]",25
4677038024,전라남도 고흥군 과역면 호덕리,동,"[2018, 2019]",24
4623034024,전라남도 광양시 진상면 황죽리,동,"[2016, 2021]",24
4623032026,전라남도 광양시 옥룡면 용곡리,동,"[2016, 2017, 2020, 2021]",24
4159031000,경기도 화성시 매송면,동,[2022],24
4514039023,전라북도 익산시 여산면 원수리,동,"[2016, 2017]",24
4613013000,전라남도 여수시 안산동,동,"[2020, 2021, 2022]",24
4615012600,전라남도 순천시 오천동,동,"[2016, 2017, 2021]",24
4514034024,전라북도 익산시 웅포면 고창리,동,"[2016, 2017]",24
4687032027,전라남도 영광군 묘량면 월암리,동,[2017],24
4623025021,전라남도 광양시 광양읍 우산리,동,"[2016, 2017, 2018, 2019, 2020, 2021]",23
2920013000,광주광역시 광산구 산막동,동,"[2016, 2021, 2023]",23
4521033021,전라북도 김제시 백산면 하정리,동,"[2020, 2022]",23
4518033000,전라북도 정읍시 소성면,동,"[2021, 2022]",23
4577035028,전라북도 순창군 팔덕면 장안리,동,"[2019, 2021]",23
4521033030,전라북도 김제시 백산면 석교리,동,"[2020, 2021, 2022, 2023]",22
2729010300,대구광역시 달서구 파산동,동,[2017],22
4577040023,전라북도 순창군 구림면 구산리,동,"[2018, 2019]",22
4615032025,전라남도 순천시 서면 동산리,동,"[2016, 2017, 2019, 2021]",22
2920017500,광주광역시 광산구 동호동,동,"[2016, 2023]",22
4518010100,전라북도 정읍시 수성동,동,[2022],22
4713031033,경상북도 경주시 양북면 안동리,동,"[2016, 2017, 2018]",22
4521042027,전라북도 김제시 금구면 대화리,동,"[2016, 2020, 2022]",22
4577031028,전라북도 순창군 인계면 가성리,동,"[2018, 2019, 2020, 2021]",22
4514011500,전라북도 익산시 모현동2가,동,"[2016, 2017]",21
4615032027,전라남도 순천시 서면 죽평리,동,"[2016, 2017, 2020, 2021]",21
4688035032,전라남도 장성군 삼계면 부성리,동,[2020],21
4577025026,전라북도 순창군 순창읍 교성리,동,[2020],21
4577035027,전라북도 순창군 팔덕면 산동리,동,"[2019, 2021]",21
4688037000,전라남도 장성군 서삼면,동,[2022],21
4617036022,전라남도 나주시 다시면 월태리,동,[2016],21
4514041025,전라북도 익산시 왕궁면 쌍제리,동,"[2016, 2017]",21
4161036021,경기도 광주시 중부면 산성리,동,[2016],21
2771037025,대구광역시 달성군 유가면 쌍계리,동,"[2016, 2018]",21
4514037023,전라북도 익산시 낭산면 석천리,동,"[2016, 2017, 2019]",21
2771037033,대구광역시 달성군 유가면 본말리,동,"[2016, 2017]",21
4514039026,전라북도 익산시 여산면 두여리,동,"[2016, 2017]",20
4613011400,전라남도 여수시 봉강동,동,"[2021, 2022]",20
4521042029,전라북도 김제시 금구면 낙성리,동,"[2020, 2022, 2023]",20
4615033023,전라남도 순천시 황전면 수평리,동,"[2016, 2019]",20
4725032030,경상북도 상주시 사벌면 매호리,동,"[2016, 2019, 2020, 2021]",20
4511312500,전라북도 전주시 덕진구 용정동,동,[2021],20
4518025026,전라북도 정읍시 신태인읍 육리,동,[2019],20
4617040027,전라남도 나주시 산포면 등정리,동,[2016],20
4521045032,전라북도 김제시 금산면 용산리,동,[2016],20
4672040027,전라남도 곡성군 오산면 청단리,동,"[2016, 2017]",20
4623033026,전라남도 광양시 옥곡면 선유리,동,"[2020, 2021]",19
4521040024,전라북도 김제시 성덕면 묘라리,동,"[2016, 2019, 2020]",19
4514037025,전라북도 익산시 낭산면 성남리,동,"[2016, 2017, 2019]",19
4713031030,경상북도 경주시 양북면 호암리,동,"[2018, 2019, 2020]",19
4521044026,전라북도 김제시 황산면 쌍감리,동,"[2016, 2020, 2022]",19
4580025025,전라북도 부안군 부안읍 신운리,동,[2020],19
4521025026,전라북도 김제시 만경읍 화포리,동,"[2016, 2019]",19
4514040023,전라북도 익산시 금마면 신용리,동,"[2016, 2017]",19
4514033024,전라북도 익산시 함라면 다망리,동,"[2017, 2022]",19
4577033022,전라북도 순창군 풍산면 유정리,동,[2020],19
4518031022,전라북도 정읍시 북면 승부리,동,"[2022, 2023]",18
2920017200,광주광역시 광산구 왕동,동,"[2022, 2023]",18
4514037026,전라북도 익산시 낭산면 구평리,동,"[2017, 2019]",18
4159031024,경기도 화성시 매송면 숙곡리,동,"[2019, 2022]",18
4521038021,전라북도 김제시 공덕면 마현리,동,"[2016, 2022, 2023]",18
4613013600,전라남도 여수시 여천동,동,"[2017, 2019, 2021]",18
4521042026,전라북도 김제시 금구면 오봉리,동,"[2016, 2021, 2022]",18
4615034029,전라남도 순천시 월등면 계월리,동,"[2018, 2019, 2020]",18
4713031034,경상북도 경주시 양북면 장항리,동,"[2018, 2019, 2020]",18
4623010700,전라남도 광양시 마동,동,"[2016, 2017]",18
4521012600,전라북도 김제시 명덕동,동,"[2016, 2020]",18
2671032022,부산광역시 기장군 정관면 매학리,동,"[2016, 2017]",17
4514040022,전라북도 익산시 금마면 서고도리,동,"[2016, 2017]",17
4146136025,경기도 용인시 처인구 양지면 추계리,동,"[2017, 2018, 2020, 2022, 2023]",17
4615038034,전라남도 순천시 낙안면 내운리,동,"[2020, 2021]",17
4519034023,전라북도 남원시 주생면 지당리,동,[2022],17
2771037032,대구광역시 달성군 유가면 한정리,동,"[2016, 2017]",17
4688032026,전라남도 장성군 남면 행정리,동,"[2019, 2021]",17
3611032030,세종특별자치시 연동면 용호리,동,[2018],17
4514041023,전라북도 익산시 왕궁면 구덕리,동,"[2016, 2017]",17
4514035027,전라북도 익산시 성당면 부곡리,동,[2017],16
2920015400,광주광역시 광산구 동산동,동,"[2016, 2023]",16
4519010900,전라북도 남원시 신정동,동,[2022],16
4615039032,전라남도 순천시 별량면 원창리,동,"[2019, 2020]",16
4514036021,전라북도 익산시 용안면 교동리,동,"[2016, 2017]",16
4677037000,전라남도 고흥군 점암면,동,"[2021, 2022]",16
4623031023,전라남도 광양시 봉강면 봉당리,동,"[2016, 2017, 2019]",16
4514034027,전라북도 익산시 웅포면 대붕암리,동,"[2016, 2017]",16
4686033028,전라남도 함평군 학교면 월산리,동,[2016],16
4577040021,전라북도 순창군 구림면 운남리,동,"[2016, 2018]",16
4513014100,전라북도 군산시 수송동,동,"[2020, 2022]",16
4518033022,전라북도 정읍시 소성면 보화리,동,"[2020, 2021, 2022]",16
4521025023,전라북도 김제시 만경읍 대동리,동,"[2016, 2017, 2020]",15
4518034023,전라북도 정읍시 고부면 만화리,동,"[2020, 2021, 2022]",15
4514036030,전라북도 익산시 용안면 동지산리,동,"[2016, 2017, 2020]",15
4514040024,전라북도 익산시 금마면 산북리,동,"[2016, 2017]",15
4684036000,전라남도 무안군 해제면,동,"[2021, 2022]",15
4672040028,전라남도 곡성군 오산면 연화리,동,[2016],15
4511313000,전라북도 전주시 덕진구 여의동,동,[2021],15
4682034032,전라남도 해남군 송지면 마봉리,동,[2019],14
4146132030,경기도 용인시 처인구 남사면 아곡리,동,"[2018, 2020]",14
4615033025,전라남도 순천시 황전면 죽내리,동,[2020],14
4580033021,전라북도 부안군 행안면 역리,동,[2020],14
4611015900,전라남도 목포시 용해동,동,[2017],14
4146133023,경기도 용인시 처인구 이동면 묘봉리,동,"[2017, 2018]",14
4514032025,전라북도 익산시 황등면 구자리,동,"[2017, 2019, 2022, 2023]",14
4613012000,전라남도 여수시 문수동,동,"[2020, 2022]",14
4514042027,전라북도 익산시 춘포면 천서리,동,"[2016, 2018, 2022]",14
4673037027,전라남도 구례군 산동면 이평리,동,"[2021, 2022]",14
4623034025,전라남도 광양시 진상면 어치리,동,[2021],14
4672037022,전라남도 곡성군 옥과면 죽림리,동,[2021],14
4511112200,전라북도 전주시 완산구 동완산동,동,[2020],14
4684033024,전라남도 무안군 청계면 남성리,동,"[2018, 2020]",14
4518031025,전라북도 정읍시 북면 태곡리,동,"[2022, 2023]",14
4615040025,전라남도 순천시 상사면 봉래리,동,"[2016, 2020]",14
4575032032,전라북도 임실군 운암면 운암리,동,"[2016, 2017]",14
4514039024,전라북도 익산시 여산면 호산리,동,"[2016, 2017]",13
4684025626,전라남도 무안군 삼향읍 왕산리,동,"[2016, 2017]",13
4617040021,전라남도 나주시 산포면 매성리,동,[2016],13
4684033031,전라남도 무안군 청계면 서호리,동,"[2019, 2020, 2021]",13
4682034028,전라남도 해남군 송지면 어란리,동,[2019],13
4678025340,전라남도 보성군 벌교읍 호동리,동,"[2017, 2019, 2020]",13
4521040022,전라북도 김제시 성덕면 대목리,동,"[2016, 2019, 2020, 2021, 2022]",13
4615012500,전라남도 순천시 홍내동,동,"[2017, 2021]",13
4575031022,전라북도 임실군 청웅면 구고리,동,"[2017, 2018, 2019]",13
4725032023,경상북도 상주시 사벌면 두릉리,동,"[2016, 2020]",13
4146133021,경기도 용인시 처인구 이동면 송전리,동,[2016],13
3171038031,울산광역시 울주군 상북면 등억리,동,[2017],13
4514033000,전라북도 익산시 함라면,동,[2021],13
4513035022,전라북도 군산시 대야면 지경리,동,"[2017, 2018, 2019, 2020]",13
4615033030,전라남도 순천시 황전면 선변리,동,[2019],13
4521034032,전라북도 김제시 용지면 장신리,동,"[2020, 2021]",13
4615038023,전라남도 순천시 낙안면 서내리,동,"[2016, 2017, 2018, 2019, 2020, 2021]",13
4615033022,전라남도 순천시 황전면 평촌리,동,"[2016, 2019, 2021]",13
4623032022,전라남도 광양시 옥룡면 운평리,동,"[2017, 2020, 2021]",12
4577038026,전라북도 순창군 적성면 평남리,동,"[2016, 2018, 2021]",12
4577033027,전라북도 순창군 풍산면 한내리,동,"[2020, 2021, 2023]",12
4518025031,전라북도 정읍시 신태인읍 백산리,동,[2019],12
4511113000,전라북도 전주시 완산구 석구동,동,[2022],12
4159035031,경기도 화성시 서신면 궁평리,동,[2020],12
4678025333,전라남도 보성군 벌교읍 영등리,동,"[2018, 2019, 2021]",12
4617040026,전라남도 나주시 산포면 등수리,동,[2016],12
4521011200,전라북도 김제시 하동,동,"[2016, 2020]",12
4521033026,전라북도 김제시 백산면 상리,동,"[2020, 2021, 2022]",11
4613033026,전라남도 여수시 화양면 화동리,동,"[2016, 2020, 2021]",11
4617038030,전라남도 나주시 노안면 영평리,동,[2016],11
4577032027,전라북도 순창군 동계면 신흥리,동,"[2016, 2020, 2021]",11
4514035023,전라북도 익산시 성당면 대선리,동,"[2016, 2017]",11
4686038032,전라남도 함평군 월야면 월계리,동,[2017],11
4518031028,전라북도 정읍시 북면 화해리,동,"[2022, 2023]",11
4684033022,전라남도 무안군 청계면 청계리,동,"[2016, 2017, 2020]",11
4146133029,경기도 용인시 처인구 이동면 서리,동,"[2016, 2017]",11
4518012200,전라북도 정읍시 구룡동,동,"[2022, 2023]",11
4521035028,전라북도 김제시 백구면 학동리,동,"[2016, 2021, 2022, 2023]",11
4613010900,전라남도 여수시 군자동,동,[2016],11
4514011200,전라북도 익산시 마동,동,"[2016, 2017]",11
4574034029,전라북도 장수군 천천면 오봉리,동,[2017],11
4615040026,전라남도 순천시 상사면 쌍지리,동,"[2017, 2020]",11
4514011400,전라북도 익산시 모현동1가,동,"[2016, 2017]",11
4615039030,전라남도 순천시 별량면 마산리,동,"[2016, 2018, 2020]",11
4519011300,전라북도 남원시 광치동,동,"[2021, 2022]",11
4513010400,전라북도 군산시 월명동,동,[2017],11
4521044028,전라북도 김제시 황산면 진흥리,동,"[2016, 2020, 2022]",11
4671036032,전라남도 담양군 무정면 동강리,동,"[2016, 2017]",11
4615010900,전라남도 순천시 가곡동,동,[2016],11
4182034022,경기도 가평군 하면 신상리,동,[2016],11
4521039025,전라북도 김제시 청하면 월현리,동,"[2019, 2020, 2022]",11
4617036034,전라남도 나주시 다시면 운봉리,동,[2016],10
4577040022,전라북도 순창군 구림면 구암리,동,"[2016, 2018, 2020, 2021]",10
4521044023,전라북도 김제시 황산면 홍정리,동,"[2022, 2023]",10
4513010300,전라북도 군산시 금동,동,"[2017, 2018]",10
4577033024,전라북도 순창군 풍산면 금곡리,동,[2020],10
2920015500,광주광역시 광산구 연산동,동,"[2016, 2023]",10
4617011100,전라남도 나주시 금성동,동,[2016],10
2915511700,광주광역시 남구 양촌동,동,[2016],10
4514043026,전라북도 익산시 삼기면 용연리,동,"[2016, 2017]",10
4518025028,전라북도 정읍시 신태인읍 신용리,동,[2019],10
4615036000,전라남도 순천시 송광면,동,[2021],10
4514036027,전라북도 익산시 용안면 석동리,동,"[2016, 2017]",10
4518031021,전라북도 정읍시 북면 한교리,동,[2022],10
4679036000,전라남도 화순군 도곡면,동,[2022],10
4671035028,전라남도 담양군 대덕면 용대리,동,"[2016, 2017]",10
4519033030,전라북도 남원시 송동면 연산리,동,"[2022, 2023]",10
4514039025,전라북도 익산시 여산면 태성리,동,"[2016, 2017]",10
4521045026,전라북도 김제시 금산면 금성리,동,"[2016, 2020, 2021]",10
4672040021,전라남도 곡성군 오산면 봉동리,동,"[2016, 2017]",10
4579032035,전라북도 고창군 아산면 반암리,동,[2016],10
4514040025,전라북도 익산시 금마면 용순리,동,"[2016, 2017]",10
4684025000,전라남도 무안군 무안읍,동,"[2021, 2022]",9
2920010200,광주광역시 광산구 도산동,동,[2016],9
2920010800,광주광역시 광산구 소촌동,동,[2023],9
4514034025,전라북도 익산시 웅포면 맹산리,동,[2017],9
4671036033,전라남도 담양군 무정면 오례리,동,[2017],9
4514041029,전라북도 익산시 왕궁면 도순리,동,"[2016, 2017]",9
4514036029,전라북도 익산시 용안면 송산리,동,[2017],9
4617037000,전라남도 나주시 문평면,동,[2022],9
4511113400,전라북도 전주시 완산구 평화동3가,동,[2022],9
4615033027,전라남도 순천시 황전면 월산리,동,"[2019, 2020, 2021]",9
4514036022,전라북도 익산시 용안면 덕용리,동,"[2016, 2017]",9
4613025022,전라남도 여수시 돌산읍 신복리,동,[2019],9
4159041023,경기도 화성시 정남면 보통리,동,[2020],9
2671032025,부산광역시 기장군 정관면 달산리,동,"[2016, 2017]",9
4623031024,전라남도 광양시 봉강면 부저리,동,"[2019, 2021]",9
2920016500,광주광역시 광산구 신동,동,"[2016, 2023]",9
4514036023,전라북도 익산시 용안면 중신리,동,[2016],9
2920017400,광주광역시 광산구 명도동,동,"[2021, 2023]",9
4518034030,전라북도 정읍시 고부면 장문리,동,[2021],9
4511312300,전라북도 전주시 덕진구 반월동,동,[2021],9
4521010500,전라북도 김제시 순동,동,"[2016, 2020]",9
4521035026,전라북도 김제시 백구면 반월리,동,"[2022, 2023]",8
4518038021,전라북도 정읍시 정우면 우일리,동,[2022],8
4521012000,전라북도 김제시 입석동,동,"[2016, 2020]",8
4514041031,전라북도 익산시 왕궁면 동봉리,동,[2016],8
4513034026,전라북도 군산시 서수면 금암리,동,"[2016, 2018]",8
4579032032,전라북도 고창군 아산면 용계리,동,[2016],8
4617039030,전라남도 나주시 금천면 신가리,동,[2016],8
2771036030,대구광역시 달성군 현풍면 대리,동,[2018],8
4691025321,전라남도 신안군 압해읍 복룡리,동,[2018],8
4687025037,전라남도 영광군 영광읍 학정리,동,[2017],8
4514031024,전라북도 익산시 오산면 오산리,동,"[2016, 2017]",8
4577034000,전라북도 순창군 금과면,동,"[2021, 2022]",8
4575037031,전라북도 임실군 삼계면 오지리,동,[2016],8
2920017300,광주광역시 광산구 북산동,동,"[2021, 2023]",8
4580025022,전라북도 부안군 부안읍 서외리,동,[2020],8
4521044027,전라북도 김제시 황산면 남산리,동,"[2020, 2022]",8
4577033025,전라북도 순창군 풍산면 죽전리,동,[2020],8
4521033029,전라북도 김제시 백산면 부거리,동,"[2020, 2021, 2022]",8
4671034025,전라남도 담양군 창평면 오강리,동,[2019],8
4684032000,전라남도 무안군 몽탄면,동,"[2021, 2022]",8
4511311100,전라북도 전주시 덕진구 산정동,동,[2021],8
4514044026,전라북도 익산시 용동면 화배리,동,"[2016, 2017]",7
4615037021,전라남도 순천시 외서면 신덕리,동,"[2017, 2019, 2020]",7
3611031027,세종특별자치시 연기면 한별리,동,[2018],7
4511312100,전라북도 전주시 덕진구 송천동1가,동,[2021],7
4686038028,전라남도 함평군 월야면 예덕리,동,[2017],7
4684025600,전라남도 무안군 삼향읍,동,"[2021, 2022]",7
4521040021,전라북도 김제시 성덕면 석동리,동,"[2019, 2020, 2021]",7
2915511900,광주광역시 남구 승촌동,동,[2016],7
4521025024,전라북도 김제시 만경읍 송상리,동,"[2016, 2019]",7
4521011800,전라북도 김제시 오정동,동,[2016],7
4577033023,전라북도 순창군 풍산면 삼촌리,동,[2020],7
4684033025,전라남도 무안군 청계면 복길리,동,[2020],7
4615035038,전라남도 순천시 주암면 대구리,동,[2020],7
4521011400,전라북도 김제시 상동동,동,"[2020, 2023]",7
4159032027,경기도 화성시 비봉면 청요리,동,"[2017, 2020]",7
4521038022,전라북도 김제시 공덕면 황산리,동,"[2020, 2022]",7
2915511600,광주광역시 남구 구소동,동,[2016],7
4617012100,전라남도 나주시 죽림동,동,[2016],7
4615037000,전라남도 순천시 외서면,동,[2021],7
4579032031,전라북도 고창군 아산면 운곡리,동,[2016],7
4159040025,경기도 화성시 양감면 용소리,동,[2022],7
4613033030,전라남도 여수시 화양면 안포리,동,"[2017, 2019]",7
4514041021,전라북도 익산시 왕궁면 광암리,동,[2017],7
4514044021,전라북도 익산시 용동면 흥왕리,동,"[2016, 2017]",7
4678025337,전라남도 보성군 벌교읍 봉림리,동,"[2016, 2017, 2018, 2019]",7
4687032023,전라남도 영광군 묘량면 운당리,동,[2017],7
4521042023,전라북도 김제시 금구면 용복리,동,"[2016, 2020]",7
4617036031,전라남도 나주시 다시면 송촌리,동,[2016],7
4521035025,전라북도 김제시 백구면 백구리,동,[2022],7
2771034023,대구광역시 달성군 옥포면 강림리,동,[2019],6
4514036026,전라북도 익산시 용안면 법성리,동,[2017],6
4684025300,전라남도 무안군 일로읍,동,"[2021, 2022]",6
2915512100,광주광역시 남구 압촌동,동,"[2016, 2021]",6
4513014200,전라북도 군산시 미장동,동,[2020],6
4514011300,전라북도 익산시 남중동,동,"[2016, 2017]",6
4684035000,전라남도 무안군 망운면,동,"[2021, 2022]",6
4514039022,전라북도 익산시 여산면 제남리,동,[2017],6
4613025030,전라남도 여수시 돌산읍 우두리,동,"[2017, 2018]",6
4159037029,경기도 화성시 장안면 사곡리,동,[2022],6
4623031022,전라남도 광양시 봉강면 지곡리,동,"[2017, 2019]",6
4521012500,전라북도 김제시 연정동,동,"[2016, 2020]",6
4579032036,전라북도 고창군 아산면 삼인리,동,[2016],6
4688034025,전라남도 장성군 삼서면 대도리,동,[2017],6
4688032000,전라남도 장성군 남면,동,[2021],6
4518034026,전라북도 정읍시 고부면 덕안리,동,"[2021, 2022]",6
4623010800,전라남도 광양시 광영동,동,"[2016, 2017]",6
4519042029,전라북도 남원시 이백면 과립리,동,[2021],6
4579032030,전라북도 고창군 아산면 학전리,동,[2016],6
4159040022,경기도 화성시 양감면 사창리,동,[2022],6
4514035022,전라북도 익산시 성당면 와초리,동,[2017],6
4514038021,전라북도 익산시 망성면 신작리,동,[2017],6
4518032021,전라북도 정읍시 입암면 지선리,동,"[2020, 2021]",6
4514012000,전라북도 익산시 신용동,동,"[2016, 2017]",6
4513013200,전라북도 군산시 동흥남동,동,[2020],6
4159025328,경기도 화성시 봉담읍 왕림리,동,[2017],6
2771034024,대구광역시 달성군 옥포면 송촌리,동,"[2018, 2019]",6
4521010300,전라북도 김제시 용동,동,"[2016, 2020]",6
4672040029,전라남도 곡성군 오산면 운곡리,동,"[2016, 2017]",6
4514041027,전라북도 익산시 왕궁면 평장리,동,"[2016, 2017]",6
4521032023,전라북도 김제시 죽산면 옥성리,동,[2016],6
4521035021,전라북도 김제시 백구면 월봉리,동,[2016],6
4122035022,경기도 평택시 청북면 삼계리,동,"[2016, 2017]",5
4159031025,경기도 화성시 매송면 야목리,동,[2022],5
4521012100,전라북도 김제시 장화동,동,[2016],5
4514035026,전라북도 익산시 성당면 성당리,동,"[2016, 2017]",5
4577038022,전라북도 순창군 적성면 대산리,동,[2018],5
4575032031,전라북도 임실군 운암면 운종리,동,[2016],5
4691025330,전라남도 신안군 압해읍 분매리,동,[2018],5
2920012300,광주광역시 광산구 장덕동,동,[2023],5
4580033025,전라북도 부안군 행안면 신기리,동,[2020],5
4521042024,전라북도 김제시 금구면 선암리,동,"[2016, 2020, 2022]",5
4729036032,경상북도 경산시 압량면 당음리,동,[2020],5
2920011800,광주광역시 광산구 신창동,동,[2023],5
4514043023,전라북도 익산시 삼기면 오룡리,동,[2017],5
2920014100,광주광역시 광산구 용봉동,동,"[2016, 2023]",5
4518036023,전라북도 정읍시 덕천면 신월리,동,"[2020, 2021, 2022]",5
4812112300,경상남도 창원시 의창구 대원동,동,"[2020, 2021]",5
4613011100,전라남도 여수시 연등동,동,"[2016, 2017]",5
4571025023,전라북도 완주군 삼례읍 어전리,동,[2016],5
4521042032,전라북도 김제시 금구면 옥성리,동,"[2020, 2021, 2022]",5
2671032027,부산광역시 기장군 정관면 모전리,동,[2016],5
4577035030,전라북도 순창군 팔덕면 덕천리,동,"[2020, 2021]",5
4514034026,전라북도 익산시 웅포면 제성리,동,"[2016, 2017]",5
4514041026,전라북도 익산시 왕궁면 발산리,동,[2017],5
2920011500,광주광역시 광산구 월계동,동,[2023],5
4684034000,전라남도 무안군 현경면,동,"[2021, 2022]",5
4615032034,전라남도 순천시 서면 청소리,동,[2021],5
4514038026,전라북도 익산시 망성면 무형리,동,"[2016, 2017]",5
4713031035,경상북도 경주시 양북면 범곡리,동,[2019],5
4514044024,전라북도 익산시 용동면 대조리,동,"[2016, 2017]",5
4577034034,전라북도 순창군 금과면 장장리,동,[2019],5
4514041033,전라북도 익산시 왕궁면 왕궁리,동,[2017],5
4615039033,전라남도 순천시 별량면 두고리,동,[2019],5
4511312600,전라북도 전주시 덕진구 성덕동,동,[2021],5
4521045024,전라북도 김제시 금산면 용호리,동,[2021],5
4613010600,전라남도 여수시 동산동,동,"[2016, 2017, 2021]",5
4511311900,전라북도 전주시 덕진구 전미동1가,동,[2021],5
4521010100,전라북도 김제시 요촌동,동,"[2016, 2020]",5
4514040027,전라북도 익산시 금마면 갈산리,동,"[2016, 2017]",5
4580040024,전라북도 부안군 하서면 백련리,동,[2017],5
4615039036,전라남도 순천시 별량면 죽산리,동,[2019],5
2920015200,광주광역시 광산구 지정동,동,"[2016, 2023]",5
4519036021,전라북도 남원시 대강면 풍산리,동,[2016],5
4519040029,전라북도 남원시 보절면 성시리,동,[2016],5
4623025029,전라남도 광양시 광양읍 죽림리,동,"[2016, 2020]",5
4615032033,전라남도 순천시 서면 판교리,동,"[2018, 2020]",4
4678033000,전라남도 보성군 겸백면,동,[2017],4
4575031026,전라북도 임실군 청웅면 청계리,동,[2018],4
4671035000,전라남도 담양군 대덕면,동,[2022],4
4519010800,전라북도 남원시 왕정동,동,[2022],4
4677038025,전라남도 고흥군 과역면 석봉리,동,[2016],4
4617038026,전라남도 나주시 노안면 계림리,동,[2016],4
4617038000,전라남도 나주시 노안면,동,[2017],4
4514012300,전라북도 익산시 어양동,동,[2017],4
4521044021,전라북도 김제시 황산면 봉월리,동,[2022],4
4579039027,전라북도 고창군 심원면 연화리,동,[2016],4
4521012200,전라북도 김제시 신덕동,동,[2016],4
4615040022,전라남도 순천시 상사면 응령리,동,[2016],4
4514011900,전라북도 익산시 현영동,동,[2017],4
4577033026,전라북도 순창군 풍산면 우곡리,동,[2021],4
4575031021,전라북도 임실군 청웅면 두복리,동,[2017],4
4514038022,전라북도 익산시 망성면 화산리,동,"[2016, 2017]",4
4514013300,전라북도 익산시 월성동,동,[2017],4
4514038025,전라북도 익산시 망성면 내촌리,동,[2016],4
4579042031,전라북도 고창군 신림면 법지리,동,[2016],4
4615036021,전라남도 순천시 송광면 오봉리,동,[2016],4
4686035022,전라남도 함평군 대동면 금곡리,동,[2016],4
4521045028,전라북도 김제시 금산면 장흥리,동,[2016],4
4579032025,전라북도 고창군 아산면 하갑리,동,[2016],4
4577034025,전라북도 순창군 금과면 대성리,동,[2016],4
4579042030,전라북도 고창군 신림면 송용리,동,[2016],4
4519034022,전라북도 남원시 주생면 중동리,동,"[2022, 2023]",4
4521011300,전라북도 김제시 흥사동,동,[2020],4
4521045029,전라북도 김제시 금산면 금산리,동,"[2016, 2020]",4
4521038024,전라북도 김제시 공덕면 동계리,동,"[2016, 2020, 2022]",4
4615035039,전라남도 순천시 주암면 궁각리,동,[2020],4
4688032023,전라남도 장성군 남면 덕성리,동,[2021],4
4518036024,전라북도 정읍시 덕천면 우덕리,동,[2022],4
4812111100,경상남도 창원시 의창구 두대동,동,"[2018, 2020]",4
4617013100,전라남도 나주시 동수동,동,[2016],4
2920010900,광주광역시 광산구 우산동,동,[2016],4
4159025326,경기도 화성시 봉담읍 수기리,동,[2020],4
4617037032,전라남도 나주시 문평면 오룡리,동,[2016],4
4684033033,전라남도 무안군 청계면 청수리,동,[2020],4
4577040033,전라북도 순창군 구림면 구곡리,동,[2017],3
4784035029,경상북도 성주군 금수면 명천리,동,[2017],3
4579043025,전라북도 고창군 부안면 수동리,동,[2016],3
4159040027,경기도 화성시 양감면 대양리,동,[2022],3
4159032000,경기도 화성시 비봉면,동,[2022],3
4688035000,전라남도 장성군 삼계면,동,[2022],3
4571036022,전라북도 완주군 고산면 서봉리,동,[2023],3
4575032000,전라북도 임실군 운암면,동,[2022],3
4615034021,전라남도 순천시 월등면 대평리,동,[2017],3
4521032022,전라북도 김제시 죽산면 홍산리,동,[2016],3
4521012700,전라북도 김제시 제월동,동,[2016],3
4521042034,전라북도 김제시 금구면 서도리,동,[2016],3
4521012300,전라북도 김제시 월봉동,동,[2016],3
4688034024,전라남도 장성군 삼서면 학성리,동,[2017],3
4514041030,전라북도 익산시 왕궁면 용화리,동,[2017],3
4678025000,전라남도 보성군 보성읍,동,[2017],3
2771036023,대구광역시 달성군 현풍면 부리,동,[2017],3
4514041022,전라북도 익산시 왕궁면 흥암리,동,"[2017, 2023]",3
4575025028,전라북도 임실군 임실읍 정월리,동,[2018],3
4579043032,전라북도 고창군 부안면 상등리,동,[2016],3
4514011000,전라북도 익산시 인화동2가,동,[2017],3
4577035029,전라북도 순창군 팔덕면 창덕리,동,"[2019, 2020]",3
4623025023,전라남도 광양시 광양읍 칠성리,동,"[2016, 2017, 2018]",3
4671034031,전라남도 담양군 창평면 광덕리,동,[2019],3
4571033000,전라북도 완주군 이서면,동,[2021],3
2915512700,광주광역시 남구 이장동,동,[2021],3
4615035031,전라남도 순천시 주암면 고산리,동,[2021],3
4784035033,경상북도 성주군 금수면 무학리,동,[2017],3
4671035031,전라남도 담양군 대덕면 입석리,동,"[2019, 2022]",3
4511310600,전라북도 전주시 덕진구 덕진동2가,동,[2021],3
4514012200,전라북도 익산시 영등동,동,[2017],3
4615010800,전라남도 순천시 석현동,동,[2017],3
4672033030,전라남도 곡성군 석곡면 유정리,동,[2017],3
4673033029,전라남도 구례군 토지면 문수리,동,[2017],3
4521043035,전라북도 김제시 봉남면 용신리,동,"[2016, 2021]",3
4521042028,전라북도 김제시 금구면 산동리,동,"[2016, 2020]",3
4682034022,전라남도 해남군 송지면 군곡리,동,[2019],3
4684025627,전라남도 무안군 삼향읍 지산리,동,"[2016, 2017]",3
4521041023,전라북도 김제시 진봉면 가실리,동,"[2020, 2021]",3
4122035023,경기도 평택시 청북면 고잔리,동,[2016],3
2920010400,광주광역시 광산구 신촌동,동,"[2016, 2022, 2023]",3
4521035027,전라북도 김제시 백구면 석담리,동,"[2016, 2022, 2023]",3
4617025033,전라남도 나주시 남평읍 광촌리,동,[2016],3
4518033024,전라북도 정읍시 소성면 용정리,동,"[2020, 2021]",3
4580025021,전라북도 부안군 부안읍 동중리,동,[2020],3
4615037028,전라남도 순천시 외서면 장산리,동,[2020],3
4521045030,전라북도 김제시 금산면 청도리,동,"[2016, 2020, 2022]",3
4159036023,경기도 화성시 팔탄면 기천리,동,"[2022, 2023]",3
4159037026,경기도 화성시 장안면 덕다리,동,[2022],3
2671031023,부산광역시 기장군 일광면 학리,동,[2017],3
4159037024,경기도 화성시 장안면 독정리,동,[2022],3
2920016700,광주광역시 광산구 남산동,동,[2023],2
4159037025,경기도 화성시 장안면 장안리,동,[2022],2
4678034000,전라남도 보성군 율어면,동,[2017],2
4684033021,전라남도 무안군 청계면 월선리,동,[2017],2
4615034022,전라남도 순천시 월등면 농선리,동,[2017],2
4687034026,전라남도 영광군 군서면 가사리,동,[2017],2
4687032026,전라남도 영광군 묘량면 삼학리,동,[2017],2
4687032024,전라남도 영광군 묘량면 삼효리,동,[2017],2
4514013200,전라북도 익산시 임상동,동,[2017],2
4623036023,전라남도 광양시 다압면 고사리,동,"[2018, 2021]",2
4575032024,전라북도 임실군 운암면 지천리,동,[2018],2
4513032023,전라북도 군산시 회현면 대정리,동,"[2018, 2019]",2
4691025331,전라남도 신안군 압해읍 신장리,동,[2018],2
4784035031,경상북도 성주군 금수면 후평리,동,[2017],2
4623025025,전라남도 광양시 광양읍 목성리,동,[2017],2
4514042032,전라북도 익산시 춘포면 춘포리,동,[2017],2
4579040034,전라북도 고창군 흥덕면 사천리,동,[2016],2
4579025031,전라북도 고창군 고창읍 주곡리,동,[2016],2
4511310500,전라북도 전주시 덕진구 덕진동1가,동,[2021],2
2915512300,광주광역시 남구 칠석동,동,[2016],2
4521040025,전라북도 김제시 성덕면 성덕리,동,"[2020, 2021]",2
4615035036,전라남도 순천시 주암면 어왕리,동,[2020],2
4159036022,경기도 화성시 팔탄면 창곡리,동,[2020],2
4615035035,전라남도 순천시 주암면 한곡리,동,[2020],2
4683032028,전라남도 영암군 금정면 연소리,동,[2016],2
4617032028,전라남도 나주시 왕곡면 행전리,동,[2016],2
4617012600,전라남도 나주시 평산동,동,[2016],2
4680035030,전라남도 장흥군 유치면 관동리,동,[2016],2
2920016400,광주광역시 광산구 송학동,동,[2020],2
4812112800,경상남도 창원시 의창구 용호동,동,[2020],2
4688040027,전라남도 장성군 북하면 성암리,동,[2017],2
2671032024,부산광역시 기장군 정관면 월평리,동,[2017],2
4514032028,전라북도 익산시 황등면 신기리,동,[2017],2
4579042033,전라북도 고창군 신림면 부송리,동,[2016],2
4514039021,전라북도 익산시 여산면 여산리,동,[2016],2
4579032026,전라북도 고창군 아산면 대동리,동,[2016],2
4514013100,전라북도 익산시 정족동,동,[2016],2
4684034026,전라남도 무안군 현경면 해운리,동,[2016],2
4617038032,전라남도 나주시 노안면 오정리,동,[2016],2
4575032030,전라북도 임실군 운암면 마암리,동,[2016],2
4182034026,경기도 가평군 하면 마일리,동,[2016],2
4514036024,전라북도 익산시 용안면 창리,동,[2016],2
4672040024,전라남도 곡성군 오산면 조양리,동,"[2016, 2017]",2
4521045033,전라북도 김제시 금산면 구월리,동,"[2020, 2021]",2
4514011600,전라북도 익산시 송학동,동,[2017],2
4615035041,전라남도 순천시 주암면 문길리,동,[2016],2
4574031024,전라북도 장수군 산서면 봉서리,동,[2016],2
2771036000,대구광역시 달성군 현풍면,동,[2016],2
4677038023,전라남도 고흥군 과역면 연등리,동,[2016],2
4677038028,전라남도 고흥군 과역면 도천리,동,[2016],2
4681034021,전라남도 강진군 도암면 덕서리,동,[2016],2
4688032022,전라남도 장성군 남면 녹진리,동,[2020],2
4688032025,전라남도 장성군 남면 평산리,동,[2020],2
4577032032,전라북도 순창군 동계면 내령리,동,[2020],2
4623025027,전라남도 광양시 광양읍 익신리,동,"[2020, 2021]",2
4521040023,전라북도 김제시 성덕면 대석리,동,[2019],2
4518043026,전라북도 정읍시 산내면 종성리,동,[2019],2
4623036024,전라남도 광양시 다압면 금천리,동,[2021],2
4521010600,전라북도 김제시 백학동,동,[2021],2
4684032021,전라남도 무안군 몽탄면 달산리,동,"[2016, 2017]",2
4682034034,전라남도 해남군 송지면 서정리,동,[2019],2
4623031026,전라남도 광양시 봉강면 조령리,동,[2019],2
4579032033,전라북도 고창군 아산면 계산리,동,[2016],2
4521012400,전라북도 김제시 신월동,동,"[2016, 2020]",2
4521045031,전라북도 김제시 금산면 삼봉리,동,"[2016, 2021]",2
4521010400,전라북도 김제시 검산동,동,"[2016, 2021]",2
4513011100,전라북도 군산시 삼학동,동,[2020],2
4513010700,전라북도 군산시 금광동,동,[2020],2
4579043031,전라북도 고창군 부안면 용산리,동,[2016],2
4615040024,전라남도 순천시 상사면 도월리,동,"[2016, 2020]",2
2920014900,광주광역시 광산구 지죽동,동,[2023],2
2920015000,광주광역시 광산구 용동,동,[2023],2
2920012600,광주광역시 광산구 장수동,동,[2023],2
4519033028,전라북도 남원시 송동면 장포리,동,[2023],2
2920015100,광주광역시 광산구 용곡동,동,"[2022, 2023]",2
4673032000,전라남도 구례군 간전면,동,[2022],2
4677040000,전라남도 고흥군 동강면,동,[2022],2
4521038025,전라북도 김제시 공덕면 저산리,동,"[2022, 2023]",2
4571033028,전라북도 완주군 이서면 은교리,동,[2022],1
4691025327,전라남도 신안군 압해읍 동서리,동,[2018],1
4623010500,전라남도 광양시 중군동,동,[2017],1
4678032000,전라남도 보성군 미력면,동,[2017],1
4678038000,전라남도 보성군 득량면,동,[2017],1
4688038000,전라남도 장성군 북일면,동,[2022],1
4521044000,전라북도 김제시 황산면,동,[2022],1
4613013300,전라남도 여수시 신기동,동,[2022],1
4159031023,경기도 화성시 매송면 어천리,동,[2022],1
2920017800,광주광역시 광산구 동림동,동,[2022],1
4518010800,전라북도 정읍시 상평동,동,[2022],1
4684025327,전라남도 무안군 일로읍 용산리,동,[2016],1
4574034027,전라북도 장수군 천천면 춘송리,동,[2017],1
4575041022,전라북도 임실군 지사면 원산리,동,[2017],1
4684025625,전라남도 무안군 삼향읍 유교리,동,[2017],1
4684025623,전라남도 무안군 삼향읍 용포리,동,[2017],1
4684025333,전라남도 무안군 일로읍 감돈리,동,[2017],1
4784035034,경상북도 성주군 금수면 영천리,동,[2017],1
4611010300,전라남도 목포시 연산동,동,[2017],1
4519040026,전라북도 남원시 보절면 황벌리,동,[2017],1
4146133022,경기도 용인시 처인구 이동면 어비리,동,[2017],1
4678035000,전라남도 보성군 복내면,동,[2017],1
4784035030,경상북도 성주군 금수면 어은리,동,[2017],1
4613012600,전라남도 여수시 덕충동,동,[2017],1
4521011600,전라북도 김제시 황산동,동,[2016],1
4521043033,전라북도 김제시 봉남면 회성리,동,[2016],1
4514012500,전라북도 익산시 금강동,동,[2016],1
2920012700,광주광역시 광산구 산정동,동,[2016],1
4577032033,전라북도 순창군 동계면 수장리,동,[2020],1
4513011000,전라북도 군산시 문화동,동,[2020],1
4679025045,전라남도 화순군 화순읍 주도리,동,[2016],1
4682036028,전라남도 해남군 북일면 내동리,동,[2016],1
4683025023,전라남도 영암군 영암읍 서남리,동,[2016],1
4682031021,전라남도 해남군 삼산면 신흥리,동,[2016],1
4682034030,전라남도 해남군 송지면 송호리,동,[2019],1
4682034029,전라남도 해남군 송지면 소죽리,동,[2019],1
4682034023,전라남도 해남군 송지면 가차리,동,[2019],1
4688034032,전라남도 장성군 삼서면 두월리,동,[2019],1
4613025021,전라남도 여수시 돌산읍 군내리,동,[2019],1
4513012400,전라북도 군산시 죽성동,동,[2019],1
4617025034,전라남도 나주시 남평읍 수원리,동,[2016],1
4686025033,전라남도 함평군 함평읍 진양리,동,[2016],1
2911012500,광주광역시 동구 내남동,동,[2016],1
4681032031,전라남도 강진군 칠량면 흥학리,동,[2016],1
4681040024,전라남도 강진군 마량면 마량리,동,[2016],1
2920011900,광주광역시 광산구 신가동,동,[2016],1
4681031021,전라남도 강진군 군동면 파산리,동,[2016],1
4688031022,전라남도 장성군 진원면 산정리,동,[2016],1
4681031022,전라남도 강진군 군동면 호계리,동,[2016],1
4679025043,전라남도 화순군 화순읍 앵남리,동,[2016],1
4684034027,전라남도 무안군 현경면 송정리,동,[2016],1
4691025029,전라남도 신안군 지도읍 자동리,동,[2016],1
4684034029,전라남도 무안군 현경면 용정리,동,[2016],1
4577040024,전라북도 순창군 구림면 성곡리,동,[2016],1
4615011500,전라남도 순천시 풍덕동,동,[2016],1
2917013500,광주광역시 북구 효령동,동,[2016],1
4514032021,전라북도 익산시 황등면 황등리,동,[2016],1
4617038029,전라남도 나주시 노안면 구정리,동,[2016],1
4688033028,전라남도 장성군 동화면 구룡리,동,[2016],1
4691025028,전라남도 신안군 지도읍 당촌리,동,[2016],1
4681035021,전라남도 강진군 신전면 수양리,동,[2016],1
4617011800,전라남도 나주시 석현동,동,[2016],1
4575032027,전라북도 임실군 운암면 입석리,동,[2016],1
4623025033,전라남도 광양시 광양읍 도월리,동,[2016],1
4521046023,전라북도 김제시 광활면 창제리,동,[2016],1
4615012300,전라남도 순천시 교량동,동,[2016],1
4579032029,전라북도 고창군 아산면 성산리,동,[2016],1
4577039026,전라북도 순창군 유등면 무수리,동,[2016],1
4521012900,전라북도 김제시 서정동,동,[2016],1
4521012800,전라북도 김제시 도장동,동,[2016],1
4623031025,전라남도 광양시 봉강면 구서리,동,[2019],1
4617038024,전라남도 나주시 노안면 도산리,동,[2016],1
4617040025,전라남도 나주시 산포면 산제리,동,[2016],1
4613011000,전라남도 여수시 충무동,동,[2016],1
4514042029,전라북도 익산시 춘포면 쌍정리,동,[2016],1
4521011000,전라북도 김제시 옥산동,동,[2016],1
4678025326,전라남도 보성군 벌교읍 추동리,동,[2016],1
2914013100,광주광역시 서구 마륵동,동,[2016],1
4575025030,전라북도 임실군 임실읍 두만리,동,[2016],1
4623011000,전라남도 광양시 금호동,동,[2016],1
4579032023,전라북도 고창군 아산면 목동리,동,[2016],1
4579043034,전라북도 고창군 부안면 운양리,동,[2016],1
4579040029,전라북도 고창군 흥덕면 사포리,동,[2016],1
4519039026,전라북도 남원시 덕과면 용산리,동,[2016],1
4672037031,전라남도 곡성군 옥과면 황산리,동,[2016],1
4678025324,전라남도 보성군 벌교읍 고읍리,동,[2019],1
4678025322,전라남도 보성군 벌교읍 전동리,동,[2019],1
4615025031,전라남도 순천시 승주읍 신학리,동,[2019],1
4615034023,전라남도 순천시 월등면 월용리,동,[2019],1
4518012100,전라북도 정읍시 하북동,동,[2020],1
4684033034,전라남도 무안군 청계면 태봉리,동,[2020],1
4615032032,전라남도 순천시 서면 지본리,동,[2020],1
4580032021,전라북도 부안군 동진면 봉황리,동,[2020],1
4580033023,전라북도 부안군 행안면 진동리,동,[2020],1
4159041024,경기도 화성시 정남면 관항리,동,[2020],1
4615025032,전라남도 순천시 승주읍 죽학리,동,[2016],1
4521036025,전라북도 김제시 부량면 용성리,동,[2016],1
4687031026,전라남도 영광군 대마면 홍교리,동,[2016],1
2771037000,대구광역시 달성군 유가면,동,[2016],1
2771037026,대구광역시 달성군 유가면 초곡리,동,[2016],1
2771037023,대구광역시 달성군 유가면 용리,동,[2016],1
4615025026,전라남도 순천시 승주읍 구강리,동,[2019],1
4577031029,전라북도 순창군 인계면 중산리,동,[2021],1
4518034031,전라북도 정읍시 고부면 용흥리,동,[2021],1
4615038029,전라남도 순천시 낙안면 평촌리,동,[2021],1
4521042025,전라북도 김제시 금구면 월전리,동,[2021],1
2915511100,광주광역시 남구 임암동,동,[2021],1
4673034024,전라남도 구례군 마산면 황전리,동,[2016],1
3611032029,세종특별자치시 연동면 다솜리,동,[2016],1
4677041023,전라남도 고흥군 대서면 안남리,동,[2016],1
4681038027,전라남도 강진군 병영면 한학리,동,[2016],1
2915511200,광주광역시 남구 송하동,동,[2016],1
4688036021,전라남도 장성군 황룡면 월평리,동,[2016],1
2915512600,광주광역시 남구 양과동,동,[2016],1
4617043037,전라남도 나주시 봉황면 만봉리,동,[2016],1
4681037023,전라남도 강진군 작천면 삼열리,동,[2016],1
4617025035,전라남도 나주시 남평읍 광이리,동,[2016],1
4617025023,전라남도 나주시 남평읍 동사리,동,[2016],1
4679025038,전라남도 화순군 화순읍 도웅리,동,[2016],1
4617037022,전라남도 나주시 문평면 송산리,동,[2016],1
4688032028,전라남도 장성군 남면 삼태리,동,[2016],1
4681038021,전라남도 강진군 병영면 상낙리,동,[2016],1
4682036023,전라남도 해남군 북일면 신월리,동,[2016],1
4617036036,전라남도 나주시 다시면 회진리,동,[2016],1
4617032027,전라남도 나주시 왕곡면 화정리,동,[2016],1
4122035025,경기도 평택시 청북면 후사리,동,[2016],1
4518025029,전라북도 정읍시 신태인읍 양괴리,동,[2019],1
4671033031,전라남도 담양군 남면 풍암리,동,[2019],1
4615025022,전라남도 순천시 승주읍 신전리,동,[2020],1
4729036028,경상북도 경산시 압량면 의송리,동,[2020],1
4521010900,전라북도 김제시 교동,동,[2020],1
4518033028,전라북도 정읍시 소성면 중광리,동,[2020],1
4729036036,경상북도 경산시 압량면 당리리,동,[2020],1
4519031022,전라북도 남원시 주천면 배덕리,동,[2017],1
4677032026,전라남도 고흥군 도덕면 용동리,동,[2017],1
4672034025,전라남도 곡성군 목사동면 수곡리,동,[2017],1
4812112600,경상남도 창원시 의창구 신월동,동,[2017],1
4511313700,전라북도 전주시 덕진구 남정동,동,[2021],1
4511313100,전라북도 전주시 덕진구 만성동,동,[2021],1
4511313300,전라북도 전주시 덕진구 팔복동4가,동,[2021],1
4511114200,전라북도 전주시 완산구 효자동3가,동,[2021],1
4575034029,전라북도 임실군 성수면 월평리,동,[2017],1
4678025327,전라남도 보성군 벌교읍 징광리,동,[2017],1
4673036024,전라남도 구례군 용방면 용강리,동,[2017],1
4513035023,전라북도 군산시 대야면 복교리,동,[2017],1
4513035024,전라북도 군산시 대야면 광교리,동,[2017],1
4687032028,전라남도 영광군 묘량면 연암리,동,[2017],1
4686035031,전라남도 함평군 대동면 서호리,동,[2017],1
4518044027,전라북도 정읍시 산외면 목욕리,동,[2017],1
4672036026,전라남도 곡성군 고달면 호곡리,동,[2018],1
4575037033,전라북도 임실군 삼계면 두월리,동,[2018],1
4514042028,전라북도 익산시 춘포면 천동리,동,[2018],1
4514042024,전라북도 익산시 춘포면 오산리,동,[2018],1
2771036026,대구광역시 달성군 현풍면 원교리,동,[2018],1
4677040030,전라남도 고흥군 동강면 노동리,동,[2016],1
4681025035,전라남도 강진군 강진읍 서산리,동,[2016],1
4688034030,전라남도 장성군 삼서면 석마리,동,[2016],1
4686033031,전라남도 함평군 학교면 석정리,동,[2016],1
4617032021,전라남도 나주시 왕곡면 덕산리,동,[2016],1
4617012400,전라남도 나주시 용산동,동,[2016],1
4683033023,전라남도 영암군 신북면 유곡리,동,[2016],1
4683033025,전라남도 영암군 신북면 학동리,동,[2016],1
4681032022,전라남도 강진군 칠량면 동백리,동,[2016],1
4615039023,전라남도 순천시 별량면 송학리,동,[2020],1
4159025329,경기도 화성시 봉담읍 세곡리,동,[2020],1
4725032022,경상북도 상주시 사벌면 원흥리,동,[2020],1
4514042025,전라북도 익산시 춘포면 신동리,동,[2016],1
4617032032,전라남도 나주시 왕곡면 장산리,동,[2016],1
2671032029,부산광역시 기장군 정관면 두명리,동,[2016],1
4575032022,전라북도 임실군 운암면 선거리,동,[2016],1
4514044023,전라북도 익산시 용동면 용성리,동,[2017],1
4671035023,전라남도 담양군 대덕면 비차리,동,[2017],1
4514031025,전라북도 익산시 오산면 신지리,동,[2017],1
4514031023,전라북도 익산시 오산면 영만리,동,[2017],1
4575041021,전라북도 임실군 지사면 관기리,동,[2017],1
4575031025,전라북도 임실군 청웅면 석두리,동,[2017],1
4615010700,전라남도 순천시 매곡동,동,[2017],1
4678036024,전라남도 보성군 문덕면 죽산리,동,[2017],1
4611016000,전라남도 목포시 석현동,동,[2017],1
2671032028,부산광역시 기장군 정관면 용수리,동,[2017],1
4159037027,경기도 화성시 장안면 사랑리,동,[2022],1
4686038022,전라남도 함평군 월야면 양정리,동,[2023],1
2920012500,광주광역시 광산구 하남동,동,[2023],1
2920017700,광주광역시 광산구 양산동,동,[2023],1
2920015700,광주광역시 광산구 송산동,동,[2023],1
