sigungu_cd,before,after,removed,removed_rate,year
26200,221,166,55,0.248868778280543,2016
26290,27,26,1,0.037037037037037035,2016
26380,13,12,1,0.07692307692307693,2016
26410,33,28,5,0.15151515151515152,2016
26440,32,30,2,0.0625,2016
26710,15,15,0,0.0,2016
27140,23,19,4,0.17391304347826086,2016
27170,7,7,0,0.0,2016
27230,2281,1596,685,0.30030688294607627,2016
27260,8,8,0,0.0,2016
27290,15,8,7,0.4666666666666667,2016
27710,1,1,0,0.0,2016
27720,107,94,13,0.12149532710280374,2016
29140,3,3,0,0.0,2016
29155,1,1,0,0.0,2016
29200,20,17,3,0.15,2016
31110,8982,6512,2470,0.2749944333110666,2016
31140,365,281,84,0.23013698630136986,2016
31170,10259,7570,2689,0.2621113168924846,2016
31200,15111,10856,4255,0.2815829528158295,2016
31710,86557,53813,32744,0.3782940721143293,2016
36110,28,14,14,0.5,2016
41133,297,113,184,0.6195286195286195,2016
41135,1098,490,608,0.5537340619307832,2016
41150,1,1,0,0.0,2016
41220,93,74,19,0.20430107526881722,2016
41250,71,62,9,0.1267605633802817,2016
41360,6404,3976,2428,0.3791380387257964,2016
41450,543,387,156,0.287292817679558,2016
41461,782,533,249,0.31841432225063937,2016
41463,74,51,23,0.3108108108108108,2016
41465,3,2,1,0.3333333333333333,2016
41480,1,1,0,0.0,2016
41500,40,39,1,0.025,2016
41550,154,130,24,0.15584415584415584,2016
41610,18867,11406,7461,0.3954523771664812,2016
41630,12,10,2,0.16666666666666666,2016
41650,3336,2090,1246,0.3735011990407674,2016
41670,8,5,3,0.375,2016
41800,694,525,169,0.24351585014409222,2016
41820,541,437,104,0.1922365988909427,2016
41830,776,614,162,0.20876288659793815,2016
43113,6,6,0,0.0,2016
43150,3,2,1,0.3333333333333333,2016
43740,1,1,0,0.0,2016
43800,12,12,0,0.0,2016
44180,1,1,0,0.0,2016
45130,1,1,0,0.0,2016
45140,34,29,5,0.14705882352941177,2016
45190,7,6,1,0.14285714285714285,2016
45210,1,1,0,0.0,2016
45750,2,2,0,0.0,2016
45770,28,26,2,0.07142857142857142,2016
45790,15,14,1,0.06666666666666667,2016
46130,24,23,1,0.041666666666666664,2016
46150,651,602,49,0.07526881720430108,2016
46170,10901,5481,5420,0.49720209155123385,2016
46230,100,88,12,0.12,2016
46770,13,9,4,0.3076923076923077,2016
46780,13,12,1,0.07692307692307693,2016
46820,1,1,0,0.0,2016
47111,180,114,66,0.36666666666666664,2016
47113,21548,14896,6652,0.3087061444217561,2016
47130,39882,26646,13236,0.33187904317737327,2016
47170,252,220,32,0.12698412698412698,2016
47190,2408,1426,982,0.40780730897009965,2016
47210,7,6,1,0.14285714285714285,2016
47230,15,13,2,0.13333333333333333,2016
47250,1175,879,296,0.2519148936170213,2016
47280,1,1,0,0.0,2016
47290,7,5,2,0.2857142857142857,2016
47730,30,21,9,0.3,2016
47770,750,654,96,0.128,2016
47820,775,447,328,0.4232258064516129,2016
47830,2020,1639,381,0.18861386138613861,2016
47840,58,46,12,0.20689655172413793,2016
47850,98,90,8,0.08163265306122448,2016
48121,7750,4258,3492,0.4505806451612903,2016
48123,705,548,157,0.2226950354609929,2016
48125,2235,1555,680,0.3042505592841163,2016
48127,833,381,452,0.5426170468187275,2016
48129,872,760,112,0.12844036697247707,2016
48170,588,574,14,0.023809523809523808,2016
48220,1691,1457,234,0.13837965700768776,2016
48240,6993,5180,1813,0.25925925925925924,2016
48250,16,12,4,0.25,2016
48270,52657,26835,25822,0.49038114590652715,2016
48310,10608,8432,2176,0.20512820512820512,2016
48330,28,24,4,0.14285714285714285,2016
48720,1486,1038,448,0.30148048452220727,2016
48730,3990,2208,1782,0.44661654135338347,2016
48740,2182,1613,569,0.26076993583868013,2016
48820,1135,558,577,0.5083700440528635,2016
48840,367,211,156,0.4250681198910082,2016
48850,501,305,196,0.3912175648702595,2016
48860,15,10,5,0.3333333333333333,2016
48880,4,4,0,0.0,2016
48890,35,32,3,0.08571428571428572,2016
50110,146687,89815,56872,0.3877098856749405,2016
50130,26854,16233,10621,0.39550904893125793,2016
51110,209,158,51,0.24401913875598086,2016
51130,18,15,3,0.16666666666666666,2016
51720,78,64,14,0.1794871794871795,2016
51730,3,3,0,0.0,2016
51770,38,33,5,0.13157894736842105,2016
51830,1,1,0,0.0,2016
26200,245,198,47,0.19183673469387755,2017
26290,24,21,3,0.125,2017
26320,4,4,0,0.0,2017
26350,11,11,0,0.0,2017
26380,10,10,0,0.0,2017
26410,179,125,54,0.3016759776536313,2017
26440,10,9,1,0.1,2017
26710,226,164,62,0.2743362831858407,2017
27140,2,2,0,0.0,2017
27230,163,94,69,0.4233128834355828,2017
27260,18,13,5,0.2777777777777778,2017
27290,4,4,0,0.0,2017
27710,3113,2168,945,0.3035656922582718,2017
27720,129,115,14,0.10852713178294573,2017
29140,4,4,0,0.0,2017
31110,6353,4587,1766,0.2779789076027074,2017
31140,1381,947,434,0.3142650253439537,2017
31170,11140,8627,2513,0.22558348294434472,2017
31200,28371,21366,7005,0.24690705297663107,2017
31710,90984,62048,28936,0.31803394003341245,2017
36110,26,20,6,0.23076923076923078,2017
41131,145,25,120,0.8275862068965517,2017
41133,275,221,54,0.19636363636363635,2017
41135,205,155,50,0.24390243902439024,2017
41220,13,12,1,0.07692307692307693,2017
41250,16,16,0,0.0,2017
41360,3900,2997,903,0.23153846153846153,2017
41430,7,6,1,0.14285714285714285,2017
41450,140,111,29,0.20714285714285716,2017
41461,2097,1350,747,0.3562231759656652,2017
41463,200,147,53,0.265,2017
41465,5,4,1,0.2,2017
41480,5,5,0,0.0,2017
41500,56,45,11,0.19642857142857142,2017
41550,169,116,53,0.3136094674556213,2017
41590,31,31,0,0.0,2017
41610,29395,18396,10999,0.3741792821908488,2017
41630,73,58,15,0.2054794520547945,2017
41650,6464,4011,2453,0.37948638613861385,2017
41670,23,18,5,0.21739130434782608,2017
41800,468,335,133,0.2841880341880342,2017
41820,27,23,4,0.14814814814814814,2017
41830,2778,1904,874,0.3146148308135349,2017
43113,9,8,1,0.1111111111111111,2017
43150,20,18,2,0.1,2017
43740,7,3,4,0.5714285714285714,2017
43800,13,11,2,0.15384615384615385,2017
44131,4,3,1,0.25,2017
44150,24,23,1,0.041666666666666664,2017
44180,30,29,1,0.03333333333333333,2017
44230,11,11,0,0.0,2017
44760,8,7,1,0.125,2017
44770,3,3,0,0.0,2017
44790,29,25,4,0.13793103448275862,2017
45130,3342,2450,892,0.26690604428485937,2017
45140,3,3,0,0.0,2017
45180,32,24,8,0.25,2017
45210,4,2,2,0.5,2017
45740,4,1,3,0.75,2017
45750,23,23,0,0.0,2017
45770,110,91,19,0.17272727272727273,2017
45800,5,3,2,0.4,2017
46110,59,53,6,0.1016949152542373,2017
46130,1304,951,353,0.27070552147239263,2017
46150,1415,1077,338,0.23886925795053005,2017
46230,45,38,7,0.15555555555555556,2017
46720,1,1,0,0.0,2017
46780,5,3,2,0.4,2017
46840,1,1,0,0.0,2017
46860,13,8,5,0.38461538461538464,2017
46870,113,41,72,0.6371681415929203,2017
46910,15,12,3,0.2,2017
47111,861,577,284,0.32984901277584205,2017
47113,26428,19469,6959,0.26331920690177085,2017
47130,61008,45470,15538,0.25468790978232364,2017
47150,50,21,29,0.58,2017
47170,798,656,142,0.17794486215538846,2017
47190,74782,43160,31622,0.4228557674306651,2017
47210,13,11,2,0.15384615384615385,2017
47230,104,96,8,0.07692307692307693,2017
47250,518,399,119,0.22972972972972974,2017
47290,18,18,0,0.0,2017
47730,161,110,51,0.3167701863354037,2017
47750,1,1,0,0.0,2017
47760,1,1,0,0.0,2017
47770,2369,1190,1179,0.49767834529337274,2017
47820,4097,2752,1345,0.32828899194532585,2017
47830,4737,3668,1069,0.22567025543592992,2017
47840,3899,2545,1354,0.3472685303924083,2017
47850,600,446,154,0.25666666666666665,2017
47900,1,1,0,0.0,2017
47920,5,5,0,0.0,2017
48121,10762,3768,6994,0.6498792046088088,2017
48123,402,315,87,0.21641791044776118,2017
48125,598,484,114,0.19063545150501673,2017
48127,250,108,142,0.568,2017
48129,326,276,50,0.15337423312883436,2017
48170,6859,4850,2009,0.29289983962676774,2017
48220,2488,2072,416,0.16720257234726688,2017
48240,17217,12219,4998,0.2902944763896149,2017
48250,33133,22208,10925,0.32973168744152354,2017
48270,14225,8718,5507,0.3871353251318102,2017
48310,23233,15827,7406,0.31877071407050317,2017
48330,4602,3006,1596,0.3468057366362451,2017
48720,2197,1592,605,0.2753755120619026,2017
48730,9643,6589,3054,0.31670641916416054,2017
48740,158,125,33,0.2088607594936709,2017
48820,1678,1210,468,0.2789034564958284,2017
48840,1045,766,279,0.2669856459330144,2017
48850,6124,4257,1867,0.3048661005878511,2017
48860,37,32,5,0.13513513513513514,2017
48870,5,5,0,0.0,2017
48880,8,8,0,0.0,2017
48890,113,105,8,0.07079646017699115,2017
50110,86157,54805,31352,0.36389382174402546,2017
50130,58664,39237,19427,0.33115709804991134,2017
51110,217,179,38,0.17511520737327188,2017
51130,12,10,2,0.16666666666666666,2017
51720,115,75,40,0.34782608695652173,2017
51730,11,10,1,0.09090909090909091,2017
51770,19,18,1,0.05263157894736842,2017
51810,4,4,0,0.0,2017
26200,134,115,19,0.1417910447761194,2018
26230,30,30,0,0.0,2018
26290,7,7,0,0.0,2018
26320,12,11,1,0.08333333333333333,2018
26350,4,4,0,0.0,2018
26380,2,2,0,0.0,2018
26410,105,98,7,0.06666666666666667,2018
26440,44,42,2,0.045454545454545456,2018
26710,9401,6535,2866,0.3048611849803212,2018
27140,18,18,0,0.0,2018
27170,46,42,4,0.08695652173913043,2018
27230,2041,1373,668,0.3272905438510534,2018
27260,2,2,0,0.0,2018
27290,49,45,4,0.08163265306122448,2018
27710,2304,1614,690,0.2994791666666667,2018
27720,620,432,188,0.3032258064516129,2018
30200,7,6,1,0.14285714285714285,2018
31110,4127,3209,918,0.22243760600920764,2018
31140,1340,938,402,0.3,2018
31170,6305,5088,1217,0.19302141157811262,2018
31200,25970,17103,8867,0.34143242202541396,2018
31710,59681,44540,15141,0.2536988321241266,2018
36110,4,4,0,0.0,2018
41131,18,16,2,0.1111111111111111,2018
41133,555,411,144,0.2594594594594595,2018
41135,1224,732,492,0.4019607843137255,2018
41220,9,5,4,0.4444444444444444,2018
41250,5,4,1,0.2,2018
41360,4328,3466,862,0.19916820702402957,2018
41430,5,4,1,0.2,2018
41450,62,48,14,0.22580645161290322,2018
41461,1101,781,320,0.29064486830154407,2018
41463,86,64,22,0.2558139534883721,2018
41480,1,1,0,0.0,2018
41500,59,52,7,0.11864406779661017,2018
41550,340,188,152,0.4470588235294118,2018
41590,6,6,0,0.0,2018
41610,32682,19599,13083,0.40031209840279053,2018
41630,30,29,1,0.03333333333333333,2018
41650,2485,1713,772,0.31066398390342054,2018
41670,6,4,2,0.3333333333333333,2018
41800,311,264,47,0.15112540192926044,2018
41820,59,54,5,0.0847457627118644,2018
41830,2244,1441,803,0.35784313725490197,2018
43150,16,16,0,0.0,2018
43740,7,4,3,0.42857142857142855,2018
43750,7,5,2,0.2857142857142857,2018
43800,26,11,15,0.5769230769230769,2018
44131,1,1,0,0.0,2018
44180,220,195,25,0.11363636363636363,2018
44230,1,1,0,0.0,2018
44710,10,8,2,0.2,2018
44760,2,2,0,0.0,2018
44770,33,28,5,0.15151515151515152,2018
44790,100,87,13,0.13,2018
44810,4,3,1,0.25,2018
45130,4720,3679,1041,0.22055084745762712,2018
45140,70,49,21,0.3,2018
45180,59,47,12,0.2033898305084746,2018
45730,11,7,4,0.36363636363636365,2018
45750,43,38,5,0.11627906976744186,2018
45770,414,349,65,0.1570048309178744,2018
46130,1792,1217,575,0.3208705357142857,2018
46150,792,640,152,0.1919191919191919,2018
46230,951,758,193,0.20294426919032596,2018
46710,20,13,7,0.35,2018
46720,1,1,0,0.0,2018
46770,1,1,0,0.0,2018
46780,19,18,1,0.05263157894736842,2018
46840,5,3,2,0.4,2018
46910,2,2,0,0.0,2018
47113,5525,4636,889,0.1609049773755656,2018
47130,11082,8492,2590,0.2337123262948926,2018
47150,418,314,104,0.24880382775119617,2018
47170,2632,1793,839,0.31876899696048633,2018
47190,44928,30466,14462,0.32189280626780625,2018
47210,23,20,3,0.13043478260869565,2018
47230,163,129,34,0.2085889570552147,2018
47250,202,171,31,0.15346534653465346,2018
47290,12,12,0,0.0,2018
47730,33,28,5,0.15151515151515152,2018
47770,226,148,78,0.34513274336283184,2018
47820,2433,1819,614,0.25236333744348544,2018
47830,3541,2512,1029,0.2905958768709404,2018
47840,6245,4284,1961,0.3140112089671737,2018
47850,2253,1704,549,0.2436750998668442,2018
48121,23,19,4,0.17391304347826086,2018
48125,1046,777,269,0.25717017208413,2018
48127,16,15,1,0.0625,2018
48129,78,61,17,0.21794871794871795,2018
48170,9101,6402,2699,0.29656081749258323,2018
48220,2422,1928,494,0.20396366639141206,2018
48240,24254,16763,7491,0.30885627113053515,2018
48250,10246,7599,2647,0.258344719890689,2018
48270,43384,27215,16169,0.3726950027659967,2018
48310,14785,10036,4749,0.32120392289482586,2018
48330,3068,2376,692,0.2255541069100391,2018
48720,3590,2720,870,0.24233983286908078,2018
48730,2822,1893,929,0.3291991495393338,2018
48740,47,38,9,0.19148936170212766,2018
48820,828,604,224,0.27053140096618356,2018
48840,512,395,117,0.228515625,2018
48850,5719,3933,1786,0.3122923588039867,2018
48860,28,26,2,0.07142857142857142,2018
48870,30,27,3,0.1,2018
48890,69,56,13,0.18840579710144928,2018
50110,73732,47942,25790,0.3497802853577822,2018
50130,43428,28388,15040,0.3463203463203463,2018
51110,116,107,9,0.07758620689655173,2018
51130,36,36,0,0.0,2018
51720,60,59,1,0.016666666666666666,2018
51730,9,8,1,0.1111111111111111,2018
51770,68,63,5,0.07352941176470588,2018
26200,163,130,33,0.20245398773006135,2019
26230,14,13,1,0.07142857142857142,2019
26290,4,4,0,0.0,2019
26350,2,2,0,0.0,2019
26380,5,5,0,0.0,2019
26410,21,19,2,0.09523809523809523,2019
26440,43,39,4,0.09302325581395349,2019
26710,6148,4399,1749,0.28448275862068967,2019
27140,8,8,0,0.0,2019
27170,21,20,1,0.047619047619047616,2019
27230,854,733,121,0.14168618266978922,2019
27260,3,3,0,0.0,2019
27290,12,11,1,0.08333333333333333,2019
27710,173,138,35,0.2023121387283237,2019
27720,2,1,1,0.5,2019
29140,9,9,0,0.0,2019
29155,7,7,0,0.0,2019
29200,6,6,0,0.0,2019
31110,2559,1937,622,0.24306369675654552,2019
31140,514,443,71,0.13813229571984437,2019
31170,3285,2807,478,0.14550989345509893,2019
31200,15475,12977,2498,0.161421647819063,2019
31710,58778,45329,13449,0.22881009901663887,2019
36110,49,21,28,0.5714285714285714,2019
41131,131,116,15,0.11450381679389313,2019
41133,178,146,32,0.1797752808988764,2019
41135,604,515,89,0.14735099337748345,2019
41220,3,3,0,0.0,2019
41250,17,17,0,0.0,2019
41360,4116,2753,1363,0.33114674441205055,2019
41450,21,16,5,0.23809523809523808,2019
41461,248,217,31,0.125,2019
41463,39,31,8,0.20512820512820512,2019
41480,5,5,0,0.0,2019
41500,7,6,1,0.14285714285714285,2019
41550,137,72,65,0.4744525547445255,2019
41610,31075,20285,10790,0.34722445695897025,2019
41630,9,9,0,0.0,2019
41650,2553,1573,980,0.3838621229925578,2019
41670,9,8,1,0.1111111111111111,2019
41800,213,156,57,0.2676056338028169,2019
41820,824,627,197,0.23907766990291263,2019
41830,5498,3537,1961,0.3566751546016733,2019
43113,1,1,0,0.0,2019
43150,59,56,3,0.05084745762711865,2019
43730,2,2,0,0.0,2019
43740,5,5,0,0.0,2019
43800,16,13,3,0.1875,2019
44131,4,4,0,0.0,2019
44133,1,1,0,0.0,2019
44180,37,28,9,0.24324324324324326,2019
44230,1,1,0,0.0,2019
44710,8,8,0,0.0,2019
44760,3,3,0,0.0,2019
44770,12,12,0,0.0,2019
44790,49,48,1,0.02040816326530612,2019
44810,1,1,0,0.0,2019
44825,105,103,2,0.01904761904761905,2019
45111,2,1,1,0.5,2019
45130,1805,1322,483,0.267590027700831,2019
45140,3,3,0,0.0,2019
45180,9,7,2,0.2222222222222222,2019
45210,8,7,1,0.125,2019
45750,27,24,3,0.1111111111111111,2019
45770,227,177,50,0.22026431718061673,2019
46130,1972,1000,972,0.49290060851926976,2019
46150,4452,3759,693,0.15566037735849056,2019
46230,2510,2020,490,0.1952191235059761,2019
46710,65,58,7,0.1076923076923077,2019
46730,35,33,2,0.05714285714285714,2019
46780,8,8,0,0.0,2019
46820,4,4,0,0.0,2019
46840,11,10,1,0.09090909090909091,2019
46880,22,20,2,0.09090909090909091,2019
47111,49,33,16,0.32653061224489793,2019
47113,5994,5256,738,0.12312312312312312,2019
47130,56264,42840,13424,0.23858950661168776,2019
47150,604,471,133,0.22019867549668873,2019
47170,1498,1301,197,0.1315086782376502,2019
47190,23922,18048,5874,0.2455480311010785,2019
47210,7,6,1,0.14285714285714285,2019
47230,206,179,27,0.13106796116504854,2019
47250,513,420,93,0.18128654970760233,2019
47290,21,21,0,0.0,2019
47730,74,56,18,0.24324324324324326,2019
47770,3248,2514,734,0.22598522167487683,2019
47820,3027,2316,711,0.2348860257680872,2019
47830,4370,3424,946,0.21647597254004577,2019
47840,4062,3099,963,0.23707533234859676,2019
47850,454,373,81,0.17841409691629956,2019
47900,1,1,0,0.0,2019
47920,2,2,0,0.0,2019
48121,1448,1042,406,0.2803867403314917,2019
48123,224,113,111,0.4955357142857143,2019
48125,2406,1589,817,0.3395677472984206,2019
48127,470,252,218,0.46382978723404256,2019
48129,99,76,23,0.23232323232323232,2019
48170,3988,2663,1325,0.332246740220662,2019
48220,1639,1272,367,0.2239170225747407,2019
48240,22338,16194,6144,0.27504700510341124,2019
48250,4046,3620,426,0.10528917449332674,2019
48270,13546,10333,3213,0.23719179093459325,2019
48310,4709,3690,1019,0.21639413888299003,2019
48330,2922,2368,554,0.189596167008898,2019
48720,1316,1007,309,0.23480243161094225,2019
48730,4213,2812,1401,0.3325421314977451,2019
48740,79,77,2,0.02531645569620253,2019
48820,638,522,116,0.18181818181818182,2019
48840,313,277,36,0.11501597444089456,2019
48850,7479,4006,3473,0.46436689396978204,2019
48860,53,43,10,0.18867924528301888,2019
48870,1,1,0,0.0,2019
48880,3,3,0,0.0,2019
48890,20,19,1,0.05,2019
50110,29040,21754,7286,0.2508953168044077,2019
50130,30880,20442,10438,0.3380181347150259,2019
51110,6229,4804,1425,0.2287686627066945,2019
51130,88,76,12,0.13636363636363635,2019
51720,1021,800,221,0.21645445641527913,2019
51730,53,47,6,0.11320754716981132,2019
51770,65,53,12,0.18461538461538463,2019
51810,1,1,0,0.0,2019
26140,6,6,0,0.0,2020
26200,63,54,9,0.14285714285714285,2020
26230,15,13,2,0.13333333333333333,2020
26320,12,12,0,0.0,2020
26350,23,13,10,0.43478260869565216,2020
26380,1,1,0,0.0,2020
26410,13,13,0,0.0,2020
26440,54,46,8,0.14814814814814814,2020
26530,200,185,15,0.075,2020
26710,1538,1355,183,0.11898569570871262,2020
27140,327,258,69,0.21100917431192662,2020
27200,1,1,0,0.0,2020
27230,1115,1031,84,0.07533632286995516,2020
27260,1,1,0,0.0,2020
27290,170,153,17,0.1,2020
27710,8831,6668,2163,0.2449326237119239,2020
27720,1775,1391,384,0.2163380281690141,2020
29140,14,12,2,0.14285714285714285,2020
29155,3,3,0,0.0,2020
29200,98,95,3,0.030612244897959183,2020
30200,4,4,0,0.0,2020
31110,2652,2109,543,0.20475113122171945,2020
31140,57,53,4,0.07017543859649122,2020
31170,2001,1744,257,0.12843578210894552,2020
31200,9694,8238,1456,0.1501959975242418,2020
31710,23219,19853,3366,0.14496748352642233,2020
36110,20,16,4,0.2,2020
41131,1,1,0,0.0,2020
41133,3,3,0,0.0,2020
41135,6,6,0,0.0,2020
41220,40,30,10,0.25,2020
41250,1,1,0,0.0,2020
41360,10119,7236,2883,0.28490957604506373,2020
41450,6,6,0,0.0,2020
41461,257,227,30,0.11673151750972763,2020
41463,56,43,13,0.23214285714285715,2020
41465,1,1,0,0.0,2020
41480,11,11,0,0.0,2020
41500,23,17,6,0.2608695652173913,2020
41550,16,13,3,0.1875,2020
41590,4,4,0,0.0,2020
41610,14147,10441,3706,0.2619636672085955,2020
41630,11,11,0,0.0,2020
41650,8441,5262,3179,0.37661414524345455,2020
41670,146,131,15,0.10273972602739725,2020
41800,74,65,9,0.12162162162162163,2020
41820,138,99,39,0.2826086956521739,2020
41830,3434,2455,979,0.2850902737332557,2020
43113,2,2,0,0.0,2020
43150,46,42,4,0.08695652173913043,2020
43740,1,1,0,0.0,2020
43800,4,4,0,0.0,2020
44131,3,3,0,0.0,2020
44133,3,3,0,0.0,2020
44150,7,4,3,0.42857142857142855,2020
44180,36,32,4,0.1111111111111111,2020
44210,24,23,1,0.041666666666666664,2020
44770,25,25,0,0.0,2020
44790,4,4,0,0.0,2020
44800,6,6,0,0.0,2020
44810,2,2,0,0.0,2020
44825,90,73,17,0.18888888888888888,2020
45111,1317,979,338,0.25664388762338647,2020
45130,1040,921,119,0.11442307692307692,2020
45180,16,16,0,0.0,2020
45190,3,3,0,0.0,2020
45210,33,30,3,0.09090909090909091,2020
45750,212,186,26,0.12264150943396226,2020
45770,43,43,0,0.0,2020
45800,2,2,0,0.0,2020
46130,11763,9346,2417,0.20547479384510753,2020
46150,10359,4952,5407,0.5219615793030216,2020
46230,4116,3193,923,0.22424684159378036,2020
46710,2,2,0,0.0,2020
46720,1,1,0,0.0,2020
46730,58,57,1,0.017241379310344827,2020
46780,3,3,0,0.0,2020
46880,12,12,0,0.0,2020
47111,2335,2141,194,0.08308351177730193,2020
47113,9473,8776,697,0.073577536155389,2020
47130,28850,24060,4790,0.1660311958405546,2020
47150,1626,1300,326,0.2004920049200492,2020
47170,1884,1666,218,0.11571125265392782,2020
47190,19518,16718,2800,0.14345732144686957,2020
47210,120,117,3,0.025,2020
47230,457,418,39,0.08533916849015317,2020
47250,1072,945,127,0.11847014925373134,2020
47280,2,1,1,0.5,2020
47290,38,14,24,0.631578947368421,2020
47730,312,269,43,0.13782051282051283,2020
47770,1146,1015,131,0.1143106457242583,2020
47820,6691,5274,1417,0.21177701389926767,2020
47830,7467,5802,1665,0.22298111691442346,2020
47840,2677,2399,278,0.1038475905864774,2020
47850,564,528,36,0.06382978723404255,2020
47900,5,5,0,0.0,2020
47920,1,1,0,0.0,2020
48121,1602,1377,225,0.1404494382022472,2020
48123,123,115,8,0.06504065040650407,2020
48125,1577,1295,282,0.17882054533925174,2020
48127,831,724,107,0.12876052948255115,2020
48129,2,2,0,0.0,2020
48170,6340,4808,1532,0.2416403785488959,2020
48220,1819,1621,198,0.10885101704233095,2020
48240,7174,5897,1277,0.17800390298299415,2020
48250,2517,2160,357,0.14183551847437426,2020
48270,8281,6232,2049,0.24743388479652215,2020
48310,4891,4424,467,0.09548149662645676,2020
48330,2962,2529,433,0.1461850101282917,2020
48720,671,553,118,0.17585692995529062,2020
48730,4741,3910,831,0.17527947690360685,2020
48740,3295,3040,255,0.07738998482549317,2020
48820,3710,3132,578,0.15579514824797844,2020
48840,144,139,5,0.034722222222222224,2020
48850,8127,4925,3202,0.39399532422788236,2020
48860,24,23,1,0.041666666666666664,2020
48870,14,11,3,0.21428571428571427,2020
48880,2,2,0,0.0,2020
48890,3,3,0,0.0,2020
50110,26716,19557,7159,0.2679667614912412,2020
50130,13598,9492,4106,0.3019561700250037,2020
51110,2552,1944,608,0.23824451410658307,2020
51130,134,126,8,0.05970149253731343,2020
51720,537,449,88,0.16387337057728119,2020
51730,18,16,2,0.1111111111111111,2020
51770,15,15,0,0.0,2020
51810,1,1,0,0.0,2020
26140,4,4,0,0.0,2021
26200,61,45,16,0.26229508196721313,2021
26230,51,49,2,0.0392156862745098,2021
26320,16,16,0,0.0,2021
26380,1,1,0,0.0,2021
26410,108,105,3,0.027777777777777776,2021
26440,85,80,5,0.058823529411764705,2021
26500,16,15,1,0.0625,2021
26530,1,1,0,0.0,2021
26710,2126,1859,267,0.12558795860771402,2021
27140,408,356,52,0.12745098039215685,2021
27170,17,15,2,0.11764705882352941,2021
27230,1257,1195,62,0.049323786793953855,2021
27290,126,121,5,0.03968253968253968,2021
27710,1951,1620,331,0.16965658636596617,2021
27720,736,581,155,0.2105978260869565,2021
29140,2,2,0,0.0,2021
29200,967,915,52,0.05377456049638056,2021
30200,7,7,0,0.0,2021
31110,1136,983,153,0.13468309859154928,2021
31140,103,75,28,0.27184466019417475,2021
31170,1283,1120,163,0.1270459859703819,2021
31200,8183,6941,1242,0.15177807650006112,2021
31710,19600,16692,2908,0.1483673469387755,2021
36110,15,15,0,0.0,2021
41131,45,40,5,0.1111111111111111,2021
41133,81,62,19,0.2345679012345679,2021
41135,284,228,56,0.19718309859154928,2021
41220,319,296,23,0.07210031347962383,2021
41360,7330,6223,1107,0.1510231923601637,2021
41450,73,59,14,0.1917808219178082,2021
41461,14,13,1,0.07142857142857142,2021
41480,12,12,0,0.0,2021
41500,135,110,25,0.18518518518518517,2021
41550,1,1,0,0.0,2021
41590,1,1,0,0.0,2021
41610,7768,6368,1400,0.18022657054582905,2021
41630,79,72,7,0.08860759493670886,2021
41650,6775,5331,1444,0.21313653136531366,2021
41670,28,25,3,0.10714285714285714,2021
41820,240,225,15,0.0625,2021
41830,16690,13088,3602,0.2158178550029958,2021
43150,47,46,1,0.02127659574468085,2021
43750,1,1,0,0.0,2021
43800,18,17,1,0.05555555555555555,2021
44131,1,1,0,0.0,2021
44133,2,1,1,0.5,2021
44180,78,74,4,0.05128205128205128,2021
44210,312,120,192,0.6153846153846154,2021
44710,1,1,0,0.0,2021
44770,59,51,8,0.13559322033898305,2021
44790,306,288,18,0.058823529411764705,2021
44810,7,7,0,0.0,2021
44825,28,27,1,0.03571428571428571,2021
45113,7,7,0,0.0,2021
45130,112,100,12,0.10714285714285714,2021
45140,1,1,0,0.0,2021
45180,7,7,0,0.0,2021
45190,7,7,0,0.0,2021
45210,44,40,4,0.09090909090909091,2021
45710,3,3,0,0.0,2021
45750,73,72,1,0.0136986301369863,2021
45770,221,207,14,0.06334841628959276,2021
46130,6861,5954,907,0.13219647281737357,2021
46150,9578,7781,1797,0.18761745667153895,2021
46230,3902,3304,598,0.1532547411583803,2021
46710,10,10,0,0.0,2021
46730,2,2,0,0.0,2021
46780,6,6,0,0.0,2021
46840,1,1,0,0.0,2021
46860,3,3,0,0.0,2021
46880,372,226,146,0.3924731182795699,2021
47111,8906,7599,1307,0.1467549966314844,2021
47113,13607,12184,1423,0.10457852575880061,2021
47130,24382,20109,4273,0.17525223525551636,2021
47150,1493,1294,199,0.1332886805090422,2021
47170,1431,1273,158,0.11041229909154437,2021
47190,16929,14413,2516,0.14862071002421878,2021
47210,177,161,16,0.0903954802259887,2021
47230,345,318,27,0.0782608695652174,2021
47250,712,672,40,0.056179775280898875,2021
47290,48,47,1,0.020833333333333332,2021
47730,878,839,39,0.04441913439635535,2021
47770,902,831,71,0.0787139689578714,2021
47820,3676,3221,455,0.12377584330794342,2021
47830,11751,8584,3167,0.2695089779593226,2021
47840,1962,1585,377,0.19215086646279306,2021
47850,1938,1771,167,0.08617131062951497,2021
47900,31,30,1,0.03225806451612903,2021
47920,3,3,0,0.0,2021
47930,1,1,0,0.0,2021
48121,545,466,79,0.14495412844036698,2021
48123,30,27,3,0.1,2021
48125,1480,1280,200,0.13513513513513514,2021
48127,93,91,2,0.021505376344086023,2021
48129,126,117,9,0.07142857142857142,2021
48170,2761,2262,499,0.18073161897863094,2021
48220,1705,1558,147,0.08621700879765395,2021
48240,6596,5671,925,0.1402365069739236,2021
48250,2925,2687,238,0.08136752136752137,2021
48270,26139,20373,5766,0.2205899231034087,2021
48310,6045,5401,644,0.1065343258891646,2021
48330,3748,3400,348,0.09284951974386339,2021
48720,3648,2803,845,0.23163377192982457,2021
48730,1396,1238,158,0.11318051575931232,2021
48740,7510,6370,1140,0.151797603195739,2021
48820,2168,1831,337,0.15544280442804428,2021
48840,68,67,1,0.014705882352941176,2021
48850,12675,10320,2355,0.18579881656804734,2021
48860,6,6,0,0.0,2021
48870,19,17,2,0.10526315789473684,2021
48880,42,41,1,0.023809523809523808,2021
48890,18,16,2,0.1111111111111111,2021
50110,13941,10455,3486,0.25005379814934364,2021
50130,12516,9249,3267,0.26102588686481304,2021
51110,809,662,147,0.18170580964153277,2021
51130,172,165,7,0.040697674418604654,2021
51230,1,1,0,0.0,2021
51720,193,175,18,0.09326424870466321,2021
51730,216,207,9,0.041666666666666664,2021
51770,9,9,0,0.0,2021
26140,6,6,0,0.0,2022
26170,1,1,0,0.0,2022
26200,59,52,7,0.11864406779661017,2022
26230,32,32,0,0.0,2022
26260,3,2,1,0.3333333333333333,2022
26320,8,7,1,0.125,2022
26350,52,48,4,0.07692307692307693,2022
26410,282,264,18,0.06382978723404255,2022
26440,235,202,33,0.14042553191489363,2022
26470,4,4,0,0.0,2022
26500,6,6,0,0.0,2022
26530,4,4,0,0.0,2022
26710,1306,1129,177,0.13552833078101073,2022
27140,871,720,151,0.17336394948335246,2022
27170,46,38,8,0.17391304347826086,2022
27230,7181,5508,1673,0.23297590864782064,2022
27290,303,285,18,0.0594059405940594,2022
27710,24501,18521,5980,0.24407167054405943,2022
27720,989,944,45,0.0455005055611729,2022
29155,1,1,0,0.0,2022
29200,1090,894,196,0.1798165137614679,2022
30200,7,7,0,0.0,2022
31110,3463,2800,663,0.19145249783424775,2022
31140,69,66,3,0.043478260869565216,2022
31170,581,514,67,0.1153184165232358,2022
31200,10568,8863,1705,0.16133610900832704,2022
31710,25976,21999,3977,0.15310286418232213,2022
36110,4,4,0,0.0,2022
41131,1,1,0,0.0,2022
41133,1,1,0,0.0,2022
41135,22,22,0,0.0,2022
41220,165,141,24,0.14545454545454545,2022
41250,34,33,1,0.029411764705882353,2022
41360,5726,5098,628,0.10967516590988474,2022
41430,1,1,0,0.0,2022
41450,218,203,15,0.06880733944954129,2022
41461,746,631,115,0.15415549597855227,2022
41463,14,13,1,0.07142857142857142,2022
41465,8,7,1,0.125,2022
41480,54,52,2,0.037037037037037035,2022
41500,128,114,14,0.109375,2022
41550,36,33,3,0.08333333333333333,2022
41590,5,4,1,0.2,2022
41610,3254,2612,642,0.1972956361401352,2022
41630,74,69,5,0.06756756756756757,2022
41650,13696,9995,3701,0.2702248831775701,2022
41670,142,131,11,0.07746478873239436,2022
41800,171,168,3,0.017543859649122806,2022
41820,2421,2181,240,0.09913258983890955,2022
41830,9132,7271,1861,0.20378887428821726,2022
43114,1,1,0,0.0,2022
43130,1,1,0,0.0,2022
43150,59,54,5,0.0847457627118644,2022
43800,31,31,0,0.0,2022
44131,2,2,0,0.0,2022
44150,10,9,1,0.1,2022
44180,145,136,9,0.06206896551724138,2022
44200,5,3,2,0.4,2022
44210,56,44,12,0.21428571428571427,2022
44270,10,6,4,0.4,2022
44760,28,28,0,0.0,2022
44770,388,366,22,0.05670103092783505,2022
44790,817,524,293,0.35862913096695226,2022
44800,29,27,2,0.06896551724137931,2022
44810,55,36,19,0.34545454545454546,2022
44825,999,891,108,0.10810810810810811,2022
45130,1585,1456,129,0.08138801261829653,2022
45140,69,63,6,0.08695652173913043,2022
45180,15,15,0,0.0,2022
45190,6,6,0,0.0,2022
45210,20,20,0,0.0,2022
45710,2,2,0,0.0,2022
45750,59,59,0,0.0,2022
45770,209,201,8,0.03827751196172249,2022
46130,10200,8869,1331,0.13049019607843138,2022
46150,1531,1381,150,0.09797517962116264,2022
46170,9,9,0,0.0,2022
46230,1339,1121,218,0.16280806572068707,2022
46710,15,14,1,0.06666666666666667,2022
46730,157,143,14,0.08917197452229299,2022
46770,11,11,0,0.0,2022
46790,4,3,1,0.25,2022
46840,1,1,0,0.0,2022
46880,131,94,37,0.2824427480916031,2022
47111,6006,4701,1305,0.21728271728271728,2022
47113,14075,12215,1860,0.1321492007104796,2022
47130,61262,47052,14210,0.23195455584212074,2022
47150,1660,1417,243,0.1463855421686747,2022
47170,10148,8059,2089,0.20585337012219157,2022
47190,10047,8560,1487,0.14800437941674133,2022
47210,726,709,17,0.023415977961432508,2022
47230,464,443,21,0.04525862068965517,2022
47250,782,749,33,0.04219948849104859,2022
47280,125,114,11,0.088,2022
47290,27,27,0,0.0,2022
47730,299,283,16,0.05351170568561873,2022
47770,5716,4709,1007,0.17617214835549336,2022
47820,721,669,52,0.07212205270457697,2022
47830,6182,5172,1010,0.16337754771918472,2022
47840,3015,2556,459,0.15223880597014924,2022
47850,1454,1340,114,0.07840440165061899,2022
47900,38,36,2,0.05263157894736842,2022
47920,31,26,5,0.16129032258064516,2022
48121,569,469,100,0.1757469244288225,2022
48123,828,698,130,0.1570048309178744,2022
48125,2020,1716,304,0.1504950495049505,2022
48127,834,708,126,0.1510791366906475,2022
48129,195,152,43,0.2205128205128205,2022
48170,10215,7916,2299,0.22506118453255017,2022
48220,1890,1587,303,0.16031746031746033,2022
48240,5662,4658,1004,0.1773225008830802,2022
48250,3360,2904,456,0.1357142857142857,2022
48270,19713,14590,5123,0.2598792674884594,2022
48310,5429,4837,592,0.10904402284030208,2022
48330,4961,4204,757,0.1525902035879863,2022
48720,2004,1548,456,0.2275449101796407,2022
48730,9037,6270,2767,0.3061856810888569,2022
48740,869,789,80,0.09205983889528194,2022
48820,855,788,67,0.0783625730994152,2022
48840,141,132,9,0.06382978723404255,2022
48850,12384,9306,3078,0.24854651162790697,2022
48860,7,7,0,0.0,2022
48890,9,8,1,0.1111111111111111,2022
50110,14856,11179,3677,0.2475094238018309,2022
50130,14063,9973,4090,0.29083410367631374,2022
51110,9104,7102,2002,0.21990333919156416,2022
51130,1067,928,139,0.1302717900656045,2022
51170,30,26,4,0.13333333333333333,2022
51230,8,6,2,0.25,2022
51720,440,415,25,0.056818181818181816,2022
51730,390,358,32,0.08205128205128205,2022
51770,23,22,1,0.043478260869565216,2022
51780,1,1,0,0.0,2022
51790,5,5,0,0.0,2022
26230,13,12,1,0.07692307692307693,2023
26350,7,7,0,0.0,2023
26410,17,11,6,0.35294117647058826,2023
26440,91,65,26,0.2857142857142857,2023
26530,4,4,0,0.0,2023
26710,32,26,6,0.1875,2023
27140,184,155,29,0.15760869565217392,2023
27170,13,13,0,0.0,2023
27230,3538,2944,594,0.16789146410401357,2023
27260,5,4,1,0.2,2023
27290,40,39,1,0.025,2023
27710,15330,10251,5079,0.3313111545988258,2023
29200,4159,3065,1094,0.26304400096176966,2023
30200,2,2,0,0.0,2023
31110,245,199,46,0.18775510204081633,2023
31140,25,24,1,0.04,2023
31170,141,137,4,0.028368794326241134,2023
31200,4539,3291,1248,0.2749504296100463,2023
31710,14297,11204,3093,0.21633909211722738,2023
41250,32,31,1,0.03125,2023
41360,155,144,11,0.07096774193548387,2023
41450,113,107,6,0.05309734513274336,2023
41461,51,44,7,0.13725490196078433,2023
41480,3,3,0,0.0,2023
41500,195,157,38,0.19487179487179487,2023
41550,1,1,0,0.0,2023
41610,6665,3953,2712,0.40690172543135783,2023
41630,26,25,1,0.038461538461538464,2023
41650,4158,2910,1248,0.30014430014430016,2023
41670,494,387,107,0.2165991902834008,2023
41800,27,25,2,0.07407407407407407,2023
41820,1315,1125,190,0.1444866920152091,2023
41830,1467,1170,297,0.20245398773006135,2023
43150,17,16,1,0.058823529411764705,2023
43800,11,10,1,0.09090909090909091,2023
44150,2,2,0,0.0,2023
44180,25,23,2,0.08,2023
44210,7,7,0,0.0,2023
44270,9,9,0,0.0,2023
44770,41,40,1,0.024390243902439025,2023
44790,264,187,77,0.2916666666666667,2023
44800,21,20,1,0.047619047619047616,2023
44810,139,55,84,0.60431654676259,2023
44825,77,65,12,0.15584415584415584,2023
45140,32,30,2,0.0625,2023
45180,32,29,3,0.09375,2023
45190,10,8,2,0.2,2023
45210,21,21,0,0.0,2023
46130,127,120,7,0.05511811023622047,2023
46150,6,6,0,0.0,2023
46170,49,48,1,0.02040816326530612,2023
46230,308,229,79,0.2564935064935065,2023
46730,11,10,1,0.09090909090909091,2023
47111,7,4,3,0.42857142857142855,2023
47113,1910,1663,247,0.12931937172774868,2023
47130,23034,15858,7176,0.31153946340192756,2023
47150,4568,2737,1831,0.40083187390542907,2023
47170,6183,4055,2128,0.34416949700792493,2023
47280,1188,957,231,0.19444444444444445,2023
47770,2675,1959,716,0.26766355140186915,2023
47820,3,2,1,0.3333333333333333,2023
47830,14136,9431,4705,0.3328381437464629,2023
47840,1150,715,435,0.3782608695652174,2023
47850,65,47,18,0.27692307692307694,2023
47920,19,18,1,0.05263157894736842,2023
48129,112,81,31,0.2767857142857143,2023
48170,1319,1102,217,0.1645185746777862,2023
48220,1920,1588,332,0.17291666666666666,2023
48250,3091,2614,477,0.154318990617923,2023
48270,2345,1623,722,0.30788912579957356,2023
48310,1206,896,310,0.2570480928689884,2023
48330,1592,1289,303,0.19032663316582915,2023
48740,2,2,0,0.0,2023
48820,609,564,45,0.07389162561576355,2023
48840,12,12,0,0.0,2023
48850,13819,9469,4350,0.3147839930530429,2023
48860,2,2,0,0.0,2023
48890,4,4,0,0.0,2023
50110,9073,6407,2666,0.2938388625592417,2023
50130,2867,2287,580,0.20230205790024416,2023
51110,11090,9142,1948,0.175653742110009,2023
51130,26,24,2,0.07692307692307693,2023
51170,8,8,0,0.0,2023
51720,803,690,113,0.14072229140722292,2023
51730,6,6,0,0.0,2023
51770,38,34,4,0.10526315789473684,2023
51780,2,2,0,0.0,2023
