시군구코드,시도명,소나무류면적_ha,산림면적_ha,소나무류비율
47170,경북,54467.9,106755.6,51.0
47920,경북,43539.8,96782.5,45.0
42230,강원,42891.0,115497.5,37.1
47930,경북,40590.0,84204.2,48.2
42720,강원,37648.0,171506.2,22.0
47730,경북,37137.4,79055.7,47.0
48890,경남,32570.1,72223.1,45.1
42810,강원,31048.4,149331.5,20.8
42150,강원,30318.8,92258.0,32.9
47130,경북,29542.0,85816.6,34.4
42750,강원,27435.6,106891.6,25.7
47760,경북,27271.2,70760.7,38.5
42770,강원,27097.7,118491.0,22.9
47750,경북,25325.4,69799.9,36.3
42760,강원,24739.2,138058.2,17.9
43800,충북,23954.5,99693.1,24.0
47230,경북,23321.8,60297.3,38.7
47770,경북,22843.8,60500.7,37.8
43150,충북,22266.3,98942.8,22.5
45190,전북,22177.7,46319.9,47.9
48170,경남,21605.0,42142.6,51.3
42730,강원,20605.6,87758.4,23.5
48880,경남,20404.2,60087.1,34.0
48270,경남,19738.8,50846.3,38.8
48860,경남,19401.5,61638.4,31.5
47250,경북,19008.1,78355.5,24.3
46150,전남,18467.7,60635.3,30.5
42110,강원,18424.5,93810.4,19.6
47820,경북,18248.3,49098.3,37.2
48820,경남,16807.4,33517.1,50.1
48720,경남,16481.7,35007.7,47.1
47280,경북,16291.0,67936.6,24.0
46790,전남,16231.9,53294.3,30.5
42830,강원,16202.1,58673.1,27.6
41820,경기,16055.1,84177.3,19.1
47210,경북,16025.3,41563.3,38.6
46770,전남,15949.6,52367.5,30.5
46720,전남,15924.6,52285.4,30.5
48740,경남,15716.5,27591.4,57.0
31710,울산,15613.8,52890.2,29.5
47113,경북,15580.0,52530.8,29.7
44825,충남,15554.2,20735.0,75.0
46910,전남,14932.1,49026.6,30.5
48850,경남,14843.1,48463.1,30.6
43740,충북,14793.7,100006.9,14.8
46820,전남,14752.3,48436.4,30.5
48870,경남,14693.2,55746.8,26.4
47840,경북,13224.5,41471.1,31.9
46890,전남,13070.9,42915.7,30.5
47150,경북,12809.8,68369.7,18.7
43130,충북,12799.0,92748.0,13.8
44180,충남,12796.1,34826.5,36.7
44210,충남,12525.1,25118.8,49.9
47190,경북,12436.1,33279.7,37.4
47900,경북,12280.6,35714.2,34.4
48240,경남,12017.6,22573.6,53.2
48310,경남,11692.8,26782.3,43.7
41830,경기,11375.6,75786.6,15.0
42130,강원,11207.7,67424.9,16.6
47830,경북,11198.4,23876.0,46.9
45750,전북,10590.6,42597.6,24.9
45790,전북,10500.4,20894.2,50.3
45180,전북,10493.4,31429.1,33.4
45770,전북,10445.7,34494.9,30.3
41650,경기,10168.8,67725.1,15.0
46780,전남,10164.7,33373.8,30.5
48840,경남,10144.3,22879.1,44.3
46730,전남,10088.7,33124.3,30.5
27710,대구,9829.5,48904.3,20.1
47850,경북,9802.4,29076.3,33.7
44790,충남,9783.2,35400.0,27.6
46900,전남,9737.4,31970.8,30.5
44150,충남,9617.0,65374.8,14.7
48730,경남,9426.0,22236.0,42.4
42800,강원,9409.6,30475.1,30.9
46880,전남,9368.4,30759.3,30.5
50110,제주,9154.8,44677.8,20.5
48220,경남,8922.3,15602.1,57.2
46800,전남,8873.3,29133.7,30.5
46870,전남,8550.9,28075.4,30.5
48125,경남,8124.7,17321.2,46.9
47290,경북,7956.9,22215.3,35.8
46710,전남,7946.8,26091.7,30.5
45800,전북,7545.4,18285.8,41.3
48330,경남,7410.5,34984.0,21.2
45740,전북,7389.8,40814.8,18.1
48250,경남,7335.4,21186.8,34.6
47111,경북,7294.9,25469.7,28.6
45730,전북,7233.3,51378.0,14.1
44810,충남,7085.0,26434.5,26.8
42790,강원,7063.0,50314.3,14.0
46230,전남,6800.7,22328.7,30.5
44800,충남,6694.9,18958.7,35.3
44760,충남,6609.6,33729.5,19.6
44710,충남,6513.6,43306.8,15.0
46170,전남,6422.1,21085.6,30.5
45720,전북,6357.9,62804.9,10.1
44770,충남,6089.1,14819.9,41.1
50130,제주,5782.2,42184.2,13.7
45710,전북,5782.1,59974.2,9.6
46860,전남,5715.2,18764.8,30.5
46810,전남,5689.8,18681.3,30.5
42820,강원,5329.0,20489.8,26.0
43730,충북,5290.8,54292.3,9.7
27140,대구,5161.6,22075.2,23.4
42170,강원,5138.8,16218.8,31.7
26710,부산,5111.9,13177.0,38.8
46840,전남,5104.0,16757.9,30.5
42190,강원,4966.4,30947.4,16.0
28237,인천,4877.8,31151.3,15.7
46830,전남,4531.7,14878.8,30.5
43750,충북,3992.5,33633.4,11.9
41360,경기,3982.7,34645.4,11.5
44230,충남,3772.0,23061.7,16.4
44200,충남,3711.1,21050.9,17.6
31200,울산,3362.8,10212.8,32.9
48127,경남,2858.1,7069.3,40.4
44131,충남,2825.2,28813.5,9.8
48121,경남,2771.0,7255.5,38.2
29200,광주,2700.7,6817.4,39.6
41630,경기,2692.7,21416.9,12.6
28177,인천,2651.2,7886.7,33.6
41550,경기,2640.9,28143.2,9.4
45210,전북,2484.3,8704.6,28.5
27230,대구,2417.8,8796.2,27.5
45140,전북,2361.4,8247.9,28.6
41670,경기,2354.3,31035.4,7.6
41461,경기,2191.3,30138.6,7.3
42210,강원,2171.2,9132.8,23.8
48129,경남,2135.3,8019.4,26.6
41590,경기,2134.7,19193.9,11.1
41610,경기,2117.1,34283.2,6.2
45130,전북,2066.2,7094.4,29.1
26410,부산,1942.7,4274.4,45.4
26350,부산,1686.4,3115.5,54.1
30200,대전,1577.5,12511.0,12.6
36110,세종,1497.0,24750.0,6.0
48123,경남,1458.4,5036.3,29.0
26440,부산,1450.6,3552.8,40.8
29170,광주,1417.1,5568.1,25.5
47720,경북,1300.5,3056.2,42.6
27260,대구,1196.5,7837.2,15.3
30110,대전,1071.6,12005.2,8.9
26320,부산,997.7,2525.1,39.5
27290,대구,972.0,4449.6,21.8
31170,울산,927.9,2004.1,46.3
42780,강원,919.4,8272.8,11.1
44250,충남,915.3,5372.3,17.0
29110,광주,895.8,3926.7,22.8
41800,경기,889.8,12514.9,7.1
31110,울산,847.2,1429.5,59.3
41250,경기,823.1,8901.0,9.2
41480,경기,816.2,9519.0,8.6
26230,부산,668.1,1709.5,39.1
41500,경기,660.6,16744.7,3.9
30140,대전,613.9,5216.8,11.8
26530,부산,604.0,1471.5,41.0
11290,서울,579.6,3547.5,16.3
41220,경기,553.3,5290.0,10.5
44133,충남,543.7,5415.1,10.0
45111,전북,543.1,4623.0,11.7
46110,전남,535.4,1757.8,30.5
31140,울산,521.3,1375.3,37.9
26380,부산,520.7,1314.6,39.6
29155,광주,510.2,1895.7,26.9
11305,서울,400.9,5366.7,7.5
26290,부산,397.3,747.6,53.1
11215,서울,392.7,1104.6,35.6
27200,대구,379.0,1809.0,21.0
26260,부산,368.0,588.7,62.5
41150,경기,348.3,6156.2,5.7
43113,충북,348.2,8197.5,4.2
41463,경기,307.8,3711.7,8.3
11170,서울,303.1,1903.8,15.9
26200,부산,284.6,460.8,61.8
11260,서울,262.2,1785.0,14.7
41450,경기,221.4,5424.8,4.1
26140,부산,209.9,893.9,23.5
29140,광주,172.2,711.1,24.2
26470,부산,141.9,407.0,34.9
26170,부산,134.2,332.5,40.4
45113,전북,124.7,2283.5,5.5
41113,경기,123.3,614.8,20.1
41135,경기,108.1,4475.4,2.4
26500,부산,95.9,272.2,35.2
41465,경기,84.9,2877.4,3.0
41131,경기,84.9,3169.5,2.7
11740,서울,74.3,1013.0,7.3
41133,경기,42.3,1852.2,2.3
11140,서울,38.2,598.3,6.4
27170,대구,34.6,389.6,8.9
41287,경기,0.8,88.7,0.9
26110,부산,0.1,0.0,0.0
11060,서울,0.0,0.0,0.0
11070,서울,0.0,0.0,0.0
11010,서울,0.0,0.0,0.0
11030,서울,0.0,0.0,0.0
11100,서울,0.0,0.0,0.0
11080,서울,0.0,0.0,0.0
11090,서울,0.0,0.0,0.0
11110,서울,0.0,0.0,0.0
28010,인천,0.0,0.0,0.0
11180,서울,0.0,0.0,0.0
11200,서울,0.0,0.0,0.0
11120,서울,0.0,0.0,0.0
11040,서울,0.0,0.0,0.0
11150,서울,0.0,0.0,0.0
11190,서울,0.0,0.0,0.0
11160,서울,0.0,0.0,0.0
41130,경기,0.0,0.0,0.0
11130,서울,0.0,0.0,0.0
27110,대구,0.0,0.0,0.0
28070,인천,0.0,0.0,0.0
28060,인천,0.0,0.0,0.0
28720,인천,0.0,0.0,0.0
28710,인천,0.0,0.0,0.0
28030,인천,0.0,0.0,0.0
28020,인천,0.0,0.0,0.0
41010,경기,0.0,0.0,0.0
28040,인천,0.0,0.0,0.0
41270,경기,0.0,0.0,0.0
41285,경기,0.0,0.0,0.0
11210,서울,0.0,0.0,0.0
41170,경기,0.0,0.0,0.0
28050,인천,0.0,0.0,0.0
28080,인천,0.0,0.0,0.0
11020,서울,0.0,0.0,0.0
41050,경기,0.0,0.0,0.0
11050,서울,0.0,0.0,0.0
41290,경기,0.0,0.0,0.0
41210,경기,0.0,0.0,0.0
41190,경기,0.0,0.0,0.0
41030,경기,0.0,0.0,0.0
43745,충북,0.0,0.0,0.0
43720,충북,0.0,0.0,0.0
43110,충북,0.0,0.0,0.0
44130,충남,0.0,0.0,0.0
47110,경북,0.0,0.1,0.0
