연도,시도,시군구,국비지원액_최종_원,log_국비지원액_최종_원,산림면적당_국비지원액_최종(원per ha),log_국비지원액_최종_per_ha,log_국비지원액_직접방제_원,log_국비지원액_예찰진단_원,예찰진단_예산비중,국비비율_최종(%),국비비율_결측_flag,매칭사업수_최종,매칭사업_없음_flag,index_eligible
2016,강원도,강릉시,,,,,,,,,1,,,0
2017,강원도,강릉시,,,,,,,,,1,,,0
2018,강원도,강릉시,,,,,,,,,1,,,0
2019,강원도,강릉시,,,,,,,,,1,,,0
2020,강원도,강릉시,,,,,,,,,1,,,0
2021,강원도,강릉시,,,,,,,,,1,,,0
2022,강원도,강릉시,,,,,,,,,1,,,0
2023,강원도,강릉시,,,,,,,,,1,,,0
2016,강원도,고성군,,,,,,,,,1,,,0
2017,강원도,고성군,,,,,,,,,1,,,0
2018,강원도,고성군,,,,,,,,,1,,,0
2019,강원도,고성군,,,,,,,,,1,,,0
2020,강원도,고성군,,,,,,,,,1,,,0
2021,강원도,고성군,,,,,,,,,1,,,0
2022,강원도,고성군,,,,,,,,,1,,,0
2023,강원도,고성군,,,,,,,,,1,,,0
2016,강원도,동해시,,,,,,,,,1,,,0
2017,강원도,동해시,,,,,,,,,1,,,0
2018,강원도,동해시,,,,,,,,,1,,,0
2019,강원도,동해시,,,,,,,,,1,,,0
2020,강원도,동해시,,,,,,,,,1,,,0
2021,강원도,동해시,,,,,,,,,1,,,0
2022,강원도,동해시,,,,,,,,,1,,,0
2023,강원도,동해시,,,,,,,,,1,,,0
2016,강원도,삼척시,44734000.0,17.616244419206712,435.5,6.0787883752796565,0.0,17.616244419206712,1.0,50.0,0,1.0,0.0,1
2017,강원도,삼척시,66314000.0,18.009911609332068,646.5,6.4731187935736925,0.0,18.009911609332068,1.0,50.0,0,2.0,0.0,1
2018,강원도,삼척시,31848000.0,17.276485175061435,310.9,5.742682623613757,0.0,17.276485175061435,1.0,50.0,0,2.0,0.0,1
2019,강원도,삼척시,33831000.0,17.336888129441224,330.7,5.804230945953007,0.0,17.336888129441224,1.0,50.0,0,2.0,0.0,1
2020,강원도,삼척시,34391000.0,17.353305489283475,336.7,5.822157927391522,0.0,17.353305489283475,1.0,50.0,0,2.0,0.0,1
2021,강원도,삼척시,46491000.0,17.65476932494712,455.8,6.124245658341801,0.0,17.65476932494712,1.0,50.0,0,2.0,0.0,1
2022,강원도,삼척시,35280000.0,17.378826817447536,346.4,5.850476853807004,0.0,17.378826817447536,1.0,37.31,0,2.0,0.0,1
2023,강원도,삼척시,37597000.0,17.442434844540777,369.6,5.915123313851259,0.0,17.442434844540777,1.0,36.43,0,2.0,0.0,1
2016,강원도,속초시,,,,,,,,,1,,,0
2017,강원도,속초시,,,,,,,,,1,,,0
2018,강원도,속초시,,,,,,,,,1,,,0
2019,강원도,속초시,,,,,,,,,1,,,0
2020,강원도,속초시,,,,,,,,,1,,,0
2021,강원도,속초시,,,,,,,,,1,,,0
2022,강원도,속초시,,,,,,,,,1,,,0
2023,강원도,속초시,,,,,,,,,1,,,0
2016,강원도,양구군,,,,,,,,,1,,,0
2017,강원도,양구군,,,,,,,,,1,,,0
2018,강원도,양구군,,,,,,,,,1,,,0
2019,강원도,양구군,,,,,,,,,1,,,0
2020,강원도,양구군,,,,,,,,,1,,,0
2021,강원도,양구군,,,,,,,,,1,,,0
2022,강원도,양구군,,,,,,,,,1,,,0
2023,강원도,양구군,,,,,,,,,1,,,0
2016,강원도,양양군,,,,,,,,,1,,,0
2017,강원도,양양군,,,,,,,,,1,,,0
2018,강원도,양양군,,,,,,,,,1,,,0
2019,강원도,양양군,,,,,,,,,1,,,0
2020,강원도,양양군,,,,,,,,,1,,,0
2021,강원도,양양군,,,,,,,,,1,,,0
2022,강원도,양양군,,,,,,,,,1,,,0
2023,강원도,양양군,,,,,,,,,1,,,0
2016,강원도,영월군,,,,,,,,,1,,,0
2017,강원도,영월군,,,,,,,,,1,,,0
2018,강원도,영월군,,,,,,,,,1,,,0
2019,강원도,영월군,,,,,,,,,1,,,0
2020,강원도,영월군,,,,,,,,,1,,,0
2021,강원도,영월군,,,,,,,,,1,,,0
2022,강원도,영월군,,,,,,,,,1,,,0
2023,강원도,영월군,,,,,,,,,1,,,0
2016,강원도,원주시,,,,,,,,,1,,,0
2017,강원도,원주시,,,,,,,,,1,,,0
2018,강원도,원주시,,,,,,,,,1,,,0
2019,강원도,원주시,,,,,,,,,1,,,0
2020,강원도,원주시,,,,,,,,,1,,,0
2021,강원도,원주시,,,,,,,,,1,,,0
2022,강원도,원주시,,,,,,,,,1,,,0
2023,강원도,원주시,,,,,,,,,1,,,0
2016,강원도,인제군,,,,,,,,,1,,,0
2017,강원도,인제군,,,,,,,,,1,,,0
2018,강원도,인제군,,,,,,,,,1,,,0
2019,강원도,인제군,,,,,,,,,1,,,0
2020,강원도,인제군,,,,,,,,,1,,,0
2021,강원도,인제군,,,,,,,,,1,,,0
2022,강원도,인제군,,,,,,,,,1,,,0
2023,강원도,인제군,,,,,,,,,1,,,0
2016,강원도,정선군,,,,,,,,,1,,,0
2017,강원도,정선군,,,,,,,,,1,,,0
2018,강원도,정선군,,,,,,,,,1,,,0
2019,강원도,정선군,,,,,,,,,1,,,0
2020,강원도,정선군,,,,,,,,,1,,,0
2021,강원도,정선군,,,,,,,,,1,,,0
2022,강원도,정선군,,,,,,,,,1,,,0
2023,강원도,정선군,,,,,,,,,1,,,0
2016,강원도,철원군,,,,,,,,,1,,,0
2017,강원도,철원군,,,,,,,,,1,,,0
2018,강원도,철원군,,,,,,,,,1,,,0
2019,강원도,철원군,,,,,,,,,1,,,0
2020,강원도,철원군,,,,,,,,,1,,,0
2021,강원도,철원군,,,,,,,,,1,,,0
2022,강원도,철원군,,,,,,,,,1,,,0
2023,강원도,철원군,,,,,,,,,1,,,0
2016,강원도,춘천시,,,,,,,,,1,,,0
2017,강원도,춘천시,,,,,,,,,1,,,0
2018,강원도,춘천시,,,,,,,,,1,,,0
2019,강원도,춘천시,,,,,,,,,1,,,0
2020,강원도,춘천시,,,,,,,,,1,,,0
2021,강원도,춘천시,,,,,,,,,1,,,0
2022,강원도,춘천시,,,,,,,,,1,,,0
2023,강원도,춘천시,,,,,,,,,1,,,0
2016,강원도,태백시,,,,,,,,,1,,,0
2017,강원도,태백시,,,,,,,,,1,,,0
2018,강원도,태백시,,,,,,,,,1,,,0
2019,강원도,태백시,,,,,,,,,1,,,0
2020,강원도,태백시,,,,,,,,,1,,,0
2021,강원도,태백시,,,,,,,,,1,,,0
2022,강원도,태백시,,,,,,,,,1,,,0
2023,강원도,태백시,,,,,,,,,1,,,0
2016,강원도,평창군,,,,,,,,,1,,,0
2017,강원도,평창군,,,,,,,,,1,,,0
2018,강원도,평창군,,,,,,,,,1,,,0
2019,강원도,평창군,,,,,,,,,1,,,0
2020,강원도,평창군,,,,,,,,,1,,,0
2021,강원도,평창군,,,,,,,,,1,,,0
2022,강원도,평창군,,,,,,,,,1,,,0
2023,강원도,평창군,,,,,,,,,1,,,0
2016,강원도,홍천군,,,,,,,,,1,,,0
2017,강원도,홍천군,,,,,,,,,1,,,0
2018,강원도,홍천군,,,,,,,,,1,,,0
2019,강원도,홍천군,,,,,,,,,1,,,0
2020,강원도,홍천군,,,,,,,,,1,,,0
2021,강원도,홍천군,,,,,,,,,1,,,0
2022,강원도,홍천군,,,,,,,,,1,,,0
2023,강원도,홍천군,,,,,,,,,1,,,0
2016,강원도,화천군,,,,,,,,,1,,,0
2017,강원도,화천군,,,,,,,,,1,,,0
2018,강원도,화천군,,,,,,,,,1,,,0
2019,강원도,화천군,,,,,,,,,1,,,0
2020,강원도,화천군,,,,,,,,,1,,,0
2021,강원도,화천군,,,,,,,,,1,,,0
2022,강원도,화천군,,,,,,,,,1,,,0
2023,강원도,화천군,,,,,,,,,1,,,0
2016,강원도,횡성군,,,,,,,,,1,,,0
2017,강원도,횡성군,,,,,,,,,1,,,0
2018,강원도,횡성군,,,,,,,,,1,,,0
2019,강원도,횡성군,,,,,,,,,1,,,0
2020,강원도,횡성군,,,,,,,,,1,,,0
2021,강원도,횡성군,,,,,,,,,1,,,0
2022,강원도,횡성군,,,,,,,,,1,,,0
2023,강원도,횡성군,,,,,,,,,1,,,0
2016,경기도,가평군,,,,,,,,,1,,,0
2017,경기도,가평군,,,,,,,,,1,,,0
2018,경기도,가평군,,,,,,,,,1,,,0
2019,경기도,가평군,,,,,,,,,1,,,0
2020,경기도,가평군,,,,,,,,,1,,,0
2021,경기도,가평군,,,,,,,,,1,,,0
2022,경기도,가평군,,,,,,,,,1,,,0
2023,경기도,가평군,,,,,,,,,1,,,0
2016,경기도,고양시,,,,,,,,,1,,,0
2017,경기도,고양시,,,,,,,,,1,,,0
2018,경기도,고양시,,,,,,,,,1,,,0
2019,경기도,고양시,,,,,,,,,1,,,0
2020,경기도,고양시,,,,,,,,,1,,,0
2021,경기도,고양시,,,,,,,,,1,,,0
2022,경기도,고양시,,,,,,,,,1,,,0
2023,경기도,고양시,,,,,,,,,1,,,0
2016,경기도,과천시,,,,,,,,,1,,,0
2017,경기도,과천시,,,,,,,,,1,,,0
2018,경기도,과천시,,,,,,,,,1,,,0
2019,경기도,과천시,,,,,,,,,1,,,0
2020,경기도,과천시,,,,,,,,,1,,,0
2021,경기도,과천시,,,,,,,,,1,,,0
2022,경기도,과천시,,,,,,,,,1,,,0
2023,경기도,과천시,,,,,,,,,1,,,0
2016,경기도,광명시,,,,,,,,,1,,,0
2017,경기도,광명시,,,,,,,,,1,,,0
2018,경기도,광명시,,,,,,,,,1,,,0
2019,경기도,광명시,,,,,,,,,1,,,0
2020,경기도,광명시,,,,,,,,,1,,,0
2021,경기도,광명시,,,,,,,,,1,,,0
2022,경기도,광명시,,,,,,,,,1,,,0
2023,경기도,광명시,,,,,,,,,1,,,0
2016,경기도,광주시,,,,,,,,,1,,,0
2017,경기도,광주시,,,,,,,,,1,,,0
2018,경기도,광주시,,,,,,,,,1,,,0
2019,경기도,광주시,,,,,,,,,1,,,0
2020,경기도,광주시,,,,,,,,,1,,,0
2021,경기도,광주시,,,,,,,,,1,,,0
2022,경기도,광주시,,,,,,,,,1,,,0
2023,경기도,광주시,,,,,,,,,1,,,0
2016,경기도,구리시,,,,,,,,,1,,,0
2017,경기도,구리시,,,,,,,,,1,,,0
2018,경기도,구리시,,,,,,,,,1,,,0
2019,경기도,구리시,,,,,,,,,1,,,0
2020,경기도,구리시,,,,,,,,,1,,,0
2021,경기도,구리시,,,,,,,,,1,,,0
2022,경기도,구리시,,,,,,,,,1,,,0
2023,경기도,구리시,,,,,,,,,1,,,0
2016,경기도,군포시,,,,,,,,,1,,,0
2017,경기도,군포시,,,,,,,,,1,,,0
2018,경기도,군포시,,,,,,,,,1,,,0
2019,경기도,군포시,,,,,,,,,1,,,0
2020,경기도,군포시,,,,,,,,,1,,,0
2021,경기도,군포시,,,,,,,,,1,,,0
2022,경기도,군포시,,,,,,,,,1,,,0
2023,경기도,군포시,,,,,,,,,1,,,0
2016,경기도,김포시,,,,,,,,,1,,,0
2017,경기도,김포시,,,,,,,,,1,,,0
2018,경기도,김포시,,,,,,,,,1,,,0
2019,경기도,김포시,,,,,,,,,1,,,0
2020,경기도,김포시,,,,,,,,,1,,,0
2021,경기도,김포시,,,,,,,,,1,,,0
2022,경기도,김포시,,,,,,,,,1,,,0
2023,경기도,김포시,,,,,,,,,1,,,0
2016,경기도,남양주시,,,,,,,,,1,,,0
2017,경기도,남양주시,,,,,,,,,1,,,0
2018,경기도,남양주시,,,,,,,,,1,,,0
2019,경기도,남양주시,,,,,,,,,1,,,0
2020,경기도,남양주시,,,,,,,,,1,,,0
2021,경기도,남양주시,,,,,,,,,1,,,0
2022,경기도,남양주시,,,,,,,,,1,,,0
2023,경기도,남양주시,,,,,,,,,1,,,0
2016,경기도,동두천시,,,,,,,,,1,,,0
2017,경기도,동두천시,,,,,,,,,1,,,0
2018,경기도,동두천시,,,,,,,,,1,,,0
2019,경기도,동두천시,,,,,,,,,1,,,0
2020,경기도,동두천시,,,,,,,,,1,,,0
2021,경기도,동두천시,,,,,,,,,1,,,0
2022,경기도,동두천시,,,,,,,,,1,,,0
2023,경기도,동두천시,,,,,,,,,1,,,0
2016,경기도,부천시,,,,,,,,,1,,,0
2017,경기도,부천시,,,,,,,,,1,,,0
2018,경기도,부천시,,,,,,,,,1,,,0
2019,경기도,부천시,,,,,,,,,1,,,0
2020,경기도,부천시,,,,,,,,,1,,,0
2021,경기도,부천시,,,,,,,,,1,,,0
2022,경기도,부천시,,,,,,,,,1,,,0
2023,경기도,부천시,,,,,,,,,1,,,0
2016,경기도,성남시,,,,,,,,,1,,,0
2017,경기도,성남시,,,,,,,,,1,,,0
2018,경기도,성남시,,,,,,,,,1,,,0
2019,경기도,성남시,,,,,,,,,1,,,0
2020,경기도,성남시,,,,,,,,,1,,,0
2021,경기도,성남시,,,,,,,,,1,,,0
2022,경기도,성남시,,,,,,,,,1,,,0
2023,경기도,성남시,,,,,,,,,1,,,0
2016,경기도,수원시,,,,,,,,,1,,,0
2017,경기도,수원시,,,,,,,,,1,,,0
2018,경기도,수원시,,,,,,,,,1,,,0
2019,경기도,수원시,,,,,,,,,1,,,0
2020,경기도,수원시,,,,,,,,,1,,,0
2021,경기도,수원시,,,,,,,,,1,,,0
2022,경기도,수원시,,,,,,,,,1,,,0
2023,경기도,수원시,,,,,,,,,1,,,0
2016,경기도,시흥시,,,,,,,,,1,,,0
2017,경기도,시흥시,,,,,,,,,1,,,0
2018,경기도,시흥시,,,,,,,,,1,,,0
2019,경기도,시흥시,,,,,,,,,1,,,0
2020,경기도,시흥시,,,,,,,,,1,,,0
2021,경기도,시흥시,,,,,,,,,1,,,0
2022,경기도,시흥시,,,,,,,,,1,,,0
2023,경기도,시흥시,,,,,,,,,1,,,0
2016,경기도,안산시,,,,,,,,,1,,,0
2017,경기도,안산시,,,,,,,,,1,,,0
2018,경기도,안산시,,,,,,,,,1,,,0
2019,경기도,안산시,,,,,,,,,1,,,0
2020,경기도,안산시,,,,,,,,,1,,,0
2021,경기도,안산시,,,,,,,,,1,,,0
2022,경기도,안산시,,,,,,,,,1,,,0
2023,경기도,안산시,,,,,,,,,1,,,0
2016,경기도,안성시,0.0,0.0,0.0,0.0,0.0,0.0,,,1,0.0,1.0,1
2017,경기도,안성시,375346000.0,19.743358827870317,17511.0,9.7706416392027,19.497793569913014,18.21889499482666,0.2177377672867168,64.39,0,3.0,0.0,1
2018,경기도,안성시,232778000.0,19.265595771933715,10863.2,9.293228259054652,19.22498014034846,16.041754525634673,0.0398018713108627,26.86,0,3.0,0.0,1
2019,경기도,안성시,115925503.0,18.568458335870908,5411.7,8.59650332312921,18.484504985052677,16.049281442081682,0.0805258528832952,23.68,0,4.0,0.0,1
2020,경기도,안성시,125127000.0,18.64483978747978,5843.1,8.67318788429161,18.56734922466763,16.048745680004657,0.0745642427293869,21.08,0,4.0,0.0,1
2021,경기도,안성시,199250000.0,19.11007088065342,9307.4,9.138672497284826,19.063702374361775,16.01584152768606,0.0453099121706399,44.0,0,4.0,0.0,1
2022,경기도,안성시,138593000.0,18.74705214560952,6476.0,8.776012719182917,18.67728228965193,16.0498169172714,0.0673915710028645,48.16,0,4.0,0.0,1
2023,경기도,안성시,94745000.0,18.366699640640498,4428.5,8.396041989852087,18.267226499890747,16.009507822011706,0.0946857353950076,28.52,0,4.0,0.0,1
2016,경기도,안양시,,,,,,,,,1,,,0
2017,경기도,안양시,,,,,,,,,1,,,0
2018,경기도,안양시,,,,,,,,,1,,,0
2019,경기도,안양시,,,,,,,,,1,,,0
2020,경기도,안양시,,,,,,,,,1,,,0
2021,경기도,안양시,,,,,,,,,1,,,0
2022,경기도,안양시,,,,,,,,,1,,,0
2023,경기도,안양시,,,,,,,,,1,,,0
2016,경기도,양주시,,,,,,,,,1,,,0
2017,경기도,양주시,,,,,,,,,1,,,0
2018,경기도,양주시,,,,,,,,,1,,,0
2019,경기도,양주시,,,,,,,,,1,,,0
2020,경기도,양주시,,,,,,,,,1,,,0
2021,경기도,양주시,,,,,,,,,1,,,0
2022,경기도,양주시,,,,,,,,,1,,,0
2023,경기도,양주시,,,,,,,,,1,,,0
2016,경기도,양평군,,,,,,,,,1,,,0
2017,경기도,양평군,,,,,,,,,1,,,0
2018,경기도,양평군,,,,,,,,,1,,,0
2019,경기도,양평군,,,,,,,,,1,,,0
2020,경기도,양평군,,,,,,,,,1,,,0
2021,경기도,양평군,,,,,,,,,1,,,0
2022,경기도,양평군,,,,,,,,,1,,,0
2023,경기도,양평군,,,,,,,,,1,,,0
2016,경기도,여주시,,,,,,,,,1,,,0
2017,경기도,여주시,,,,,,,,,1,,,0
2018,경기도,여주시,,,,,,,,,1,,,0
2019,경기도,여주시,,,,,,,,,1,,,0
2020,경기도,여주시,,,,,,,,,1,,,0
2021,경기도,여주시,,,,,,,,,1,,,0
2022,경기도,여주시,,,,,,,,,1,,,0
2023,경기도,여주시,,,,,,,,,1,,,0
2016,경기도,연천군,,,,,,,,,1,,,0
2017,경기도,연천군,,,,,,,,,1,,,0
2018,경기도,연천군,,,,,,,,,1,,,0
2019,경기도,연천군,,,,,,,,,1,,,0
2020,경기도,연천군,,,,,,,,,1,,,0
2021,경기도,연천군,,,,,,,,,1,,,0
2022,경기도,연천군,,,,,,,,,1,,,0
2023,경기도,연천군,,,,,,,,,1,,,0
2016,경기도,오산시,,,,,,,,,1,,,0
2017,경기도,오산시,,,,,,,,,1,,,0
2018,경기도,오산시,,,,,,,,,1,,,0
2019,경기도,오산시,,,,,,,,,1,,,0
2020,경기도,오산시,,,,,,,,,1,,,0
2021,경기도,오산시,,,,,,,,,1,,,0
2022,경기도,오산시,,,,,,,,,1,,,0
2023,경기도,오산시,,,,,,,,,1,,,0
2016,경기도,용인시,,,,,,,,,1,,,0
2017,경기도,용인시,,,,,,,,,1,,,0
2018,경기도,용인시,,,,,,,,,1,,,0
2019,경기도,용인시,,,,,,,,,1,,,0
2020,경기도,용인시,,,,,,,,,1,,,0
2021,경기도,용인시,,,,,,,,,1,,,0
2022,경기도,용인시,,,,,,,,,1,,,0
2023,경기도,용인시,,,,,,,,,1,,,0
2016,경기도,의왕시,,,,,,,,,1,,,0
2017,경기도,의왕시,,,,,,,,,1,,,0
2018,경기도,의왕시,,,,,,,,,1,,,0
2019,경기도,의왕시,,,,,,,,,1,,,0
2020,경기도,의왕시,,,,,,,,,1,,,0
2021,경기도,의왕시,,,,,,,,,1,,,0
2022,경기도,의왕시,,,,,,,,,1,,,0
2023,경기도,의왕시,,,,,,,,,1,,,0
2016,경기도,의정부시,,,,,,,,,1,,,0
2017,경기도,의정부시,,,,,,,,,1,,,0
2018,경기도,의정부시,,,,,,,,,1,,,0
2019,경기도,의정부시,,,,,,,,,1,,,0
2020,경기도,의정부시,,,,,,,,,1,,,0
2021,경기도,의정부시,,,,,,,,,1,,,0
2022,경기도,의정부시,,,,,,,,,1,,,0
2023,경기도,의정부시,,,,,,,,,1,,,0
2016,경기도,이천시,,,,,,,,,1,,,0
2017,경기도,이천시,,,,,,,,,1,,,0
2018,경기도,이천시,,,,,,,,,1,,,0
2019,경기도,이천시,,,,,,,,,1,,,0
2020,경기도,이천시,,,,,,,,,1,,,0
2021,경기도,이천시,,,,,,,,,1,,,0
2022,경기도,이천시,,,,,,,,,1,,,0
2023,경기도,이천시,,,,,,,,,1,,,0
2016,경기도,파주시,0.0,0.0,0.0,0.0,0.0,0.0,,,1,0.0,1.0,1
2017,경기도,파주시,133397000.0,18.70884020993372,19649.0,9.885832617297408,16.864214763704705,18.53676456787695,0.8419154853557427,52.37,0,3.0,0.0,1
2018,경기도,파주시,134038000.0,18.713633907263507,19749.5,9.890934086464508,18.332657957478737,17.56416723966343,0.3168056819707844,49.57,0,4.0,0.0,1
2019,경기도,파주시,146685000.0,18.80379799521395,21620.0,9.98142034359255,18.43632769937329,17.62457019450333,0.3075161059413028,41.97,0,6.0,0.0,1
2020,경기도,파주시,142286000.0,18.77334968155177,20978.1,9.951281983032048,18.379535791036663,17.651019643882517,0.3255204306818661,48.3,0,4.0,0.0,1
2021,경기도,파주시,149581000.0,18.823348616776535,22060.8,10.001602885126982,18.432125017722832,17.69563003502777,0.3237710671809922,17.48,0,6.0,0.0,1
2022,경기도,파주시,362261000.0,19.70787550723397,53444.2,10.886412108865889,19.40271802075944,18.372246526926233,0.2629927041552913,41.22,0,7.0,0.0,1
2023,경기도,파주시,203161000.0,19.129509331036193,29982.0,10.30838583336139,18.442363964569008,18.43032410690363,0.4969900719134086,23.74,0,5.0,0.0,1
2016,경기도,평택시,,,,,,,,,1,,,0
2017,경기도,평택시,,,,,,,,,1,,,0
2018,경기도,평택시,,,,,,,,,1,,,0
2019,경기도,평택시,,,,,,,,,1,,,0
2020,경기도,평택시,,,,,,,,,1,,,0
2021,경기도,평택시,,,,,,,,,1,,,0
2022,경기도,평택시,,,,,,,,,1,,,0
2023,경기도,평택시,,,,,,,,,1,,,0
2016,경기도,포천시,,,,,,,,,1,,,0
2017,경기도,포천시,,,,,,,,,1,,,0
2018,경기도,포천시,,,,,,,,,1,,,0
2019,경기도,포천시,,,,,,,,,1,,,0
2020,경기도,포천시,,,,,,,,,1,,,0
2021,경기도,포천시,,,,,,,,,1,,,0
2022,경기도,포천시,,,,,,,,,1,,,0
2023,경기도,포천시,,,,,,,,,1,,,0
2016,경기도,하남시,,,,,,,,,1,,,0
2017,경기도,하남시,,,,,,,,,1,,,0
2018,경기도,하남시,,,,,,,,,1,,,0
2019,경기도,하남시,,,,,,,,,1,,,0
2020,경기도,하남시,,,,,,,,,1,,,0
2021,경기도,하남시,,,,,,,,,1,,,0
2022,경기도,하남시,,,,,,,,,1,,,0
2023,경기도,하남시,,,,,,,,,1,,,0
2016,경기도,화성시,,,,,,,,,1,,,0
2017,경기도,화성시,,,,,,,,,1,,,0
2018,경기도,화성시,,,,,,,,,1,,,0
2019,경기도,화성시,,,,,,,,,1,,,0
2020,경기도,화성시,,,,,,,,,1,,,0
2021,경기도,화성시,,,,,,,,,1,,,0
2022,경기도,화성시,,,,,,,,,1,,,0
2023,경기도,화성시,,,,,,,,,1,,,0
2016,경상남도,거제시,150000000.0,18.8261458587272,5536.4,8.619280355499585,18.8261458587272,0.0,0.0,50.0,0,1.0,0.0,1
2017,경상남도,거제시,1356639000.0,21.028276155141587,50152.3,10.82283959381741,20.778894471103197,19.517404587296177,0.2207175232320462,62.8,0,3.0,0.0,1
2018,경상남도,거제시,1634919000.0,21.214859099395664,60535.5,11.011001767888285,21.1349383067931,18.648445608530206,0.0768105331212127,64.14,0,4.0,0.0,1
2019,경상남도,거제시,2528869980.0,21.651038392082903,93783.8,11.448758074954982,21.596737156204966,18.710802345831027,0.0528532510793615,64.21,0,5.0,0.0,1
2020,경상남도,거제시,1107560263.0,20.825425472850107,41139.1,10.624738593928347,20.69242951093877,18.74222787466395,0.1245313727908636,67.37,0,3.0,0.0,1
2021,경상남도,거제시,1083122680.0,20.803114077404732,40295.2,10.60401245068496,20.665751845661,18.75008521264109,0.1283455720823794,61.83,0,4.0,0.0,1
2022,경상남도,거제시,958562400.0,20.680945221095616,35717.7,10.48342964015122,20.52208972611676,18.76280839424644,0.1468803700207727,66.1,0,4.0,0.0,1
2023,경상남도,거제시,1345924000.0,21.02034660372196,50230.8,10.824403571260298,20.881260548436483,18.97894705604042,0.1298468561374936,67.08,0,3.0,0.0,1
2016,경상남도,거창군,,,,,,,,,1,,,0
2017,경상남도,거창군,,,,,,,,,1,,,0
2018,경상남도,거창군,,,,,,,,,1,,,0
2019,경상남도,거창군,,,,,,,,,1,,,0
2020,경상남도,거창군,,,,,,,,,1,,,0
2021,경상남도,거창군,,,,,,,,,1,,,0
2022,경상남도,거창군,,,,,,,,,1,,,0
2023,경상남도,거창군,,,,,,,,,1,,,0
2016,경상남도,고성군,,,,,,,,,1,,,0
2017,경상남도,고성군,,,,,,,,,1,,,0
2018,경상남도,고성군,,,,,,,,,1,,,0
2019,경상남도,고성군,,,,,,,,,1,,,0
2020,경상남도,고성군,,,,,,,,,1,,,0
2021,경상남도,고성군,,,,,,,,,1,,,0
2022,경상남도,고성군,,,,,,,,,1,,,0
2023,경상남도,고성군,,,,,,,,,1,,,0
2016,경상남도,김해시,2252549000.0,21.53532830126121,108264.9,11.592345517295689,21.53532830126121,0.0,0.0,55.41,0,2.0,0.0,1
2017,경상남도,김해시,1891116960.0,21.36043347611139,91138.6,11.420147675955928,21.36043347611139,0.0,0.0,65.88,0,1.0,0.0,1
2018,경상남도,김해시,1930499100.0,21.381044407985993,93287.4,11.443451048987908,21.313782162377553,18.648445608530206,0.0650500173763354,62.36,0,3.0,0.0,1
2019,경상남도,김해시,1976097850.0,21.404389954782868,95748.6,11.469491729488476,21.33435599341733,18.710802345831027,0.0676378449579306,60.83,0,4.0,0.0,1
2020,경상남도,김해시,1302329450.0,20.987420383287155,63272.4,11.055220298645573,20.87547473358951,18.74222787466395,0.1059071496847437,62.46,0,5.0,0.0,1
2021,경상남도,김해시,906559370.0,20.625167080774556,44162.9,10.69566299226881,20.45870815098783,18.75008521264109,0.1533424115400186,60.31,0,6.0,0.0,1
2022,경상남도,김해시,981022420.0,20.704105872518205,47919.3,10.777294493203792,20.549184342597343,18.76280839424644,0.1435176170591493,48.48,0,6.0,0.0,1
2023,경상남도,김해시,2185110000.0,21.504932007933856,107022.5,11.580803715497971,21.43391496153377,18.82479828449907,0.0685539858405297,56.59,0,5.0,0.0,1
2016,경상남도,남해군,0.0,0.0,0.0,0.0,0.0,0.0,,,1,0.0,1.0,1
2017,경상남도,남해군,449638000.0,19.92395337476914,19949.1,9.900989434836776,19.64756017963616,18.50300700540811,0.2414853726775762,64.06,0,2.0,0.0,1
2018,경상남도,남해군,239601000.0,19.29448560199317,10649.5,9.273362118392338,18.884175744201077,18.205492973817737,0.3365553566137036,62.71,0,2.0,0.0,1
2019,경상남도,남해군,508451000.0,20.04687940892797,22639.9,10.02751328417718,19.861522476578273,18.2701601457324,0.1691923115501789,63.27,0,3.0,0.0,1
2020,경상남도,남해군,602822000.0,20.217132522059867,26890.4,10.199561811871927,20.013049810941173,18.52759605928251,0.1846050741346533,67.4,0,5.0,0.0,1
2021,경상남도,남해군,294596000.0,19.501115487562583,13164.9,9.485385432677695,19.031999462077422,18.518805151010927,0.3744450026476938,64.05,0,3.0,0.0,1
2022,경상남도,남해군,454665000.0,19.935071444203125,20354.8,9.921121162547468,19.357605134191296,19.11108918258003,0.4386812268373418,60.88,0,4.0,0.0,1
2023,경상남도,남해군,645193000.0,20.28506005635736,28936.7,10.27290052225179,19.943767427269457,19.044247385739904,0.2891491383198515,63.13,0,3.0,0.0,1
2016,경상남도,밀양시,1788000000.0,21.304363514257016,36483.6,10.50464553273,21.304363514257016,0.0,0.0,50.0,0,1.0,0.0,1
2017,경상남도,밀양시,3726822000.0,22.038821696979166,76145.2,11.240410455568009,21.84848630104154,20.286195505649975,0.1733181783299551,52.04,0,3.0,0.0,1
2018,경상남도,밀양시,3241085770.0,21.899174225118497,66308.5,11.10208845399366,21.793969573437668,19.595185265129786,0.0998597115188346,56.45,0,4.0,0.0,1
2019,경상남도,밀양시,2509709440.0,21.643432822831564,51413.4,10.847673567849016,21.56792237539775,19.022430913765184,0.0727299571379864,46.17,0,5.0,0.0,1
2020,경상남도,밀양시,1500290090.0,21.128924320356365,30775.3,10.334500192240093,20.97404875033163,19.18735251689028,0.1434782522625341,31.94,0,6.0,0.0,1
2021,경상남도,밀양시,1334229000.0,21.01161943462465,27405.1,10.21852089533551,20.876694828705183,18.941876418397623,0.126218212915474,34.65,0,5.0,0.0,1
2022,경상남도,밀양시,3600815000.0,22.004426045952982,74058.8,11.21262815395086,21.943985723081575,19.168259294735467,0.0586500556124099,32.35,0,5.0,0.0,1
2023,경상남도,밀양시,8435145222.0,22.8556727695122,173717.1,12.065189149448722,22.82257326654398,19.430931657520592,0.0325577085838107,43.88,0,5.0,0.0,1
2016,경상남도,사천시,0.0,0.0,0.0,0.0,0.0,0.0,,,1,0.0,1.0,1
2017,경상남도,사천시,1301824000.0,20.987032195712448,59325.6,10.990813051020346,20.987032195712448,0.0,0.0,70.12,0,1.0,0.0,1
2018,경상남도,사천시,1330713000.0,21.008980726512085,61052.8,11.019510721664014,21.008980726512085,0.0,0.0,60.91,0,3.0,0.0,1
2019,경상남도,사천시,1264658000.0,20.9580675676327,58415.1,10.975346815753715,20.9580675676327,0.0,0.0,60.64,0,3.0,0.0,1
2020,경상남도,사천시,897750000.0,20.61540219218436,41748.4,10.639440358918248,20.61540219218436,0.0,0.0,71.35,0,1.0,0.0,1
2021,경상남도,사천시,838990000.0,20.547709346601227,39280.0,10.578496220392818,20.547709346601227,0.0,0.0,67.59,0,2.0,0.0,1
2022,경상남도,사천시,878588000.0,20.593826632458452,41412.6,10.63136460828376,20.593826632458452,0.0,0.0,49.03,0,3.0,0.0,1
2023,경상남도,사천시,2225982000.0,21.523464003962943,105633.4,11.567739354782576,21.523464003962943,0.0,0.0,55.77,0,4.0,0.0,1
2016,경상남도,산청군,,,,,,,,,1,,,0
2017,경상남도,산청군,,,,,,,,,1,,,0
2018,경상남도,산청군,,,,,,,,,1,,,0
2019,경상남도,산청군,,,,,,,,,1,,,0
2020,경상남도,산청군,,,,,,,,,1,,,0
2021,경상남도,산청군,,,,,,,,,1,,,0
2022,경상남도,산청군,,,,,,,,,1,,,0
2023,경상남도,산청군,,,,,,,,,1,,,0
2016,경상남도,양산시,0.0,0.0,0.0,0.0,0.0,0.0,,,1,0.0,1.0,1
2017,경상남도,양산시,1018898000.0,20.741987489022872,29291.2,10.285076547960465,20.53867931826174,19.04902270648095,0.1839732730852352,65.39,0,3.0,0.0,1
2018,경상남도,양산시,850363000.0,20.561173876284467,24488.1,10.105983399577177,20.40138423877392,18.648445608530206,0.1476769332626184,61.11,0,4.0,0.0,1
2019,경상남도,양산시,970168360.0,20.69298018244175,27986.0,10.23949539562907,20.54474826900397,18.710802345831027,0.1377688713740365,58.7,0,4.0,0.0,1
2020,경상남도,양산시,713384550.0,20.38553117520182,20614.0,9.933774245141,20.17067776094341,18.74222787466395,0.1933403239529087,62.44,0,4.0,0.0,1
2021,경상남도,양산시,1023434180.0,20.74642965323032,29623.9,10.29637050290431,20.56664732569323,18.941876418397623,0.1645479536358654,67.82,0,4.0,0.0,1
2022,경상남도,양산시,906521260.0,20.62512504182788,26284.7,10.1767803440574,20.39309129356079,19.050478035338458,0.2070806370277515,63.36,0,4.0,0.0,1
2023,경상남도,양산시,2137801000.0,21.483043568042387,62092.1,11.036390150637162,21.384958469989705,19.11248202419468,0.0934282470632205,60.47,0,5.0,0.0,1
2016,경상남도,의령군,,,,,,,,,1,,,0
2017,경상남도,의령군,,,,,,,,,1,,,0
2018,경상남도,의령군,,,,,,,,,1,,,0
2019,경상남도,의령군,,,,,,,,,1,,,0
2020,경상남도,의령군,,,,,,,,,1,,,0
2021,경상남도,의령군,,,,,,,,,1,,,0
2022,경상남도,의령군,,,,,,,,,1,,,0
2023,경상남도,의령군,,,,,,,,,1,,,0
2016,경상남도,진주시,50000000.0,17.72753358339242,1245.1,7.1277739529488215,17.72753358339242,0.0,0.0,50.0,0,1.0,0.0,1
2017,경상남도,진주시,814890000.0,20.518563693997965,20360.1,9.921381496709936,20.08544361458447,19.473067580264225,0.3515173827142314,38.92,0,3.0,0.0,1
2018,경상남도,진주시,923591000.0,20.64377989200174,23152.9,10.049918511848167,20.49763419414812,18.648445608530206,0.1359681937134511,28.65,0,3.0,0.0,1
2019,경상남도,진주시,1177792000.0,20.88690733697605,29623.6,10.296360376236573,20.766452713886597,18.710802345831027,0.1134826862468075,23.48,0,6.0,0.0,1
2020,경상남도,진주시,1103092000.0,20.82138298353085,27837.1,10.234160864992978,20.59864661384118,19.21031468914189,0.1996741885536292,24.14,0,4.0,0.0,1
2021,경상남도,진주시,1474847360.0,21.111820337315553,37342.4,10.527911468119164,20.949240066906896,19.215047884387896,0.1500521382768722,30.57,0,4.0,0.0,1
2022,경상남도,진주시,925480000.0,20.645823080884277,23510.8,10.065257701767916,20.386802401686467,19.168259294735467,0.2281929377188054,23.89,0,4.0,0.0,1
2023,경상남도,진주시,1922705000.0,21.376998886168984,49006.7,10.79973270760426,21.2527216368386,19.23026339038202,0.1168650416990646,36.54,0,3.0,0.0,1
2016,경상남도,창녕군,,,,,,,,,1,,,0
2017,경상남도,창녕군,,,,,,,,,1,,,0
2018,경상남도,창녕군,,,,,,,,,1,,,0
2019,경상남도,창녕군,,,,,,,,,1,,,0
2020,경상남도,창녕군,,,,,,,,,1,,,0
2021,경상남도,창녕군,,,,,,,,,1,,,0
2022,경상남도,창녕군,,,,,,,,,1,,,0
2023,경상남도,창녕군,,,,,,,,,1,,,0
2016,경상남도,창원시,,,,,,,,,1,,,0
2017,경상남도,창원시,,,,,,,,,1,,,0
2018,경상남도,창원시,,,,,,,,,1,,,0
2019,경상남도,창원시,,,,,,,,,1,,,0
2020,경상남도,창원시,,,,,,,,,1,,,0
2021,경상남도,창원시,,,,,,,,,1,,,0
2022,경상남도,창원시,,,,,,,,,1,,,0
2023,경상남도,창원시,,,,,,,,,1,,,0
2016,경상남도,통영시,0.0,0.0,0.0,0.0,0.0,0.0,,,1,0.0,1.0,1
2017,경상남도,통영시,609482000.0,20.22811997568664,40219.7,10.60213706745167,19.5403660976668,19.52955025037244,0.4972960645269261,52.47,0,3.0,0.0,1
2018,경상남도,통영시,842294000.0,20.55163968109473,55593.3,10.925835956997734,20.39018883139949,18.648445608530206,0.1490916473345411,61.58,0,5.0,0.0,1
2019,경상남도,통영시,1447724430.0,21.0932588027158,95570.7,11.46763203011081,20.996208499271965,18.71260023335851,0.0924896459749594,62.95,0,6.0,0.0,1
2020,경상남도,통영시,815571920.0,20.51940016865654,53849.5,10.893966967592496,20.244658777705165,19.093247599988025,0.2402314194436708,55.68,0,7.0,0.0,1
2021,경상남도,통영시,781079020.0,20.476186881943047,51581.6,10.850939685299489,20.242893471264097,18.906348553088293,0.2080788189650773,56.1,0,5.0,0.0,1
2022,경상남도,통영시,818579220.0,20.523080738118683,54068.4,10.898023685588017,20.26258853558765,19.050478035338458,0.2293278346352354,56.44,0,6.0,0.0,1
2023,경상남도,통영시,937288130.0,20.658501296668437,61920.7,11.033625962667095,20.515572478095127,18.642479399299287,0.133184232259508,51.84,0,6.0,0.0,1
2016,경상남도,하동군,,,,,,,,,1,,,0
2017,경상남도,하동군,,,,,,,,,1,,,0
2018,경상남도,하동군,,,,,,,,,1,,,0
2019,경상남도,하동군,,,,,,,,,1,,,0
2020,경상남도,하동군,,,,,,,,,1,,,0
2021,경상남도,하동군,,,,,,,,,1,,,0
2022,경상남도,하동군,,,,,,,,,1,,,0
2023,경상남도,하동군,,,,,,,,,1,,,0
2016,경상남도,함안군,,,,,,,,,1,,,0
2017,경상남도,함안군,,,,,,,,,1,,,0
2018,경상남도,함안군,,,,,,,,,1,,,0
2019,경상남도,함안군,,,,,,,,,1,,,0
2020,경상남도,함안군,,,,,,,,,1,,,0
2021,경상남도,함안군,,,,,,,,,1,,,0
2022,경상남도,함안군,,,,,,,,,1,,,0
2023,경상남도,함안군,,,,,,,,,1,,,0
2016,경상남도,함양군,,,,,,,,,1,,,0
2017,경상남도,함양군,,,,,,,,,1,,,0
2018,경상남도,함양군,,,,,,,,,1,,,0
2019,경상남도,함양군,,,,,,,,,1,,,0
2020,경상남도,함양군,,,,,,,,,1,,,0
2021,경상남도,함양군,,,,,,,,,1,,,0
2022,경상남도,함양군,,,,,,,,,1,,,0
2023,경상남도,함양군,,,,,,,,,1,,,0
2016,경상남도,합천군,,,,,,,,,1,,,0
2017,경상남도,합천군,,,,,,,,,1,,,0
2018,경상남도,합천군,,,,,,,,,1,,,0
2019,경상남도,합천군,,,,,,,,,1,,,0
2020,경상남도,합천군,,,,,,,,,1,,,0
2021,경상남도,합천군,,,,,,,,,1,,,0
2022,경상남도,합천군,,,,,,,,,1,,,0
2023,경상남도,합천군,,,,,,,,,1,,,0
2016,경상북도,경산시,,,,,,,,,1,,,0
2017,경상북도,경산시,,,,,,,,,1,,,0
2018,경상북도,경산시,,,,,,,,,1,,,0
2019,경상북도,경산시,,,,,,,,,1,,,0
2020,경상북도,경산시,,,,,,,,,1,,,0
2021,경상북도,경산시,,,,,,,,,1,,,0
2022,경상북도,경산시,,,,,,,,,1,,,0
2023,경상북도,경산시,,,,,,,,,1,,,0
2016,경상북도,경주시,1636893026.0,21.216065786224025,19760.1,9.891470637768649,21.216065786224025,0.0,0.0,84.05,0,4.0,0.0,1
2017,경상북도,경주시,4455304800.0,22.217361313261684,53622.2,10.889737089233387,22.217361313261684,0.0,0.0,74.1,0,2.0,0.0,1
2018,경상북도,경주시,4260666136.0,22.172691355190945,51125.9,10.842066056468726,22.172691355190945,0.0,0.0,70.32,0,4.0,0.0,1
2019,경상북도,경주시,5007429187.0,22.334188484216043,59906.8,11.00056199265442,22.334188484216043,0.0,0.0,70.39,0,5.0,0.0,1
2020,경상북도,경주시,326585000.0,19.60420081276756,3895.4,8.2678083288968,19.60420081276756,0.0,0.0,70.0,0,3.0,0.0,1
2021,경상북도,경주시,868000000.0,20.5817022737767,10322.3,9.242158755362702,20.5817022737767,0.0,0.0,70.0,0,4.0,0.0,1
2022,경상북도,경주시,205000000.0,19.138520541980732,2430.6,7.796304755874568,19.138520541980732,0.0,0.0,70.0,0,1.0,0.0,1
2023,경상북도,경주시,175000000.0,18.980296537602072,2068.7,7.635158948220172,18.980296537602072,0.0,0.0,70.0,0,1.0,0.0,1
2016,경상북도,고령군,,,,,,,,,1,,,0
2017,경상북도,고령군,,,,,,,,,1,,,0
2018,경상북도,고령군,,,,,,,,,1,,,0
2019,경상북도,고령군,,,,,,,,,1,,,0
2020,경상북도,고령군,,,,,,,,,1,,,0
2021,경상북도,고령군,,,,,,,,,1,,,0
2022,경상북도,고령군,,,,,,,,,1,,,0
2023,경상북도,고령군,,,,,,,,,1,,,0
2016,경상북도,구미시,,,,,,,,,1,,,0
2017,경상북도,구미시,,,,,,,,,1,,,0
2018,경상북도,구미시,,,,,,,,,1,,,0
2019,경상북도,구미시,,,,,,,,,1,,,0
2020,경상북도,구미시,,,,,,,,,1,,,0
2021,경상북도,구미시,,,,,,,,,1,,,0
2022,경상북도,구미시,,,,,,,,,1,,,0
2023,경상북도,구미시,,,,,,,,,1,,,0
2016,경상북도,김천시,0.0,0.0,0.0,0.0,0.0,0.0,,0.0,0,1.0,0.0,1
2017,경상북도,김천시,143623000.0,18.782702375846604,2159.3,7.678002379922931,18.782702375846604,0.0,0.0,70.0,0,1.0,0.0,1
2018,경상북도,김천시,0.0,0.0,0.0,0.0,0.0,0.0,,,1,0.0,1.0,1
2019,경상북도,김천시,0.0,0.0,0.0,0.0,0.0,0.0,,,1,0.0,1.0,1
2020,경상북도,김천시,0.0,0.0,0.0,0.0,0.0,0.0,,,1,0.0,1.0,1
2021,경상북도,김천시,0.0,0.0,0.0,0.0,0.0,0.0,,,1,0.0,1.0,1
2022,경상북도,김천시,0.0,0.0,0.0,0.0,0.0,0.0,,,1,0.0,1.0,1
2023,경상북도,김천시,0.0,0.0,0.0,0.0,0.0,0.0,,,1,0.0,1.0,1
2016,경상북도,문경시,,,,,,,,,1,,,0
2017,경상북도,문경시,,,,,,,,,1,,,0
2018,경상북도,문경시,,,,,,,,,1,,,0
2019,경상북도,문경시,,,,,,,,,1,,,0
2020,경상북도,문경시,,,,,,,,,1,,,0
2021,경상북도,문경시,,,,,,,,,1,,,0
2022,경상북도,문경시,,,,,,,,,1,,,0
2023,경상북도,문경시,,,,,,,,,1,,,0
2016,경상북도,봉화군,,,,,,,,,1,,,0
2017,경상북도,봉화군,,,,,,,,,1,,,0
2018,경상북도,봉화군,,,,,,,,,1,,,0
2019,경상북도,봉화군,,,,,,,,,1,,,0
2020,경상북도,봉화군,,,,,,,,,1,,,0
2021,경상북도,봉화군,,,,,,,,,1,,,0
2022,경상북도,봉화군,,,,,,,,,1,,,0
2023,경상북도,봉화군,,,,,,,,,1,,,0
2016,경상북도,상주시,0.0,0.0,0.0,0.0,0.0,0.0,,0.0,0,1.0,0.0,1
2017,경상북도,상주시,337551000.0,19.637227170934352,4468.6,8.405054198144938,19.092088327601104,18.770294825570115,0.4202387194823893,47.32,0,2.0,0.0,1
2018,경상북도,상주시,40924000.0,17.527227270416507,541.1,6.295450486266293,0.0,17.527227270416507,1.0,50.0,0,1.0,0.0,1
2019,경상북도,상주시,43568000.0,17.589833516848305,575.4,6.356801864125367,0.0,17.589833516848305,1.0,50.0,0,1.0,0.0,1
2020,경상북도,상주시,88629000.0,18.299969687072583,1169.2,7.064929953354135,0.0,18.299969687072583,1.0,50.0,0,1.0,0.0,1
2021,경상북도,상주시,56528000.0,17.85024666627141,744.9,6.614591542961118,0.0,17.85024666627141,1.0,50.0,0,1.0,0.0,1
2022,경상북도,상주시,45721000.0,17.638068290789445,601.8,6.401585466752341,0.0,17.638068290789445,1.0,50.0,0,1.0,0.0,1
2023,경상북도,상주시,97618000.0,18.396572470852416,1283.4,7.158046962215359,0.0,18.396572470852416,1.0,50.0,0,1.0,0.0,1
2016,경상북도,성주군,,,,,,,,,1,,,0
2017,경상북도,성주군,,,,,,,,,1,,,0
2018,경상북도,성주군,,,,,,,,,1,,,0
2019,경상북도,성주군,,,,,,,,,1,,,0
2020,경상북도,성주군,,,,,,,,,1,,,0
2021,경상북도,성주군,,,,,,,,,1,,,0
2022,경상북도,성주군,,,,,,,,,1,,,0
2023,경상북도,성주군,,,,,,,,,1,,,0
2016,경상북도,안동시,0.0,0.0,0.0,0.0,0.0,0.0,,,1,0.0,1.0,1
2017,경상북도,안동시,3499700207.0,21.975943146916048,35259.7,10.47052430827891,21.89439263135089,19.428912353173516,0.0783138508412243,66.06,0,3.0,0.0,1
2018,경상북도,안동시,3176460000.0,21.879033206430396,31800.0,10.367253014814716,21.851932598195106,18.257314408448696,0.0267366817148649,69.44,0,3.0,0.0,1
2019,경상북도,안동시,3113059900.0,21.85887197043084,30967.6,10.340729066908338,21.829463914295044,18.31771736397877,0.0289798471272589,66.37,0,3.0,0.0,1
2020,경상북도,안동시,1050683207.0,20.772706463804827,10385.5,9.24826216497474,20.632376997396417,18.739599828595335,0.1309281418828272,61.5,0,4.0,0.0,1
2021,경상북도,안동시,321510517.0,19.58854081650339,3157.8,8.057947487623426,18.73010853995958,19.03719523486293,0.5761739980655127,56.86,0,3.0,0.0,1
2022,경상북도,안동시,187991000.0,19.05190465262729,1834.7,7.5151811591366044,0.0,19.05190465262729,1.0,50.0,0,2.0,0.0,1
2023,경상북도,안동시,220255000.0,19.210296528538677,2135.9,7.667111459652418,18.064005814299342,18.827844415351464,0.6821865564913396,54.99,0,3.0,0.0,1
2016,경상북도,영덕군,0.0,0.0,0.0,0.0,0.0,0.0,,,1,0.0,1.0,1
2017,경상북도,영덕군,185211000.0,19.03700627906015,3198.5,8.070749826579515,19.03700627906015,0.0,0.0,70.0,0,1.0,0.0,1
2018,경상북도,영덕군,601604000.0,20.215109981176195,10330.2,9.242923721872202,20.215109981176195,0.0,0.0,70.46,0,1.0,0.0,1
2019,경상북도,영덕군,684674000.0,20.344453371996035,11689.6,9.366540379068574,20.344453371996035,0.0,0.0,70.37,0,1.0,0.0,1
2020,경상북도,영덕군,391513690.0,19.78553104340947,6646.3,8.801966036165883,19.78553104340947,0.0,0.0,72.34,0,1.0,0.0,1
2021,경상북도,영덕군,300923000.0,19.5223649793568,5079.3,8.533125593946952,19.5223649793568,0.0,0.0,72.82,0,1.0,0.0,1
2022,경상북도,영덕군,0.0,0.0,0.0,0.0,0.0,0.0,,,1,0.0,1.0,1
2023,경상북도,영덕군,0.0,0.0,0.0,0.0,0.0,0.0,,,1,0.0,1.0,1
2016,경상북도,영양군,,,,,,,,,1,,,0
2017,경상북도,영양군,,,,,,,,,1,,,0
2018,경상북도,영양군,,,,,,,,,1,,,0
2019,경상북도,영양군,,,,,,,,,1,,,0
2020,경상북도,영양군,,,,,,,,,1,,,0
2021,경상북도,영양군,,,,,,,,,1,,,0
2022,경상북도,영양군,,,,,,,,,1,,,0
2023,경상북도,영양군,,,,,,,,,1,,,0
2016,경상북도,영주시,,,,,,,,,1,,,0
2017,경상북도,영주시,,,,,,,,,1,,,0
2018,경상북도,영주시,,,,,,,,,1,,,0
2019,경상북도,영주시,,,,,,,,,1,,,0
2020,경상북도,영주시,,,,,,,,,1,,,0
2021,경상북도,영주시,,,,,,,,,1,,,0
2022,경상북도,영주시,,,,,,,,,1,,,0
2023,경상북도,영주시,,,,,,,,,1,,,0
2016,경상북도,영천시,,,,,,,,,1,,,0
2017,경상북도,영천시,,,,,,,,,1,,,0
2018,경상북도,영천시,,,,,,,,,1,,,0
2019,경상북도,영천시,,,,,,,,,1,,,0
2020,경상북도,영천시,,,,,,,,,1,,,0
2021,경상북도,영천시,,,,,,,,,1,,,0
2022,경상북도,영천시,,,,,,,,,1,,,0
2023,경상북도,영천시,,,,,,,,,1,,,0
2016,경상북도,예천군,,,,,,,,,1,,,0
2017,경상북도,예천군,,,,,,,,,1,,,0
2018,경상북도,예천군,,,,,,,,,1,,,0
2019,경상북도,예천군,,,,,,,,,1,,,0
2020,경상북도,예천군,,,,,,,,,1,,,0
2021,경상북도,예천군,,,,,,,,,1,,,0
2022,경상북도,예천군,,,,,,,,,1,,,0
2023,경상북도,예천군,,,,,,,,,1,,,0
2016,경상북도,울릉군,,,,,,,,,1,,,0
2017,경상북도,울릉군,,,,,,,,,1,,,0
2018,경상북도,울릉군,,,,,,,,,1,,,0
2019,경상북도,울릉군,,,,,,,,,1,,,0
2020,경상북도,울릉군,,,,,,,,,1,,,0
2021,경상북도,울릉군,,,,,,,,,1,,,0
2022,경상북도,울릉군,,,,,,,,,1,,,0
2023,경상북도,울릉군,,,,,,,,,1,,,0
2016,경상북도,울진군,0.0,0.0,0.0,0.0,0.0,0.0,,,1,0.0,1.0,1
2017,경상북도,울진군,87580000.0,18.288063230755657,1187.5,7.080447286800249,0.0,18.288063230755657,1.0,50.0,0,2.0,0.0,1
2018,경상북도,울진군,42464000.0,17.56416723966343,565.7,6.339830063175573,0.0,17.56416723966343,1.0,50.0,0,2.0,0.0,1
2019,경상북도,울진군,45108000.0,17.62457019450333,590.5,6.3826616834184415,0.0,17.62457019450333,1.0,50.0,0,2.0,0.0,1
2020,경상북도,울진군,215352000.0,19.1877844612717,2769.7,7.926855274837429,19.1877844612717,0.0,0.0,28.85,0,2.0,0.0,1
2021,경상북도,울진군,305287000.0,19.53676287900631,3857.8,8.258111533296399,19.53676287900631,0.0,0.0,49.9,0,2.0,0.0,1
2022,경상북도,울진군,222479242.0,19.22034436533116,2762.3,7.9241808966623,19.22034436533116,0.0,0.0,50.26,0,2.0,0.0,1
2023,경상북도,울진군,142166000.0,18.772505953919165,1734.3,7.458935588096458,18.772505953919165,0.0,0.0,42.67,0,3.0,0.0,1
2016,경상북도,의성군,,,,,,,,,1,,,0
2017,경상북도,의성군,,,,,,,,,1,,,0
2018,경상북도,의성군,,,,,,,,,1,,,0
2019,경상북도,의성군,,,,,,,,,1,,,0
2020,경상북도,의성군,,,,,,,,,1,,,0
2021,경상북도,의성군,,,,,,,,,1,,,0
2022,경상북도,의성군,,,,,,,,,1,,,0
2023,경상북도,의성군,,,,,,,,,1,,,0
2016,경상북도,청도군,,,,,,,,,1,,,0
2017,경상북도,청도군,,,,,,,,,1,,,0
2018,경상북도,청도군,,,,,,,,,1,,,0
2019,경상북도,청도군,,,,,,,,,1,,,0
2020,경상북도,청도군,,,,,,,,,1,,,0
2021,경상북도,청도군,,,,,,,,,1,,,0
2022,경상북도,청도군,,,,,,,,,1,,,0
2023,경상북도,청도군,,,,,,,,,1,,,0
2016,경상북도,청송군,,,,,,,,,1,,,0
2017,경상북도,청송군,,,,,,,,,1,,,0
2018,경상북도,청송군,,,,,,,,,1,,,0
2019,경상북도,청송군,,,,,,,,,1,,,0
2020,경상북도,청송군,,,,,,,,,1,,,0
2021,경상북도,청송군,,,,,,,,,1,,,0
2022,경상북도,청송군,,,,,,,,,1,,,0
2023,경상북도,청송군,,,,,,,,,1,,,0
2016,경상북도,칠곡군,,,,,,,,,1,,,0
2017,경상북도,칠곡군,,,,,,,,,1,,,0
2018,경상북도,칠곡군,,,,,,,,,1,,,0
2019,경상북도,칠곡군,,,,,,,,,1,,,0
2020,경상북도,칠곡군,,,,,,,,,1,,,0
2021,경상북도,칠곡군,,,,,,,,,1,,,0
2022,경상북도,칠곡군,,,,,,,,,1,,,0
2023,경상북도,칠곡군,,,,,,,,,1,,,0
2016,경상북도,포항시,,,,,,,,,1,,,0
2017,경상북도,포항시,,,,,,,,,1,,,0
2018,경상북도,포항시,,,,,,,,,1,,,0
2019,경상북도,포항시,,,,,,,,,1,,,0
2020,경상북도,포항시,,,,,,,,,1,,,0
2021,경상북도,포항시,,,,,,,,,1,,,0
2022,경상북도,포항시,,,,,,,,,1,,,0
2023,경상북도,포항시,,,,,,,,,1,,,0
2016,광주광역시,광산구,,,,,,,,,1,,,0
2017,광주광역시,광산구,,,,,,,,,1,,,0
2018,광주광역시,광산구,,,,,,,,,1,,,0
2019,광주광역시,광산구,,,,,,,,,1,,,0
2020,광주광역시,광산구,,,,,,,,,1,,,0
2021,광주광역시,광산구,,,,,,,,,1,,,0
2022,광주광역시,광산구,,,,,,,,,1,,,0
2023,광주광역시,광산구,,,,,,,,,1,,,0
2016,광주광역시,남구,,,,,,,,,1,,,0
2017,광주광역시,남구,,,,,,,,,1,,,0
2018,광주광역시,남구,,,,,,,,,1,,,0
2019,광주광역시,남구,,,,,,,,,1,,,0
2020,광주광역시,남구,,,,,,,,,1,,,0
2021,광주광역시,남구,,,,,,,,,1,,,0
2022,광주광역시,남구,,,,,,,,,1,,,0
2023,광주광역시,남구,,,,,,,,,1,,,0
2016,광주광역시,동구,,,,,,,,,1,,,0
2017,광주광역시,동구,,,,,,,,,1,,,0
2018,광주광역시,동구,,,,,,,,,1,,,0
2019,광주광역시,동구,,,,,,,,,1,,,0
2020,광주광역시,동구,,,,,,,,,1,,,0
2021,광주광역시,동구,,,,,,,,,1,,,0
2022,광주광역시,동구,,,,,,,,,1,,,0
2023,광주광역시,동구,,,,,,,,,1,,,0
2016,광주광역시,북구,,,,,,,,,1,,,0
2017,광주광역시,북구,,,,,,,,,1,,,0
2018,광주광역시,북구,,,,,,,,,1,,,0
2019,광주광역시,북구,,,,,,,,,1,,,0
2020,광주광역시,북구,,,,,,,,,1,,,0
2021,광주광역시,북구,,,,,,,,,1,,,0
2022,광주광역시,북구,,,,,,,,,1,,,0
2023,광주광역시,북구,,,,,,,,,1,,,0
2016,광주광역시,서구,,,,,,,,,1,,,0
2017,광주광역시,서구,,,,,,,,,1,,,0
2018,광주광역시,서구,,,,,,,,,1,,,0
2019,광주광역시,서구,,,,,,,,,1,,,0
2020,광주광역시,서구,,,,,,,,,1,,,0
2021,광주광역시,서구,,,,,,,,,1,,,0
2022,광주광역시,서구,,,,,,,,,1,,,0
2023,광주광역시,서구,,,,,,,,,1,,,0
2016,대구광역시,군위군,230000000.0,19.253589871235295,75256.85491787187,11.228675561454118,19.253589871235295,0.0,0.0,43.39622641509434,0,3.0,0.0,1
2017,대구광역시,군위군,663780000.0,20.31346132874567,217191.28329297822,12.288538338293735,20.31346132874567,0.0,0.0,58.99401421124901,0,2.0,0.0,1
2018,대구광역시,군위군,760391300.0,20.449343728481548,248802.8597604869,12.424420153233608,20.449343728481548,0.0,0.0,62.88169705385294,0,2.0,0.0,1
2019,대구광역시,군위군,427791866.0,19.874147343211668,139975.08867220732,11.849226891805761,19.874147343211668,0.0,0.0,54.074685411565724,0,2.0,0.0,1
2020,대구광역시,군위군,31948000.0,17.27962017032028,10453.504351809437,9.254788202973234,17.27962017032028,0.0,0.0,9.924883037483925,0,1.0,0.0,1
2021,대구광역시,군위군,0.0,0.0,0.0,0.0,0.0,0.0,,,1,0.0,1.0,1
2022,대구광역시,군위군,0.0,0.0,0.0,0.0,0.0,0.0,,,1,0.0,1.0,1
2023,대구광역시,군위군,0.0,0.0,0.0,0.0,0.0,0.0,,,1,0.0,1.0,1
2016,대구광역시,남구,,,,,,,,,1,,,0
2017,대구광역시,남구,,,,,,,,,1,,,0
2018,대구광역시,남구,,,,,,,,,1,,,0
2019,대구광역시,남구,,,,,,,,,1,,,0
2020,대구광역시,남구,,,,,,,,,1,,,0
2021,대구광역시,남구,,,,,,,,,1,,,0
2022,대구광역시,남구,,,,,,,,,1,,,0
2023,대구광역시,남구,,,,,,,,,1,,,0
2016,대구광역시,달서구,,,,,,,,,1,,,0
2017,대구광역시,달서구,,,,,,,,,1,,,0
2018,대구광역시,달서구,,,,,,,,,1,,,0
2019,대구광역시,달서구,,,,,,,,,1,,,0
2020,대구광역시,달서구,,,,,,,,,1,,,0
2021,대구광역시,달서구,,,,,,,,,1,,,0
2022,대구광역시,달서구,,,,,,,,,1,,,0
2023,대구광역시,달서구,,,,,,,,,1,,,0
2016,대구광역시,달성군,,,,,,,,,1,,,0
2017,대구광역시,달성군,,,,,,,,,1,,,0
2018,대구광역시,달성군,,,,,,,,,1,,,0
2019,대구광역시,달성군,,,,,,,,,1,,,0
2020,대구광역시,달성군,,,,,,,,,1,,,0
2021,대구광역시,달성군,,,,,,,,,1,,,0
2022,대구광역시,달성군,,,,,,,,,1,,,0
2023,대구광역시,달성군,,,,,,,,,1,,,0
2016,대구광역시,동구,,,,,,,,,1,,,0
2017,대구광역시,동구,,,,,,,,,1,,,0
2018,대구광역시,동구,,,,,,,,,1,,,0
2019,대구광역시,동구,,,,,,,,,1,,,0
2020,대구광역시,동구,,,,,,,,,1,,,0
2021,대구광역시,동구,,,,,,,,,1,,,0
2022,대구광역시,동구,,,,,,,,,1,,,0
2023,대구광역시,동구,,,,,,,,,1,,,0
2016,대구광역시,북구,,,,,,,,,1,,,0
2017,대구광역시,북구,,,,,,,,,1,,,0
2018,대구광역시,북구,,,,,,,,,1,,,0
2019,대구광역시,북구,,,,,,,,,1,,,0
2020,대구광역시,북구,,,,,,,,,1,,,0
2021,대구광역시,북구,,,,,,,,,1,,,0
2022,대구광역시,북구,,,,,,,,,1,,,0
2023,대구광역시,북구,,,,,,,,,1,,,0
2016,대구광역시,서구,,,,,,,,,1,,,0
2017,대구광역시,서구,,,,,,,,,1,,,0
2018,대구광역시,서구,,,,,,,,,1,,,0
2019,대구광역시,서구,,,,,,,,,1,,,0
2020,대구광역시,서구,,,,,,,,,1,,,0
2021,대구광역시,서구,,,,,,,,,1,,,0
2022,대구광역시,서구,,,,,,,,,1,,,0
2023,대구광역시,서구,,,,,,,,,1,,,0
2016,대구광역시,수성구,,,,,,,,,1,,,0
2017,대구광역시,수성구,,,,,,,,,1,,,0
2018,대구광역시,수성구,,,,,,,,,1,,,0
2019,대구광역시,수성구,,,,,,,,,1,,,0
2020,대구광역시,수성구,,,,,,,,,1,,,0
2021,대구광역시,수성구,,,,,,,,,1,,,0
2022,대구광역시,수성구,,,,,,,,,1,,,0
2023,대구광역시,수성구,,,,,,,,,1,,,0
2016,대구광역시,중구,,,,,,,,,1,,,0
2017,대구광역시,중구,,,,,,,,,1,,,0
2018,대구광역시,중구,,,,,,,,,1,,,0
2019,대구광역시,중구,,,,,,,,,1,,,0
2020,대구광역시,중구,,,,,,,,,1,,,0
2021,대구광역시,중구,,,,,,,,,1,,,0
2022,대구광역시,중구,,,,,,,,,1,,,0
2023,대구광역시,중구,,,,,,,,,1,,,0
2016,대전광역시,대덕구,,,,,,,,,1,,,0
2017,대전광역시,대덕구,,,,,,,,,1,,,0
2018,대전광역시,대덕구,,,,,,,,,1,,,0
2019,대전광역시,대덕구,,,,,,,,,1,,,0
2020,대전광역시,대덕구,,,,,,,,,1,,,0
2021,대전광역시,대덕구,,,,,,,,,1,,,0
2022,대전광역시,대덕구,,,,,,,,,1,,,0
2023,대전광역시,대덕구,,,,,,,,,1,,,0
2016,대전광역시,동구,,,,,,,,,1,,,0
2017,대전광역시,동구,,,,,,,,,1,,,0
2018,대전광역시,동구,,,,,,,,,1,,,0
2019,대전광역시,동구,,,,,,,,,1,,,0
2020,대전광역시,동구,,,,,,,,,1,,,0
2021,대전광역시,동구,,,,,,,,,1,,,0
2022,대전광역시,동구,,,,,,,,,1,,,0
2023,대전광역시,동구,,,,,,,,,1,,,0
2016,대전광역시,서구,,,,,,,,,1,,,0
2017,대전광역시,서구,,,,,,,,,1,,,0
2018,대전광역시,서구,,,,,,,,,1,,,0
2019,대전광역시,서구,,,,,,,,,1,,,0
2020,대전광역시,서구,,,,,,,,,1,,,0
2021,대전광역시,서구,,,,,,,,,1,,,0
2022,대전광역시,서구,,,,,,,,,1,,,0
2023,대전광역시,서구,,,,,,,,,1,,,0
2016,대전광역시,유성구,,,,,,,,,1,,,0
2017,대전광역시,유성구,,,,,,,,,1,,,0
2018,대전광역시,유성구,,,,,,,,,1,,,0
2019,대전광역시,유성구,,,,,,,,,1,,,0
2020,대전광역시,유성구,,,,,,,,,1,,,0
2021,대전광역시,유성구,,,,,,,,,1,,,0
2022,대전광역시,유성구,,,,,,,,,1,,,0
2023,대전광역시,유성구,,,,,,,,,1,,,0
2016,대전광역시,중구,,,,,,,,,1,,,0
2017,대전광역시,중구,,,,,,,,,1,,,0
2018,대전광역시,중구,,,,,,,,,1,,,0
2019,대전광역시,중구,,,,,,,,,1,,,0
2020,대전광역시,중구,,,,,,,,,1,,,0
2021,대전광역시,중구,,,,,,,,,1,,,0
2022,대전광역시,중구,,,,,,,,,1,,,0
2023,대전광역시,중구,,,,,,,,,1,,,0
2016,부산광역시,강서구,,,,,,,,,1,,,0
2017,부산광역시,강서구,,,,,,,,,1,,,0
2018,부산광역시,강서구,,,,,,,,,1,,,0
2019,부산광역시,강서구,,,,,,,,,1,,,0
2020,부산광역시,강서구,,,,,,,,,1,,,0
2021,부산광역시,강서구,,,,,,,,,1,,,0
2022,부산광역시,강서구,,,,,,,,,1,,,0
2023,부산광역시,강서구,,,,,,,,,1,,,0
2016,부산광역시,금정구,,,,,,,,,1,,,0
2017,부산광역시,금정구,,,,,,,,,1,,,0
2018,부산광역시,금정구,,,,,,,,,1,,,0
2019,부산광역시,금정구,,,,,,,,,1,,,0
2020,부산광역시,금정구,,,,,,,,,1,,,0
2021,부산광역시,금정구,,,,,,,,,1,,,0
2022,부산광역시,금정구,,,,,,,,,1,,,0
2023,부산광역시,금정구,,,,,,,,,1,,,0
2016,부산광역시,기장군,,,,,,,,,1,,,0
2017,부산광역시,기장군,,,,,,,,,1,,,0
2018,부산광역시,기장군,,,,,,,,,1,,,0
2019,부산광역시,기장군,,,,,,,,,1,,,0
2020,부산광역시,기장군,,,,,,,,,1,,,0
2021,부산광역시,기장군,,,,,,,,,1,,,0
2022,부산광역시,기장군,,,,,,,,,1,,,0
2023,부산광역시,기장군,,,,,,,,,1,,,0
2016,부산광역시,남구,,,,,,,,,1,,,0
2017,부산광역시,남구,,,,,,,,,1,,,0
2018,부산광역시,남구,,,,,,,,,1,,,0
2019,부산광역시,남구,,,,,,,,,1,,,0
2020,부산광역시,남구,,,,,,,,,1,,,0
2021,부산광역시,남구,,,,,,,,,1,,,0
2022,부산광역시,남구,,,,,,,,,1,,,0
2023,부산광역시,남구,,,,,,,,,1,,,0
2016,부산광역시,동구,,,,,,,,,1,,,0
2017,부산광역시,동구,,,,,,,,,1,,,0
2018,부산광역시,동구,,,,,,,,,1,,,0
2019,부산광역시,동구,,,,,,,,,1,,,0
2020,부산광역시,동구,,,,,,,,,1,,,0
2021,부산광역시,동구,,,,,,,,,1,,,0
2022,부산광역시,동구,,,,,,,,,1,,,0
2023,부산광역시,동구,,,,,,,,,1,,,0
2016,부산광역시,동래구,,,,,,,,,1,,,0
2017,부산광역시,동래구,,,,,,,,,1,,,0
2018,부산광역시,동래구,,,,,,,,,1,,,0
2019,부산광역시,동래구,,,,,,,,,1,,,0
2020,부산광역시,동래구,,,,,,,,,1,,,0
2021,부산광역시,동래구,,,,,,,,,1,,,0
2022,부산광역시,동래구,,,,,,,,,1,,,0
2023,부산광역시,동래구,,,,,,,,,1,,,0
2016,부산광역시,부산진구,,,,,,,,,1,,,0
2017,부산광역시,부산진구,,,,,,,,,1,,,0
2018,부산광역시,부산진구,,,,,,,,,1,,,0
2019,부산광역시,부산진구,,,,,,,,,1,,,0
2020,부산광역시,부산진구,,,,,,,,,1,,,0
2021,부산광역시,부산진구,,,,,,,,,1,,,0
2022,부산광역시,부산진구,,,,,,,,,1,,,0
2023,부산광역시,부산진구,,,,,,,,,1,,,0
2016,부산광역시,북구,,,,,,,,,1,,,0
2017,부산광역시,북구,,,,,,,,,1,,,0
2018,부산광역시,북구,,,,,,,,,1,,,0
2019,부산광역시,북구,,,,,,,,,1,,,0
2020,부산광역시,북구,,,,,,,,,1,,,0
2021,부산광역시,북구,,,,,,,,,1,,,0
2022,부산광역시,북구,,,,,,,,,1,,,0
2023,부산광역시,북구,,,,,,,,,1,,,0
2016,부산광역시,사상구,,,,,,,,,1,,,0
2017,부산광역시,사상구,,,,,,,,,1,,,0
2018,부산광역시,사상구,,,,,,,,,1,,,0
2019,부산광역시,사상구,,,,,,,,,1,,,0
2020,부산광역시,사상구,,,,,,,,,1,,,0
2021,부산광역시,사상구,,,,,,,,,1,,,0
2022,부산광역시,사상구,,,,,,,,,1,,,0
2023,부산광역시,사상구,,,,,,,,,1,,,0
2016,부산광역시,사하구,,,,,,,,,1,,,0
2017,부산광역시,사하구,,,,,,,,,1,,,0
2018,부산광역시,사하구,,,,,,,,,1,,,0
2019,부산광역시,사하구,,,,,,,,,1,,,0
2020,부산광역시,사하구,,,,,,,,,1,,,0
2021,부산광역시,사하구,,,,,,,,,1,,,0
2022,부산광역시,사하구,,,,,,,,,1,,,0
2023,부산광역시,사하구,,,,,,,,,1,,,0
2016,부산광역시,서구,,,,,,,,,1,,,0
2017,부산광역시,서구,,,,,,,,,1,,,0
2018,부산광역시,서구,,,,,,,,,1,,,0
2019,부산광역시,서구,,,,,,,,,1,,,0
2020,부산광역시,서구,,,,,,,,,1,,,0
2021,부산광역시,서구,,,,,,,,,1,,,0
2022,부산광역시,서구,,,,,,,,,1,,,0
2023,부산광역시,서구,,,,,,,,,1,,,0
2016,부산광역시,수영구,,,,,,,,,1,,,0
2017,부산광역시,수영구,,,,,,,,,1,,,0
2018,부산광역시,수영구,,,,,,,,,1,,,0
2019,부산광역시,수영구,,,,,,,,,1,,,0
2020,부산광역시,수영구,,,,,,,,,1,,,0
2021,부산광역시,수영구,,,,,,,,,1,,,0
2022,부산광역시,수영구,,,,,,,,,1,,,0
2023,부산광역시,수영구,,,,,,,,,1,,,0
2016,부산광역시,연제구,,,,,,,,,1,,,0
2017,부산광역시,연제구,,,,,,,,,1,,,0
2018,부산광역시,연제구,,,,,,,,,1,,,0
2019,부산광역시,연제구,,,,,,,,,1,,,0
2020,부산광역시,연제구,,,,,,,,,1,,,0
2021,부산광역시,연제구,,,,,,,,,1,,,0
2022,부산광역시,연제구,,,,,,,,,1,,,0
2023,부산광역시,연제구,,,,,,,,,1,,,0
2016,부산광역시,영도구,,,,,,,,,1,,,0
2017,부산광역시,영도구,,,,,,,,,1,,,0
2018,부산광역시,영도구,,,,,,,,,1,,,0
2019,부산광역시,영도구,,,,,,,,,1,,,0
2020,부산광역시,영도구,,,,,,,,,1,,,0
2021,부산광역시,영도구,,,,,,,,,1,,,0
2022,부산광역시,영도구,,,,,,,,,1,,,0
2023,부산광역시,영도구,,,,,,,,,1,,,0
2016,부산광역시,중구,,,,,,,,,1,,,0
2017,부산광역시,중구,,,,,,,,,1,,,0
2018,부산광역시,중구,,,,,,,,,1,,,0
2019,부산광역시,중구,,,,,,,,,1,,,0
2020,부산광역시,중구,,,,,,,,,1,,,0
2021,부산광역시,중구,,,,,,,,,1,,,0
2022,부산광역시,중구,,,,,,,,,1,,,0
2023,부산광역시,중구,,,,,,,,,1,,,0
2016,부산광역시,해운대구,,,,,,,,,1,,,0
2017,부산광역시,해운대구,,,,,,,,,1,,,0
2018,부산광역시,해운대구,,,,,,,,,1,,,0
2019,부산광역시,해운대구,,,,,,,,,1,,,0
2020,부산광역시,해운대구,,,,,,,,,1,,,0
2021,부산광역시,해운대구,,,,,,,,,1,,,0
2022,부산광역시,해운대구,,,,,,,,,1,,,0
2023,부산광역시,해운대구,,,,,,,,,1,,,0
2016,서울특별시,강남구,,,,,,,,,1,,,0
2017,서울특별시,강남구,,,,,,,,,1,,,0
2018,서울특별시,강남구,,,,,,,,,1,,,0
2019,서울특별시,강남구,,,,,,,,,1,,,0
2020,서울특별시,강남구,,,,,,,,,1,,,0
2021,서울특별시,강남구,,,,,,,,,1,,,0
2022,서울특별시,강남구,,,,,,,,,1,,,0
2023,서울특별시,강남구,,,,,,,,,1,,,0
2016,서울특별시,강동구,,,,,,,,,1,,,0
2017,서울특별시,강동구,,,,,,,,,1,,,0
2018,서울특별시,강동구,,,,,,,,,1,,,0
2019,서울특별시,강동구,,,,,,,,,1,,,0
2020,서울특별시,강동구,,,,,,,,,1,,,0
2021,서울특별시,강동구,,,,,,,,,1,,,0
2022,서울특별시,강동구,,,,,,,,,1,,,0
2023,서울특별시,강동구,,,,,,,,,1,,,0
2016,서울특별시,강북구,,,,,,,,,1,,,0
2017,서울특별시,강북구,,,,,,,,,1,,,0
2018,서울특별시,강북구,,,,,,,,,1,,,0
2019,서울특별시,강북구,,,,,,,,,1,,,0
2020,서울특별시,강북구,,,,,,,,,1,,,0
2021,서울특별시,강북구,,,,,,,,,1,,,0
2022,서울특별시,강북구,,,,,,,,,1,,,0
2023,서울특별시,강북구,,,,,,,,,1,,,0
2016,서울특별시,강서구,,,,,,,,,1,,,0
2017,서울특별시,강서구,,,,,,,,,1,,,0
2018,서울특별시,강서구,,,,,,,,,1,,,0
2019,서울특별시,강서구,,,,,,,,,1,,,0
2020,서울특별시,강서구,,,,,,,,,1,,,0
2021,서울특별시,강서구,,,,,,,,,1,,,0
2022,서울특별시,강서구,,,,,,,,,1,,,0
2023,서울특별시,강서구,,,,,,,,,1,,,0
2016,서울특별시,관악구,,,,,,,,,1,,,0
2017,서울특별시,관악구,,,,,,,,,1,,,0
2018,서울특별시,관악구,,,,,,,,,1,,,0
2019,서울특별시,관악구,,,,,,,,,1,,,0
2020,서울특별시,관악구,,,,,,,,,1,,,0
2021,서울특별시,관악구,,,,,,,,,1,,,0
2022,서울특별시,관악구,,,,,,,,,1,,,0
2023,서울특별시,관악구,,,,,,,,,1,,,0
2016,서울특별시,광진구,,,,,,,,,1,,,0
2017,서울특별시,광진구,,,,,,,,,1,,,0
2018,서울특별시,광진구,,,,,,,,,1,,,0
2019,서울특별시,광진구,,,,,,,,,1,,,0
2020,서울특별시,광진구,,,,,,,,,1,,,0
2021,서울특별시,광진구,,,,,,,,,1,,,0
2022,서울특별시,광진구,,,,,,,,,1,,,0
2023,서울특별시,광진구,,,,,,,,,1,,,0
2016,서울특별시,구로구,,,,,,,,,1,,,0
2017,서울특별시,구로구,,,,,,,,,1,,,0
2018,서울특별시,구로구,,,,,,,,,1,,,0
2019,서울특별시,구로구,,,,,,,,,1,,,0
2020,서울특별시,구로구,,,,,,,,,1,,,0
2021,서울특별시,구로구,,,,,,,,,1,,,0
2022,서울특별시,구로구,,,,,,,,,1,,,0
2023,서울특별시,구로구,,,,,,,,,1,,,0
2016,서울특별시,금천구,,,,,,,,,1,,,0
2017,서울특별시,금천구,,,,,,,,,1,,,0
2018,서울특별시,금천구,,,,,,,,,1,,,0
2019,서울특별시,금천구,,,,,,,,,1,,,0
2020,서울특별시,금천구,,,,,,,,,1,,,0
2021,서울특별시,금천구,,,,,,,,,1,,,0
2022,서울특별시,금천구,,,,,,,,,1,,,0
2023,서울특별시,금천구,,,,,,,,,1,,,0
2016,서울특별시,노원구,,,,,,,,,1,,,0
2017,서울특별시,노원구,,,,,,,,,1,,,0
2018,서울특별시,노원구,,,,,,,,,1,,,0
2019,서울특별시,노원구,,,,,,,,,1,,,0
2020,서울특별시,노원구,,,,,,,,,1,,,0
2021,서울특별시,노원구,,,,,,,,,1,,,0
2022,서울특별시,노원구,,,,,,,,,1,,,0
2023,서울특별시,노원구,,,,,,,,,1,,,0
2016,서울특별시,도봉구,,,,,,,,,1,,,0
2017,서울특별시,도봉구,,,,,,,,,1,,,0
2018,서울특별시,도봉구,,,,,,,,,1,,,0
2019,서울특별시,도봉구,,,,,,,,,1,,,0
2020,서울특별시,도봉구,,,,,,,,,1,,,0
2021,서울특별시,도봉구,,,,,,,,,1,,,0
2022,서울특별시,도봉구,,,,,,,,,1,,,0
2023,서울특별시,도봉구,,,,,,,,,1,,,0
2016,서울특별시,동대문구,,,,,,,,,1,,,0
2017,서울특별시,동대문구,,,,,,,,,1,,,0
2018,서울특별시,동대문구,,,,,,,,,1,,,0
2019,서울특별시,동대문구,,,,,,,,,1,,,0
2020,서울특별시,동대문구,,,,,,,,,1,,,0
2021,서울특별시,동대문구,,,,,,,,,1,,,0
2022,서울특별시,동대문구,,,,,,,,,1,,,0
2023,서울특별시,동대문구,,,,,,,,,1,,,0
2016,서울특별시,동작구,,,,,,,,,1,,,0
2017,서울특별시,동작구,,,,,,,,,1,,,0
2018,서울특별시,동작구,,,,,,,,,1,,,0
2019,서울특별시,동작구,,,,,,,,,1,,,0
2020,서울특별시,동작구,,,,,,,,,1,,,0
2021,서울특별시,동작구,,,,,,,,,1,,,0
2022,서울특별시,동작구,,,,,,,,,1,,,0
2023,서울특별시,동작구,,,,,,,,,1,,,0
2016,서울특별시,마포구,,,,,,,,,1,,,0
2017,서울특별시,마포구,,,,,,,,,1,,,0
2018,서울특별시,마포구,,,,,,,,,1,,,0
2019,서울특별시,마포구,,,,,,,,,1,,,0
2020,서울특별시,마포구,,,,,,,,,1,,,0
2021,서울특별시,마포구,,,,,,,,,1,,,0
2022,서울특별시,마포구,,,,,,,,,1,,,0
2023,서울특별시,마포구,,,,,,,,,1,,,0
2016,서울특별시,서대문구,,,,,,,,,1,,,0
2017,서울특별시,서대문구,,,,,,,,,1,,,0
2018,서울특별시,서대문구,,,,,,,,,1,,,0
2019,서울특별시,서대문구,,,,,,,,,1,,,0
2020,서울특별시,서대문구,,,,,,,,,1,,,0
2021,서울특별시,서대문구,,,,,,,,,1,,,0
2022,서울특별시,서대문구,,,,,,,,,1,,,0
2023,서울특별시,서대문구,,,,,,,,,1,,,0
2016,서울특별시,서초구,,,,,,,,,1,,,0
2017,서울특별시,서초구,,,,,,,,,1,,,0
2018,서울특별시,서초구,,,,,,,,,1,,,0
2019,서울특별시,서초구,,,,,,,,,1,,,0
2020,서울특별시,서초구,,,,,,,,,1,,,0
2021,서울특별시,서초구,,,,,,,,,1,,,0
2022,서울특별시,서초구,,,,,,,,,1,,,0
2023,서울특별시,서초구,,,,,,,,,1,,,0
2016,서울특별시,성동구,,,,,,,,,1,,,0
2017,서울특별시,성동구,,,,,,,,,1,,,0
2018,서울특별시,성동구,,,,,,,,,1,,,0
2019,서울특별시,성동구,,,,,,,,,1,,,0
2020,서울특별시,성동구,,,,,,,,,1,,,0
2021,서울특별시,성동구,,,,,,,,,1,,,0
2022,서울특별시,성동구,,,,,,,,,1,,,0
2023,서울특별시,성동구,,,,,,,,,1,,,0
2016,서울특별시,성북구,,,,,,,,,1,,,0
2017,서울특별시,성북구,,,,,,,,,1,,,0
2018,서울특별시,성북구,,,,,,,,,1,,,0
2019,서울특별시,성북구,,,,,,,,,1,,,0
2020,서울특별시,성북구,,,,,,,,,1,,,0
2021,서울특별시,성북구,,,,,,,,,1,,,0
2022,서울특별시,성북구,,,,,,,,,1,,,0
2023,서울특별시,성북구,,,,,,,,,1,,,0
2016,서울특별시,송파구,,,,,,,,,1,,,0
2017,서울특별시,송파구,,,,,,,,,1,,,0
2018,서울특별시,송파구,,,,,,,,,1,,,0
2019,서울특별시,송파구,,,,,,,,,1,,,0
2020,서울특별시,송파구,,,,,,,,,1,,,0
2021,서울특별시,송파구,,,,,,,,,1,,,0
2022,서울특별시,송파구,,,,,,,,,1,,,0
2023,서울특별시,송파구,,,,,,,,,1,,,0
2016,서울특별시,양천구,,,,,,,,,1,,,0
2017,서울특별시,양천구,,,,,,,,,1,,,0
2018,서울특별시,양천구,,,,,,,,,1,,,0
2019,서울특별시,양천구,,,,,,,,,1,,,0
2020,서울특별시,양천구,,,,,,,,,1,,,0
2021,서울특별시,양천구,,,,,,,,,1,,,0
2022,서울특별시,양천구,,,,,,,,,1,,,0
2023,서울특별시,양천구,,,,,,,,,1,,,0
2016,서울특별시,영등포구,,,,,,,,,1,,,0
2017,서울특별시,영등포구,,,,,,,,,1,,,0
2018,서울특별시,영등포구,,,,,,,,,1,,,0
2019,서울특별시,영등포구,,,,,,,,,1,,,0
2020,서울특별시,영등포구,,,,,,,,,1,,,0
2021,서울특별시,영등포구,,,,,,,,,1,,,0
2022,서울특별시,영등포구,,,,,,,,,1,,,0
2023,서울특별시,영등포구,,,,,,,,,1,,,0
2016,서울특별시,용산구,,,,,,,,,1,,,0
2017,서울특별시,용산구,,,,,,,,,1,,,0
2018,서울특별시,용산구,,,,,,,,,1,,,0
2019,서울특별시,용산구,,,,,,,,,1,,,0
2020,서울특별시,용산구,,,,,,,,,1,,,0
2021,서울특별시,용산구,,,,,,,,,1,,,0
2022,서울특별시,용산구,,,,,,,,,1,,,0
2023,서울특별시,용산구,,,,,,,,,1,,,0
2016,서울특별시,은평구,,,,,,,,,1,,,0
2017,서울특별시,은평구,,,,,,,,,1,,,0
2018,서울특별시,은평구,,,,,,,,,1,,,0
2019,서울특별시,은평구,,,,,,,,,1,,,0
2020,서울특별시,은평구,,,,,,,,,1,,,0
2021,서울특별시,은평구,,,,,,,,,1,,,0
2022,서울특별시,은평구,,,,,,,,,1,,,0
2023,서울특별시,은평구,,,,,,,,,1,,,0
2016,서울특별시,종로구,,,,,,,,,1,,,0
2017,서울특별시,종로구,,,,,,,,,1,,,0
2018,서울특별시,종로구,,,,,,,,,1,,,0
2019,서울특별시,종로구,,,,,,,,,1,,,0
2020,서울특별시,종로구,,,,,,,,,1,,,0
2021,서울특별시,종로구,,,,,,,,,1,,,0
2022,서울특별시,종로구,,,,,,,,,1,,,0
2023,서울특별시,종로구,,,,,,,,,1,,,0
2016,서울특별시,중구,,,,,,,,,1,,,0
2017,서울특별시,중구,,,,,,,,,1,,,0
2018,서울특별시,중구,,,,,,,,,1,,,0
2019,서울특별시,중구,,,,,,,,,1,,,0
2020,서울특별시,중구,,,,,,,,,1,,,0
2021,서울특별시,중구,,,,,,,,,1,,,0
2022,서울특별시,중구,,,,,,,,,1,,,0
2023,서울특별시,중구,,,,,,,,,1,,,0
2016,서울특별시,중랑구,,,,,,,,,1,,,0
2017,서울특별시,중랑구,,,,,,,,,1,,,0
2018,서울특별시,중랑구,,,,,,,,,1,,,0
2019,서울특별시,중랑구,,,,,,,,,1,,,0
2020,서울특별시,중랑구,,,,,,,,,1,,,0
2021,서울특별시,중랑구,,,,,,,,,1,,,0
2022,서울특별시,중랑구,,,,,,,,,1,,,0
2023,서울특별시,중랑구,,,,,,,,,1,,,0
2016,세종특별자치시,세종시,0.0,0.0,0.0,0.0,0.0,0.0,,,1,0.0,1.0,1
2017,세종특별자치시,세종시,428354000.0,19.875460516823292,17307.23232323232,9.758937524136151,19.302827140198442,19.04525996809331,0.4359618446425153,59.60570294693076,0,3.0,0.0,1
2018,세종특별자치시,세종시,348418000.0,19.668913469231317,14077.494949494949,9.55240373120704,19.53894532508753,17.56416723966343,0.12187659650190288,72.09190208091505,0,3.0,0.0,1
2019,세종특별자치시,세종시,206027000.0,19.1435177909801,8324.323232323231,9.027057140800402,18.8964116969729,17.62457019450333,0.21894217748159223,69.52995808500442,0,3.0,0.0,1
2020,세종특별자치시,세종시,140829000.0,18.76305695349005,5690.060606060606,8.646651908003562,18.369113738425128,17.640994823783053,0.32560765183307416,61.93416452272578,0,3.0,0.0,1
2021,세종특별자치시,세종시,182830000.0,19.02406732277425,7387.070707070707,8.907621911802666,18.542898385526172,18.061574289142712,0.3819395066455177,61.849427445408566,0,3.0,0.0,1
2022,세종특별자치시,세종시,183120000.0,19.025652239069487,7398.787878787879,8.909206613752746,18.542898385526172,18.065718632278575,0.3829183049366536,63.97428731134712,0,3.0,0.0,1
2023,세종특별자치시,세종시,194129000.0,19.084033449652157,7843.595959595959,8.96758016092124,18.59781387243388,18.129659783612997,0.3850532377954865,66.00490287746547,0,3.0,0.0,1
2016,울산광역시,남구,,,,,,,,,1,,,0
2017,울산광역시,남구,,,,,,,,,1,,,0
2018,울산광역시,남구,,,,,,,,,1,,,0
2019,울산광역시,남구,,,,,,,,,1,,,0
2020,울산광역시,남구,,,,,,,,,1,,,0
2021,울산광역시,남구,,,,,,,,,1,,,0
2022,울산광역시,남구,,,,,,,,,1,,,0
2023,울산광역시,남구,,,,,,,,,1,,,0
2016,울산광역시,동구,,,,,,,,,1,,,0
2017,울산광역시,동구,,,,,,,,,1,,,0
2018,울산광역시,동구,,,,,,,,,1,,,0
2019,울산광역시,동구,,,,,,,,,1,,,0
2020,울산광역시,동구,,,,,,,,,1,,,0
2021,울산광역시,동구,,,,,,,,,1,,,0
2022,울산광역시,동구,,,,,,,,,1,,,0
2023,울산광역시,동구,,,,,,,,,1,,,0
2016,울산광역시,북구,,,,,,,,,1,,,0
2017,울산광역시,북구,,,,,,,,,1,,,0
2018,울산광역시,북구,,,,,,,,,1,,,0
2019,울산광역시,북구,,,,,,,,,1,,,0
2020,울산광역시,북구,,,,,,,,,1,,,0
2021,울산광역시,북구,,,,,,,,,1,,,0
2022,울산광역시,북구,,,,,,,,,1,,,0
2023,울산광역시,북구,,,,,,,,,1,,,0
2016,울산광역시,울주군,,,,,,,,,1,,,0
2017,울산광역시,울주군,,,,,,,,,1,,,0
2018,울산광역시,울주군,,,,,,,,,1,,,0
2019,울산광역시,울주군,,,,,,,,,1,,,0
2020,울산광역시,울주군,,,,,,,,,1,,,0
2021,울산광역시,울주군,,,,,,,,,1,,,0
2022,울산광역시,울주군,,,,,,,,,1,,,0
2023,울산광역시,울주군,,,,,,,,,1,,,0
2016,울산광역시,중구,,,,,,,,,1,,,0
2017,울산광역시,중구,,,,,,,,,1,,,0
2018,울산광역시,중구,,,,,,,,,1,,,0
2019,울산광역시,중구,,,,,,,,,1,,,0
2020,울산광역시,중구,,,,,,,,,1,,,0
2021,울산광역시,중구,,,,,,,,,1,,,0
2022,울산광역시,중구,,,,,,,,,1,,,0
2023,울산광역시,중구,,,,,,,,,1,,,0
2016,인천광역시,강화군,,,,,,,,,1,,,0
2017,인천광역시,강화군,,,,,,,,,1,,,0
2018,인천광역시,강화군,,,,,,,,,1,,,0
2019,인천광역시,강화군,,,,,,,,,1,,,0
2020,인천광역시,강화군,,,,,,,,,1,,,0
2021,인천광역시,강화군,,,,,,,,,1,,,0
2022,인천광역시,강화군,,,,,,,,,1,,,0
2023,인천광역시,강화군,,,,,,,,,1,,,0
2016,인천광역시,계양구,,,,,,,,,1,,,0
2017,인천광역시,계양구,,,,,,,,,1,,,0
2018,인천광역시,계양구,,,,,,,,,1,,,0
2019,인천광역시,계양구,,,,,,,,,1,,,0
2020,인천광역시,계양구,,,,,,,,,1,,,0
2021,인천광역시,계양구,,,,,,,,,1,,,0
2022,인천광역시,계양구,,,,,,,,,1,,,0
2023,인천광역시,계양구,,,,,,,,,1,,,0
2016,인천광역시,남동구,,,,,,,,,1,,,0
2017,인천광역시,남동구,,,,,,,,,1,,,0
2018,인천광역시,남동구,,,,,,,,,1,,,0
2019,인천광역시,남동구,,,,,,,,,1,,,0
2020,인천광역시,남동구,,,,,,,,,1,,,0
2021,인천광역시,남동구,,,,,,,,,1,,,0
2022,인천광역시,남동구,,,,,,,,,1,,,0
2023,인천광역시,남동구,,,,,,,,,1,,,0
2016,인천광역시,동구,,,,,,,,,1,,,0
2017,인천광역시,동구,,,,,,,,,1,,,0
2018,인천광역시,동구,,,,,,,,,1,,,0
2019,인천광역시,동구,,,,,,,,,1,,,0
2020,인천광역시,동구,,,,,,,,,1,,,0
2021,인천광역시,동구,,,,,,,,,1,,,0
2022,인천광역시,동구,,,,,,,,,1,,,0
2023,인천광역시,동구,,,,,,,,,1,,,0
2016,인천광역시,미추홀구,0.0,0.0,,,0.0,0.0,,,1,0.0,1.0,1
2017,인천광역시,미추홀구,25440000.0,17.05183333574437,,,0.0,17.05183333574437,1.0,50.0,0,1.0,0.0,1
2018,인천광역시,미추홀구,0.0,0.0,,,0.0,0.0,,,1,0.0,1.0,1
2019,인천광역시,미추홀구,0.0,0.0,,,0.0,0.0,,,1,0.0,1.0,1
2020,인천광역시,미추홀구,0.0,0.0,,,0.0,0.0,,,1,0.0,1.0,1
2021,인천광역시,미추홀구,0.0,0.0,,,0.0,0.0,,,1,0.0,1.0,1
2022,인천광역시,미추홀구,0.0,0.0,,,0.0,0.0,,,1,0.0,1.0,1
2023,인천광역시,미추홀구,0.0,0.0,,,0.0,0.0,,,1,0.0,1.0,1
2016,인천광역시,부평구,,,,,,,,,1,,,0
2017,인천광역시,부평구,,,,,,,,,1,,,0
2018,인천광역시,부평구,,,,,,,,,1,,,0
2019,인천광역시,부평구,,,,,,,,,1,,,0
2020,인천광역시,부평구,,,,,,,,,1,,,0
2021,인천광역시,부평구,,,,,,,,,1,,,0
2022,인천광역시,부평구,,,,,,,,,1,,,0
2023,인천광역시,부평구,,,,,,,,,1,,,0
2016,인천광역시,서구,,,,,,,,,1,,,0
2017,인천광역시,서구,,,,,,,,,1,,,0
2018,인천광역시,서구,,,,,,,,,1,,,0
2019,인천광역시,서구,,,,,,,,,1,,,0
2020,인천광역시,서구,,,,,,,,,1,,,0
2021,인천광역시,서구,,,,,,,,,1,,,0
2022,인천광역시,서구,,,,,,,,,1,,,0
2023,인천광역시,서구,,,,,,,,,1,,,0
2016,인천광역시,연수구,,,,,,,,,1,,,0
2017,인천광역시,연수구,,,,,,,,,1,,,0
2018,인천광역시,연수구,,,,,,,,,1,,,0
2019,인천광역시,연수구,,,,,,,,,1,,,0
2020,인천광역시,연수구,,,,,,,,,1,,,0
2021,인천광역시,연수구,,,,,,,,,1,,,0
2022,인천광역시,연수구,,,,,,,,,1,,,0
2023,인천광역시,연수구,,,,,,,,,1,,,0
2016,인천광역시,옹진군,,,,,,,,,1,,,0
2017,인천광역시,옹진군,,,,,,,,,1,,,0
2018,인천광역시,옹진군,,,,,,,,,1,,,0
2019,인천광역시,옹진군,,,,,,,,,1,,,0
2020,인천광역시,옹진군,,,,,,,,,1,,,0
2021,인천광역시,옹진군,,,,,,,,,1,,,0
2022,인천광역시,옹진군,,,,,,,,,1,,,0
2023,인천광역시,옹진군,,,,,,,,,1,,,0
2016,인천광역시,중구,,,,,,,,,1,,,0
2017,인천광역시,중구,,,,,,,,,1,,,0
2018,인천광역시,중구,,,,,,,,,1,,,0
2019,인천광역시,중구,,,,,,,,,1,,,0
2020,인천광역시,중구,,,,,,,,,1,,,0
2021,인천광역시,중구,,,,,,,,,1,,,0
2022,인천광역시,중구,,,,,,,,,1,,,0
2023,인천광역시,중구,,,,,,,,,1,,,0
2016,전라남도,강진군,,,,,,,,,1,,,0
2017,전라남도,강진군,,,,,,,,,1,,,0
2018,전라남도,강진군,,,,,,,,,1,,,0
2019,전라남도,강진군,,,,,,,,,1,,,0
2020,전라남도,강진군,,,,,,,,,1,,,0
2021,전라남도,강진군,,,,,,,,,1,,,0
2022,전라남도,강진군,,,,,,,,,1,,,0
2023,전라남도,강진군,,,,,,,,,1,,,0
2016,전라남도,고흥군,,,,,,,,,1,,,0
2017,전라남도,고흥군,,,,,,,,,1,,,0
2018,전라남도,고흥군,,,,,,,,,1,,,0
2019,전라남도,고흥군,,,,,,,,,1,,,0
2020,전라남도,고흥군,,,,,,,,,1,,,0
2021,전라남도,고흥군,,,,,,,,,1,,,0
2022,전라남도,고흥군,,,,,,,,,1,,,0
2023,전라남도,고흥군,,,,,,,,,1,,,0
2016,전라남도,곡성군,,,,,,,,,1,,,0
2017,전라남도,곡성군,,,,,,,,,1,,,0
2018,전라남도,곡성군,,,,,,,,,1,,,0
2019,전라남도,곡성군,,,,,,,,,1,,,0
2020,전라남도,곡성군,,,,,,,,,1,,,0
2021,전라남도,곡성군,,,,,,,,,1,,,0
2022,전라남도,곡성군,,,,,,,,,1,,,0
2023,전라남도,곡성군,,,,,,,,,1,,,0
2016,전라남도,광양시,0.0,0.0,0.0,0.0,0.0,0.0,,,1,0.0,1.0,1
2017,전라남도,광양시,482160000.0,19.993786569213064,18087.7,9.803042712899394,19.596895846171687,18.87780175369813,0.3275925004148001,61.34,0,3.0,0.0,1
2018,전라남도,광양시,678467000.0,20.335346400831707,25432.5,10.143822481662914,20.238012115505008,17.957470006685902,0.0927473259568999,68.78,0,3.0,0.0,1
2019,전라남도,광양시,616370530.0,20.239358852025983,23087.0,10.047068281013653,20.160758301185567,17.65693943200141,0.0755908949767601,47.15,0,4.0,0.0,1
2020,전라남도,광양시,663528960.0,20.313083059615906,24834.4,10.120025333713336,20.203675180600296,18.046205467073225,0.1036352655956418,54.57,0,5.0,0.0,1
2021,전라남도,광양시,961598400.0,20.684107458890256,35962.9,10.490270936542462,20.54223832371681,18.66116114778235,0.1322651951167972,59.62,0,4.0,0.0,1
2022,전라남도,광양시,844995560.0,20.55484193205321,31578.0,10.360247621697122,20.43717657662894,18.356675424637434,0.111006500436523,51.12,0,3.0,0.0,1
2023,전라남도,광양시,1167764440.0,20.878357023786833,43606.7,10.682989019248796,20.78885640542556,18.420430722699656,0.0856123003711262,62.32,0,3.0,0.0,1
2016,전라남도,구례군,,,,,,,,,1,,,0
2017,전라남도,구례군,,,,,,,,,1,,,0
2018,전라남도,구례군,,,,,,,,,1,,,0
2019,전라남도,구례군,,,,,,,,,1,,,0
2020,전라남도,구례군,,,,,,,,,1,,,0
2021,전라남도,구례군,,,,,,,,,1,,,0
2022,전라남도,구례군,,,,,,,,,1,,,0
2023,전라남도,구례군,,,,,,,,,1,,,0
2016,전라남도,나주시,,,,,,,,,1,,,0
2017,전라남도,나주시,,,,,,,,,1,,,0
2018,전라남도,나주시,,,,,,,,,1,,,0
2019,전라남도,나주시,,,,,,,,,1,,,0
2020,전라남도,나주시,,,,,,,,,1,,,0
2021,전라남도,나주시,,,,,,,,,1,,,0
2022,전라남도,나주시,,,,,,,,,1,,,0
2023,전라남도,나주시,,,,,,,,,1,,,0
2016,전라남도,담양군,,,,,,,,,1,,,0
2017,전라남도,담양군,,,,,,,,,1,,,0
2018,전라남도,담양군,,,,,,,,,1,,,0
2019,전라남도,담양군,,,,,,,,,1,,,0
2020,전라남도,담양군,,,,,,,,,1,,,0
2021,전라남도,담양군,,,,,,,,,1,,,0
2022,전라남도,담양군,,,,,,,,,1,,,0
2023,전라남도,담양군,,,,,,,,,1,,,0
2016,전라남도,목포시,,,,,,,,,1,,,0
2017,전라남도,목포시,,,,,,,,,1,,,0
2018,전라남도,목포시,,,,,,,,,1,,,0
2019,전라남도,목포시,,,,,,,,,1,,,0
2020,전라남도,목포시,,,,,,,,,1,,,0
2021,전라남도,목포시,,,,,,,,,1,,,0
2022,전라남도,목포시,,,,,,,,,1,,,0
2023,전라남도,목포시,,,,,,,,,1,,,0
2016,전라남도,무안군,,,,,,,,,1,,,0
2017,전라남도,무안군,,,,,,,,,1,,,0
2018,전라남도,무안군,,,,,,,,,1,,,0
2019,전라남도,무안군,,,,,,,,,1,,,0
2020,전라남도,무안군,,,,,,,,,1,,,0
2021,전라남도,무안군,,,,,,,,,1,,,0
2022,전라남도,무안군,,,,,,,,,1,,,0
2023,전라남도,무안군,,,,,,,,,1,,,0
2016,전라남도,보성군,,,,,,,,,1,,,0
2017,전라남도,보성군,,,,,,,,,1,,,0
2018,전라남도,보성군,,,,,,,,,1,,,0
2019,전라남도,보성군,,,,,,,,,1,,,0
2020,전라남도,보성군,,,,,,,,,1,,,0
2021,전라남도,보성군,,,,,,,,,1,,,0
2022,전라남도,보성군,,,,,,,,,1,,,0
2023,전라남도,보성군,,,,,,,,,1,,,0
2016,전라남도,순천시,0.0,0.0,0.0,0.0,0.0,0.0,,,1,0.0,1.0,1
2017,전라남도,순천시,235276000.0,19.27626985529576,4129.5,8.32615374400256,0.0,19.27626985529576,1.0,49.99,0,2.0,0.0,1
2018,전라남도,순천시,62926000.0,17.957470006685902,1103.6,7.007238557467087,0.0,17.957470006685902,1.0,50.0,0,2.0,0.0,1
2019,전라남도,순천시,230717000.0,19.25670241353671,4043.2,8.305039034901629,18.69355117106085,18.414099142652844,0.4305881231118643,50.0,0,3.0,0.0,1
2020,전라남도,순천시,223063000.0,19.222964805219416,3906.1,8.270550689813266,18.69355117106085,18.333923890932397,0.4110497931077767,50.0,0,3.0,0.0,1
2021,전라남도,순천시,127186000.0,18.66116114778235,2225.4,7.708141210211681,0.0,18.66116114778235,1.0,50.0,0,2.0,0.0,1
2022,전라남도,순천시,221642000.0,19.216574030076433,3875.2,8.262610571266647,18.666305692237714,18.356675424637434,0.4232049882242535,29.82,0,4.0,0.0,1
2023,전라남도,순천시,99975000.0,18.420430722699656,1746.6,7.465998697077281,0.0,18.420430722699656,1.0,20.0,0,3.0,0.0,1
2016,전라남도,신안군,,,,,,,,,1,,,0
2017,전라남도,신안군,,,,,,,,,1,,,0
2018,전라남도,신안군,,,,,,,,,1,,,0
2019,전라남도,신안군,,,,,,,,,1,,,0
2020,전라남도,신안군,,,,,,,,,1,,,0
2021,전라남도,신안군,,,,,,,,,1,,,0
2022,전라남도,신안군,,,,,,,,,1,,,0
2023,전라남도,신안군,,,,,,,,,1,,,0
2016,전라남도,여수시,0.0,0.0,0.0,0.0,0.0,0.0,,,1,0.0,1.0,1
2017,전라남도,여수시,336353000.0,19.63367176464969,12571.7,9.43928307565473,19.04765073348831,18.820530119979104,0.4434626716574551,59.67,0,3.0,0.0,1
2018,전라남도,여수시,62926000.0,17.957470006685902,2350.1,7.762638582726929,0.0,17.957470006685902,1.0,50.0,0,2.0,0.0,1
2019,전라남도,여수시,99343000.0,18.414089076569105,3707.2,8.218301862663752,0.0,18.414089076569105,1.0,49.9,0,2.0,0.0,1
2020,전라남도,여수시,114616000.0,18.55709797728013,4273.8,8.360492596650742,0.0,18.55709797728013,1.0,31.97,0,2.0,0.0,1
2021,전라남도,여수시,127186000.0,18.66116114778235,4738.7,8.463729121546914,0.0,18.66116114778235,1.0,19.43,0,2.0,0.0,1
2022,전라남도,여수시,363403000.0,19.711022972010024,13528.9,9.51265733015452,19.32148416821061,18.579776328987293,0.3226307983148185,17.97,0,4.0,0.0,1
2023,전라남도,여수시,599975000.0,20.21239854731241,22318.3,10.01320705399628,20.030118658386467,18.420430722699656,0.1666319429976249,37.61,0,3.0,0.0,1
2016,전라남도,영광군,,,,,,,,,1,,,0
2017,전라남도,영광군,,,,,,,,,1,,,0
2018,전라남도,영광군,,,,,,,,,1,,,0
2019,전라남도,영광군,,,,,,,,,1,,,0
2020,전라남도,영광군,,,,,,,,,1,,,0
2021,전라남도,영광군,,,,,,,,,1,,,0
2022,전라남도,영광군,,,,,,,,,1,,,0
2023,전라남도,영광군,,,,,,,,,1,,,0
2016,전라남도,영암군,,,,,,,,,1,,,0
2017,전라남도,영암군,,,,,,,,,1,,,0
2018,전라남도,영암군,,,,,,,,,1,,,0
2019,전라남도,영암군,,,,,,,,,1,,,0
2020,전라남도,영암군,,,,,,,,,1,,,0
2021,전라남도,영암군,,,,,,,,,1,,,0
2022,전라남도,영암군,,,,,,,,,1,,,0
2023,전라남도,영암군,,,,,,,,,1,,,0
2016,전라남도,완도군,,,,,,,,,1,,,0
2017,전라남도,완도군,,,,,,,,,1,,,0
2018,전라남도,완도군,,,,,,,,,1,,,0
2019,전라남도,완도군,,,,,,,,,1,,,0
2020,전라남도,완도군,,,,,,,,,1,,,0
2021,전라남도,완도군,,,,,,,,,1,,,0
2022,전라남도,완도군,,,,,,,,,1,,,0
2023,전라남도,완도군,,,,,,,,,1,,,0
2016,전라남도,장성군,,,,,,,,,1,,,0
2017,전라남도,장성군,,,,,,,,,1,,,0
2018,전라남도,장성군,,,,,,,,,1,,,0
2019,전라남도,장성군,,,,,,,,,1,,,0
2020,전라남도,장성군,,,,,,,,,1,,,0
2021,전라남도,장성군,,,,,,,,,1,,,0
2022,전라남도,장성군,,,,,,,,,1,,,0
2023,전라남도,장성군,,,,,,,,,1,,,0
2016,전라남도,장흥군,,,,,,,,,1,,,0
2017,전라남도,장흥군,,,,,,,,,1,,,0
2018,전라남도,장흥군,,,,,,,,,1,,,0
2019,전라남도,장흥군,,,,,,,,,1,,,0
2020,전라남도,장흥군,,,,,,,,,1,,,0
2021,전라남도,장흥군,,,,,,,,,1,,,0
2022,전라남도,장흥군,,,,,,,,,1,,,0
2023,전라남도,장흥군,,,,,,,,,1,,,0
2016,전라남도,진도군,,,,,,,,,1,,,0
2017,전라남도,진도군,,,,,,,,,1,,,0
2018,전라남도,진도군,,,,,,,,,1,,,0
2019,전라남도,진도군,,,,,,,,,1,,,0
2020,전라남도,진도군,,,,,,,,,1,,,0
2021,전라남도,진도군,,,,,,,,,1,,,0
2022,전라남도,진도군,,,,,,,,,1,,,0
2023,전라남도,진도군,,,,,,,,,1,,,0
2016,전라남도,함평군,,,,,,,,,1,,,0
2017,전라남도,함평군,,,,,,,,,1,,,0
2018,전라남도,함평군,,,,,,,,,1,,,0
2019,전라남도,함평군,,,,,,,,,1,,,0
2020,전라남도,함평군,,,,,,,,,1,,,0
2021,전라남도,함평군,,,,,,,,,1,,,0
2022,전라남도,함평군,,,,,,,,,1,,,0
2023,전라남도,함평군,,,,,,,,,1,,,0
2016,전라남도,해남군,,,,,,,,,1,,,0
2017,전라남도,해남군,,,,,,,,,1,,,0
2018,전라남도,해남군,,,,,,,,,1,,,0
2019,전라남도,해남군,,,,,,,,,1,,,0
2020,전라남도,해남군,,,,,,,,,1,,,0
2021,전라남도,해남군,,,,,,,,,1,,,0
2022,전라남도,해남군,,,,,,,,,1,,,0
2023,전라남도,해남군,,,,,,,,,1,,,0
2016,전라남도,화순군,,,,,,,,,1,,,0
2017,전라남도,화순군,,,,,,,,,1,,,0
2018,전라남도,화순군,,,,,,,,,1,,,0
2019,전라남도,화순군,,,,,,,,,1,,,0
2020,전라남도,화순군,,,,,,,,,1,,,0
2021,전라남도,화순군,,,,,,,,,1,,,0
2022,전라남도,화순군,,,,,,,,,1,,,0
2023,전라남도,화순군,,,,,,,,,1,,,0
2016,전라북도,고창군,,,,,,,,,1,,,0
2017,전라북도,고창군,,,,,,,,,1,,,0
2018,전라북도,고창군,,,,,,,,,1,,,0
2019,전라북도,고창군,,,,,,,,,1,,,0
2020,전라북도,고창군,,,,,,,,,1,,,0
2021,전라북도,고창군,,,,,,,,,1,,,0
2022,전라북도,고창군,,,,,,,,,1,,,0
2023,전라북도,고창군,,,,,,,,,1,,,0
2016,전라북도,군산시,,,,,,,,,1,,,0
2017,전라북도,군산시,,,,,,,,,1,,,0
2018,전라북도,군산시,,,,,,,,,1,,,0
2019,전라북도,군산시,,,,,,,,,1,,,0
2020,전라북도,군산시,,,,,,,,,1,,,0
2021,전라북도,군산시,,,,,,,,,1,,,0
2022,전라북도,군산시,,,,,,,,,1,,,0
2023,전라북도,군산시,,,,,,,,,1,,,0
2016,전라북도,김제시,,,,,,,,,1,,,0
2017,전라북도,김제시,,,,,,,,,1,,,0
2018,전라북도,김제시,,,,,,,,,1,,,0
2019,전라북도,김제시,,,,,,,,,1,,,0
2020,전라북도,김제시,,,,,,,,,1,,,0
2021,전라북도,김제시,,,,,,,,,1,,,0
2022,전라북도,김제시,,,,,,,,,1,,,0
2023,전라북도,김제시,,,,,,,,,1,,,0
2016,전라북도,남원시,0.0,0.0,0.0,0.0,0.0,0.0,,,1,0.0,1.0,1
2017,전라북도,남원시,120371000.0,18.60608920634693,2869.7,7.962311181453327,0.0,18.60608920634693,1.0,50.0,0,2.0,0.0,1
2018,전라북도,남원시,40341000.0,17.51287890426279,961.0,6.8690144506657065,0.0,17.51287890426279,1.0,50.0,0,2.0,0.0,1
2019,전라북도,남원시,30448000.0,17.231530901360948,724.8,6.58727449477897,0.0,17.231530901360948,1.0,50.0,0,2.0,0.0,1
2020,전라북도,남원시,34391000.0,17.353305489283475,818.0,6.70808408385307,0.0,17.353305489283475,1.0,50.0,0,2.0,0.0,1
2021,전라북도,남원시,194356000.0,19.085202092069064,4619.4,8.438236560414525,18.85137166231316,17.517404973832438,0.2085039823828438,67.55,0,3.0,0.0,1
2022,전라북도,남원시,141829000.0,18.770132671602184,3368.4,8.122489965952104,18.36733271899841,17.666168688906573,0.3315541955453398,64.1,0,3.0,0.0,1
2023,전라북도,남원시,180473000.0,19.011091745601796,4282.9,8.362619088624793,18.68581809063996,17.72977107828791,0.2776703440403827,66.8,0,3.0,0.0,1
2016,전라북도,무주군,,,,,,,,,1,,,0
2017,전라북도,무주군,,,,,,,,,1,,,0
2018,전라북도,무주군,,,,,,,,,1,,,0
2019,전라북도,무주군,,,,,,,,,1,,,0
2020,전라북도,무주군,,,,,,,,,1,,,0
2021,전라북도,무주군,,,,,,,,,1,,,0
2022,전라북도,무주군,,,,,,,,,1,,,0
2023,전라북도,무주군,,,,,,,,,1,,,0
2016,전라북도,부안군,,,,,,,,,1,,,0
2017,전라북도,부안군,,,,,,,,,1,,,0
2018,전라북도,부안군,,,,,,,,,1,,,0
2019,전라북도,부안군,,,,,,,,,1,,,0
2020,전라북도,부안군,,,,,,,,,1,,,0
2021,전라북도,부안군,,,,,,,,,1,,,0
2022,전라북도,부안군,,,,,,,,,1,,,0
2023,전라북도,부안군,,,,,,,,,1,,,0
2016,전라북도,순창군,,,,,,,,,1,,,0
2017,전라북도,순창군,,,,,,,,,1,,,0
2018,전라북도,순창군,,,,,,,,,1,,,0
2019,전라북도,순창군,,,,,,,,,1,,,0
2020,전라북도,순창군,,,,,,,,,1,,,0
2021,전라북도,순창군,,,,,,,,,1,,,0
2022,전라북도,순창군,,,,,,,,,1,,,0
2023,전라북도,순창군,,,,,,,,,1,,,0
2016,전라북도,완주군,,,,,,,,,1,,,0
2017,전라북도,완주군,,,,,,,,,1,,,0
2018,전라북도,완주군,,,,,,,,,1,,,0
2019,전라북도,완주군,,,,,,,,,1,,,0
2020,전라북도,완주군,,,,,,,,,1,,,0
2021,전라북도,완주군,,,,,,,,,1,,,0
2022,전라북도,완주군,,,,,,,,,1,,,0
2023,전라북도,완주군,,,,,,,,,1,,,0
2016,전라북도,익산시,,,,,,,,,1,,,0
2017,전라북도,익산시,,,,,,,,,1,,,0
2018,전라북도,익산시,,,,,,,,,1,,,0
2019,전라북도,익산시,,,,,,,,,1,,,0
2020,전라북도,익산시,,,,,,,,,1,,,0
2021,전라북도,익산시,,,,,,,,,1,,,0
2022,전라북도,익산시,,,,,,,,,1,,,0
2023,전라북도,익산시,,,,,,,,,1,,,0
2016,전라북도,임실군,,,,,,,,,1,,,0
2017,전라북도,임실군,,,,,,,,,1,,,0
2018,전라북도,임실군,,,,,,,,,1,,,0
2019,전라북도,임실군,,,,,,,,,1,,,0
2020,전라북도,임실군,,,,,,,,,1,,,0
2021,전라북도,임실군,,,,,,,,,1,,,0
2022,전라북도,임실군,,,,,,,,,1,,,0
2023,전라북도,임실군,,,,,,,,,1,,,0
2016,전라북도,장수군,,,,,,,,,1,,,0
2017,전라북도,장수군,,,,,,,,,1,,,0
2018,전라북도,장수군,,,,,,,,,1,,,0
2019,전라북도,장수군,,,,,,,,,1,,,0
2020,전라북도,장수군,,,,,,,,,1,,,0
2021,전라북도,장수군,,,,,,,,,1,,,0
2022,전라북도,장수군,,,,,,,,,1,,,0
2023,전라북도,장수군,,,,,,,,,1,,,0
2016,전라북도,전주시,,,,,,,,,1,,,0
2017,전라북도,전주시,,,,,,,,,1,,,0
2018,전라북도,전주시,,,,,,,,,1,,,0
2019,전라북도,전주시,,,,,,,,,1,,,0
2020,전라북도,전주시,,,,,,,,,1,,,0
2021,전라북도,전주시,,,,,,,,,1,,,0
2022,전라북도,전주시,,,,,,,,,1,,,0
2023,전라북도,전주시,,,,,,,,,1,,,0
2016,전라북도,정읍시,,,,,,,,,1,,,0
2017,전라북도,정읍시,,,,,,,,,1,,,0
2018,전라북도,정읍시,,,,,,,,,1,,,0
2019,전라북도,정읍시,,,,,,,,,1,,,0
2020,전라북도,정읍시,,,,,,,,,1,,,0
2021,전라북도,정읍시,,,,,,,,,1,,,0
2022,전라북도,정읍시,,,,,,,,,1,,,0
2023,전라북도,정읍시,,,,,,,,,1,,,0
2016,전라북도,진안군,,,,,,,,,1,,,0
2017,전라북도,진안군,,,,,,,,,1,,,0
2018,전라북도,진안군,,,,,,,,,1,,,0
2019,전라북도,진안군,,,,,,,,,1,,,0
2020,전라북도,진안군,,,,,,,,,1,,,0
2021,전라북도,진안군,,,,,,,,,1,,,0
2022,전라북도,진안군,,,,,,,,,1,,,0
2023,전라북도,진안군,,,,,,,,,1,,,0
2016,제주특별자치도,서귀포시,13031358000.0,23.290624443757665,150023.69275402362,11.918555177890434,23.290624443757665,0.0,0.0,58.04304590276615,0,9.0,0.0,1
2017,제주특별자치도,서귀포시,14679364000.0,23.4097085350117,168996.3850705717,12.037638520830306,23.404146876408987,18.215070101463205,0.005546221212308653,63.16267856815535,0,9.0,0.0,1
2018,제주특별자치도,서귀포시,1250234164.0,20.946596702716175,14393.338444889596,9.574590244705705,20.839128955184723,18.662779512631968,0.10189451197879759,54.95645980037126,0,7.0,0.0,1
2019,제주특별자치도,서귀포시,510324000.0,20.05055637804595,5875.112247012503,8.678650639734274,19.74243658660135,18.723182468392096,0.2651727138053472,63.28712998984328,0,6.0,0.0,1
2020,제주특별자치도,서귀포시,596563000.0,20.206695411695407,6867.93995072644,8.834765072106437,19.94456077020347,18.73959255922524,0.2305925778165927,62.740563353915114,0,8.0,0.0,1
2021,제주특별자치도,서귀포시,874200000.0,20.588819741537392,10064.23982869379,9.21684316577747,20.36659089443625,18.975714628123203,0.19926790208190345,64.83239394838327,0,11.0,0.0,1
2022,제주특별자치도,서귀포시,386080000.0,19.77155516243113,4444.75144482052,8.399704187612869,19.162618093443648,18.986449000861718,0.45607128056361373,58.75048694974679,0,7.0,0.0,1
2023,제주특별자치도,서귀포시,397650000.0,19.801082781882194,4577.95123299026,8.429225262456303,19.162618093443648,19.050089088874373,0.4718973972086005,58.88494002665482,0,7.0,0.0,1
2016,제주특별자치도,제주시,13031358000.0,23.290624443757665,150023.69275402362,11.918555177890434,23.290624443757665,0.0,0.0,58.04304590276615,0,9.0,0.0,1
2017,제주특별자치도,제주시,14679364000.0,23.4097085350117,168996.3850705717,12.037638520830306,23.404146876408987,18.215070101463205,0.005546221212308653,63.16267856815535,0,9.0,0.0,1
2018,제주특별자치도,제주시,1250234164.0,20.946596702716175,14393.338444889596,9.574590244705705,20.839128955184723,18.662779512631968,0.10189451197879759,54.95645980037126,0,7.0,0.0,1
2019,제주특별자치도,제주시,510324000.0,20.05055637804595,5875.112247012503,8.678650639734274,19.74243658660135,18.723182468392096,0.2651727138053472,63.28712998984328,0,6.0,0.0,1
2020,제주특별자치도,제주시,596563000.0,20.206695411695407,6867.93995072644,8.834765072106437,19.94456077020347,18.73959255922524,0.2305925778165927,62.740563353915114,0,8.0,0.0,1
2021,제주특별자치도,제주시,874200000.0,20.588819741537392,10064.23982869379,9.21684316577747,20.36659089443625,18.975714628123203,0.19926790208190345,64.83239394838327,0,11.0,0.0,1
2022,제주특별자치도,제주시,386080000.0,19.77155516243113,4444.75144482052,8.399704187612869,19.162618093443648,18.986449000861718,0.45607128056361373,58.75048694974679,0,7.0,0.0,1
2023,제주특별자치도,제주시,397650000.0,19.801082781882194,4577.95123299026,8.429225262456303,19.162618093443648,19.050089088874373,0.4718973972086005,58.88494002665482,0,7.0,0.0,1
2016,충청남도,계룡시,,,,,,,,,1,,,0
2017,충청남도,계룡시,,,,,,,,,1,,,0
2018,충청남도,계룡시,,,,,,,,,1,,,0
2019,충청남도,계룡시,,,,,,,,,1,,,0
2020,충청남도,계룡시,,,,,,,,,1,,,0
2021,충청남도,계룡시,,,,,,,,,1,,,0
2022,충청남도,계룡시,,,,,,,,,1,,,0
2023,충청남도,계룡시,,,,,,,,,1,,,0
2016,충청남도,공주시,87771000.0,18.29024171931129,1625.5,7.394185745913406,0.0,18.29024171931129,1.0,50.0,0,1.0,0.0,1
2017,충청남도,공주시,93248000.0,18.350773179261104,1732.7,7.458013131991842,0.0,18.350773179261104,1.0,50.0,0,2.0,0.0,1
2018,충청남도,공주시,21232000.0,16.871020082652844,395.9,5.983684359789019,0.0,16.871020082652844,1.0,50.0,0,2.0,0.0,1
2019,충청남도,공주시,22554000.0,16.931423036112403,421.9,6.047135744478443,0.0,16.931423036112403,1.0,50.0,0,2.0,0.0,1
2020,충청남도,공주시,22927000.0,16.947825856921494,430.3,6.066803903653797,0.0,16.947825856921494,1.0,15.63,0,3.0,0.0,1
2021,충청남도,공주시,68078000.0,18.036164679283615,1282.1,7.157034303900972,17.480174186431878,17.18401259122948,0.4264960780281442,30.83,0,5.0,0.0,1
2022,충청남도,공주시,103816450.0,18.458135003614164,1961.7,7.582076355292033,18.04144537376896,17.381600744251745,0.3407745111685094,64.53,0,4.0,0.0,1
2023,충청남도,공주시,61295000.0,17.931208847825776,1162.1,7.058844133344993,16.976799684350574,17.44501151508813,0.6149604372297903,58.98,0,3.0,0.0,1
2016,충청남도,금산군,,,,,,,,,1,,,0
2017,충청남도,금산군,,,,,,,,,1,,,0
2018,충청남도,금산군,,,,,,,,,1,,,0
2019,충청남도,금산군,,,,,,,,,1,,,0
2020,충청남도,금산군,,,,,,,,,1,,,0
2021,충청남도,금산군,,,,,,,,,1,,,0
2022,충청남도,금산군,,,,,,,,,1,,,0
2023,충청남도,금산군,,,,,,,,,1,,,0
2016,충청남도,논산시,,,,,,,,,1,,,0
2017,충청남도,논산시,,,,,,,,,1,,,0
2018,충청남도,논산시,,,,,,,,,1,,,0
2019,충청남도,논산시,,,,,,,,,1,,,0
2020,충청남도,논산시,,,,,,,,,1,,,0
2021,충청남도,논산시,,,,,,,,,1,,,0
2022,충청남도,논산시,,,,,,,,,1,,,0
2023,충청남도,논산시,,,,,,,,,1,,,0
2016,충청남도,당진시,,,,,,,,,1,,,0
2017,충청남도,당진시,,,,,,,,,1,,,0
2018,충청남도,당진시,,,,,,,,,1,,,0
2019,충청남도,당진시,,,,,,,,,1,,,0
2020,충청남도,당진시,,,,,,,,,1,,,0
2021,충청남도,당진시,,,,,,,,,1,,,0
2022,충청남도,당진시,,,,,,,,,1,,,0
2023,충청남도,당진시,,,,,,,,,1,,,0
2016,충청남도,보령시,481880000.0,19.99320568043813,16706.1,9.723589057754918,19.99320568043813,0.0,0.0,61.57,0,1.0,0.0,1
2017,충청남도,보령시,470584810.0,19.969486757918556,16366.5,9.703052940315246,19.669853879558175,18.618211067239827,0.2589097595394122,63.72,0,3.0,0.0,1
2018,충청남도,보령시,309518515.0,19.55052847382449,10799.1,9.287310672328704,19.36239949013787,17.787310786267767,0.1714921642086581,69.05,0,3.0,0.0,1
2019,충청남도,보령시,269846520.0,19.413363914598214,9444.9,9.15333606390839,19.17896714488147,17.84771374138374,0.2089521109999862,67.94,0,3.0,0.0,1
2020,충청남도,보령시,385214120.0,19.76930989609483,13525.9,9.512435574439705,19.608207411918738,17.864125285926725,0.1487951687752255,67.8,0,3.0,0.0,1
2021,충청남도,보령시,189391000.0,19.05932422438789,6671.2,8.805704919608495,18.693162888069143,17.877142533825015,0.3066090785728994,63.61,0,3.0,0.0,1
2022,충청남도,보령시,206620000.0,19.146391920225376,7301.3,8.895944646005978,18.88723468611379,17.669289876150394,0.2282983254283225,67.75,0,3.0,0.0,1
2023,충청남도,보령시,192492000.0,19.075565157582,6823.8,8.828318315594485,18.77298415364362,17.73268031610928,0.2610913700309623,45.87,0,4.0,0.0,1
2016,충청남도,부여군,,,,,,,,,1,,,0
2017,충청남도,부여군,,,,,,,,,1,,,0
2018,충청남도,부여군,,,,,,,,,1,,,0
2019,충청남도,부여군,,,,,,,,,1,,,0
2020,충청남도,부여군,,,,,,,,,1,,,0
2021,충청남도,부여군,,,,,,,,,1,,,0
2022,충청남도,부여군,,,,,,,,,1,,,0
2023,충청남도,부여군,,,,,,,,,1,,,0
2016,충청남도,서산시,0.0,0.0,0.0,0.0,0.0,0.0,,,1,0.0,1.0,1
2017,충청남도,서산시,0.0,0.0,0.0,0.0,0.0,0.0,,,1,0.0,1.0,1
2018,충청남도,서산시,0.0,0.0,0.0,0.0,0.0,0.0,,0.0,0,2.0,0.0,1
2019,충청남도,서산시,0.0,0.0,0.0,0.0,0.0,0.0,,0.0,0,1.0,0.0,1
2020,충청남도,서산시,131000000.0,18.690707888799015,5761.7,8.659161393860975,18.690707888799015,0.0,0.0,28.5,0,3.0,0.0,1
2021,충청남도,서산시,162292766.0,18.90491246587252,7304.5,8.896382768112138,18.897770252702102,13.959611767738522,0.007116768223668,31.55,0,4.0,0.0,1
2022,충청남도,서산시,66607000.0,18.014320250106007,3067.8,8.02904188468912,17.254677902969455,17.38352099780915,0.5321662888285015,22.95,0,4.0,0.0,1
2023,충청남도,서산시,137698000.0,18.740573446527424,6490.0,8.778171881033469,18.539076933813504,17.039533155446662,0.1824935728914,20.96,0,4.0,0.0,1
2016,충청남도,서천군,,,,,,,,,1,,,0
2017,충청남도,서천군,,,,,,,,,1,,,0
2018,충청남도,서천군,,,,,,,,,1,,,0
2019,충청남도,서천군,,,,,,,,,1,,,0
2020,충청남도,서천군,,,,,,,,,1,,,0
2021,충청남도,서천군,,,,,,,,,1,,,0
2022,충청남도,서천군,,,,,,,,,1,,,0
2023,충청남도,서천군,,,,,,,,,1,,,0
2016,충청남도,아산시,,,,,,,,,1,,,0
2017,충청남도,아산시,,,,,,,,,1,,,0
2018,충청남도,아산시,,,,,,,,,1,,,0
2019,충청남도,아산시,,,,,,,,,1,,,0
2020,충청남도,아산시,,,,,,,,,1,,,0
2021,충청남도,아산시,,,,,,,,,1,,,0
2022,충청남도,아산시,,,,,,,,,1,,,0
2023,충청남도,아산시,,,,,,,,,1,,,0
2016,충청남도,예산군,,,,,,,,,1,,,0
2017,충청남도,예산군,,,,,,,,,1,,,0
2018,충청남도,예산군,,,,,,,,,1,,,0
2019,충청남도,예산군,,,,,,,,,1,,,0
2020,충청남도,예산군,,,,,,,,,1,,,0
2021,충청남도,예산군,,,,,,,,,1,,,0
2022,충청남도,예산군,,,,,,,,,1,,,0
2023,충청남도,예산군,,,,,,,,,1,,,0
2016,충청남도,천안시,,,,,,,,,1,,,0
2017,충청남도,천안시,,,,,,,,,1,,,0
2018,충청남도,천안시,,,,,,,,,1,,,0
2019,충청남도,천안시,,,,,,,,,1,,,0
2020,충청남도,천안시,,,,,,,,,1,,,0
2021,충청남도,천안시,,,,,,,,,1,,,0
2022,충청남도,천안시,,,,,,,,,1,,,0
2023,충청남도,천안시,,,,,,,,,1,,,0
2016,충청남도,청양군,,,,,,,,,1,,,0
2017,충청남도,청양군,,,,,,,,,1,,,0
2018,충청남도,청양군,,,,,,,,,1,,,0
2019,충청남도,청양군,,,,,,,,,1,,,0
2020,충청남도,청양군,,,,,,,,,1,,,0
2021,충청남도,청양군,,,,,,,,,1,,,0
2022,충청남도,청양군,,,,,,,,,1,,,0
2023,충청남도,청양군,,,,,,,,,1,,,0
2016,충청남도,태안군,0.0,0.0,0.0,0.0,0.0,0.0,,,1,0.0,1.0,1
2017,충청남도,태안군,0.0,0.0,0.0,0.0,0.0,0.0,,,1,0.0,1.0,1
2018,충청남도,태안군,0.0,0.0,0.0,0.0,0.0,0.0,,,1,0.0,1.0,1
2019,충청남도,태안군,228025000.0,19.24496583441598,13017.6,9.47413438309941,19.24496583441598,0.0,0.0,34.1,0,5.0,0.0,1
2020,충청남도,태안군,246844500.0,19.32426914573477,14125.5,9.55580774506665,19.32426914573477,0.0,0.0,24.08,0,4.0,0.0,1
2021,충청남도,태안군,292066010.0,19.492490399752192,16753.0,9.726392314713754,19.492490399752192,0.0,0.0,28.82,0,2.0,0.0,1
2022,충청남도,태안군,216928000.0,19.195076063822658,12472.6,9.431369689873186,19.195076063822658,0.0,0.0,24.27,0,2.0,0.0,1
2023,충청남도,태안군,516046000.0,20.06170646869709,29741.6,10.300335640537178,20.06170646869709,0.0,0.0,38.54,0,3.0,0.0,1
2016,충청남도,홍성군,,,,,,,,,1,,,0
2017,충청남도,홍성군,,,,,,,,,1,,,0
2018,충청남도,홍성군,,,,,,,,,1,,,0
2019,충청남도,홍성군,,,,,,,,,1,,,0
2020,충청남도,홍성군,,,,,,,,,1,,,0
2021,충청남도,홍성군,,,,,,,,,1,,,0
2022,충청남도,홍성군,,,,,,,,,1,,,0
2023,충청남도,홍성군,,,,,,,,,1,,,0
2016,충청북도,괴산군,,,,,,,,,1,,,0
2017,충청북도,괴산군,,,,,,,,,1,,,0
2018,충청북도,괴산군,,,,,,,,,1,,,0
2019,충청북도,괴산군,,,,,,,,,1,,,0
2020,충청북도,괴산군,,,,,,,,,1,,,0
2021,충청북도,괴산군,,,,,,,,,1,,,0
2022,충청북도,괴산군,,,,,,,,,1,,,0
2023,충청북도,괴산군,,,,,,,,,1,,,0
2016,충청북도,단양군,,,,,,,,,1,,,0
2017,충청북도,단양군,,,,,,,,,1,,,0
2018,충청북도,단양군,,,,,,,,,1,,,0
2019,충청북도,단양군,,,,,,,,,1,,,0
2020,충청북도,단양군,,,,,,,,,1,,,0
2021,충청북도,단양군,,,,,,,,,1,,,0
2022,충청북도,단양군,,,,,,,,,1,,,0
2023,충청북도,단양군,,,,,,,,,1,,,0
2016,충청북도,보은군,0.0,0.0,0.0,0.0,0.0,0.0,,0.0,0,1.0,0.0,1
2017,충청북도,보은군,81318000.0,18.213877964523608,2195.4,7.694574935404717,0.0,18.213877964523608,1.0,45.98,0,3.0,0.0,1
2018,충청북도,보은군,35500000.0,17.385043282614657,956.1,6.863907879201861,0.0,17.385043282614657,1.0,40.57,0,3.0,0.0,1
2019,충청북도,보은군,37700000.0,17.445170678943438,1012.9,6.921559559958534,0.0,17.445170678943438,1.0,40.36,0,3.0,0.0,1
2020,충청북도,보은군,38329000.0,17.461717373881164,1027.3,6.935662232235145,0.0,17.461717373881164,1.0,39.65,0,3.0,0.0,1
2021,충청북도,보은군,38740000.0,17.472383241756237,1035.8,6.94389432559801,0.0,17.472383241756237,1.0,38.79,0,3.0,0.0,1
2022,충청북도,보은군,43385000.0,17.58562434025917,1157.2,7.0546223547916895,0.0,17.58562434025917,1.0,39.35,0,3.0,0.0,1
2023,충청북도,보은군,46321000.0,17.651106001530916,1232.5,7.117610935969411,0.0,17.651106001530916,1.0,40.74,0,3.0,0.0,1
2016,충청북도,영동군,,,,,,,,,1,,,0
2017,충청북도,영동군,,,,,,,,,1,,,0
2018,충청북도,영동군,,,,,,,,,1,,,0
2019,충청북도,영동군,,,,,,,,,1,,,0
2020,충청북도,영동군,,,,,,,,,1,,,0
2021,충청북도,영동군,,,,,,,,,1,,,0
2022,충청북도,영동군,,,,,,,,,1,,,0
2023,충청북도,영동군,,,,,,,,,1,,,0
2016,충청북도,옥천군,,,,,,,,,1,,,0
2017,충청북도,옥천군,,,,,,,,,1,,,0
2018,충청북도,옥천군,,,,,,,,,1,,,0
2019,충청북도,옥천군,,,,,,,,,1,,,0
2020,충청북도,옥천군,,,,,,,,,1,,,0
2021,충청북도,옥천군,,,,,,,,,1,,,0
2022,충청북도,옥천군,,,,,,,,,1,,,0
2023,충청북도,옥천군,,,,,,,,,1,,,0
2016,충청북도,음성군,,,,,,,,,1,,,0
2017,충청북도,음성군,,,,,,,,,1,,,0
2018,충청북도,음성군,,,,,,,,,1,,,0
2019,충청북도,음성군,,,,,,,,,1,,,0
2020,충청북도,음성군,,,,,,,,,1,,,0
2021,충청북도,음성군,,,,,,,,,1,,,0
2022,충청북도,음성군,,,,,,,,,1,,,0
2023,충청북도,음성군,,,,,,,,,1,,,0
2016,충청북도,제천시,,,,,,,,,1,,,0
2017,충청북도,제천시,,,,,,,,,1,,,0
2018,충청북도,제천시,,,,,,,,,1,,,0
2019,충청북도,제천시,,,,,,,,,1,,,0
2020,충청북도,제천시,,,,,,,,,1,,,0
2021,충청북도,제천시,,,,,,,,,1,,,0
2022,충청북도,제천시,,,,,,,,,1,,,0
2023,충청북도,제천시,,,,,,,,,1,,,0
2016,충청북도,증평군,,,,,,,,,1,,,0
2017,충청북도,증평군,,,,,,,,,1,,,0
2018,충청북도,증평군,,,,,,,,,1,,,0
2019,충청북도,증평군,,,,,,,,,1,,,0
2020,충청북도,증평군,,,,,,,,,1,,,0
2021,충청북도,증평군,,,,,,,,,1,,,0
2022,충청북도,증평군,,,,,,,,,1,,,0
2023,충청북도,증평군,,,,,,,,,1,,,0
2016,충청북도,진천군,,,,,,,,,1,,,0
2017,충청북도,진천군,,,,,,,,,1,,,0
2018,충청북도,진천군,,,,,,,,,1,,,0
2019,충청북도,진천군,,,,,,,,,1,,,0
2020,충청북도,진천군,,,,,,,,,1,,,0
2021,충청북도,진천군,,,,,,,,,1,,,0
2022,충청북도,진천군,,,,,,,,,1,,,0
2023,충청북도,진천군,,,,,,,,,1,,,0
2016,충청북도,청주시,,,,,,,,,1,,,0
2017,충청북도,청주시,,,,,,,,,1,,,0
2018,충청북도,청주시,,,,,,,,,1,,,0
2019,충청북도,청주시,,,,,,,,,1,,,0
2020,충청북도,청주시,,,,,,,,,1,,,0
2021,충청북도,청주시,,,,,,,,,1,,,0
2022,충청북도,청주시,,,,,,,,,1,,,0
2023,충청북도,청주시,,,,,,,,,1,,,0
2016,충청북도,충주시,,,,,,,,,1,,,0
2017,충청북도,충주시,,,,,,,,,1,,,0
2018,충청북도,충주시,,,,,,,,,1,,,0
2019,충청북도,충주시,,,,,,,,,1,,,0
2020,충청북도,충주시,,,,,,,,,1,,,0
2021,충청북도,충주시,,,,,,,,,1,,,0
2022,충청북도,충주시,,,,,,,,,1,,,0
2023,충청북도,충주시,,,,,,,,,1,,,0
