연도,시도,시군구,국비지원액_원,총사업비_원,국비비율(%),매칭사업수,매칭사업명,예찰진단_국비지원액_원,예찰진단_총사업비_원,예찰진단_국비비율(%),예찰진단_매칭사업수,예찰진단_사업명목록,국비지원액_최종_원,총사업비_최종_원,국비비율_최종(%),매칭사업수_최종,산림면적_ha,산림면적당_국비지원액(원per ha),산림면적당_국비지원액_최종(원per ha),시도비_원(참고),시군구비_원(참고),기타재원_원(참고),출처,비고
2016,강원도,삼척시,0.0,0.0,,0,,44734000.0,89468000.0,50.0,1,산림병해충 예찰방제단,44734000.0,89468000.0,50.0,1,102726.3,0.0,435.5,0.0,0.0,0.0,"재정365 세부사업별세출현황(2016~2023, 지자체 예산현액 기준) 중 사업명에 '소나무재선충병/소나무재선충/재선충' 포함 사업 전체 합산; 산림면적_ha는 CH2_노출도_2016_2025.csv 인용",재선충 직접방제 사업 미검색 - 국비 0으로 처리(산림청 직접집행 등 지자체 예산 외 경로 가능성 있음)
2017,강원도,삼척시,0.0,0.0,,0,,66314000.0,132628000.0,50.0,2,산림병해충 예찰방제단; 산림병해충 예찰방제단(자본),66314000.0,132628000.0,50.0,2,102581.7,0.0,646.5,0.0,0.0,0.0,"재정365 세부사업별세출현황(2016~2023, 지자체 예산현액 기준) 중 사업명에 '소나무재선충병/소나무재선충/재선충' 포함 사업 전체 합산; 산림면적_ha는 CH2_노출도_2016_2025.csv 인용",재선충 직접방제 사업 미검색 - 국비 0으로 처리(산림청 직접집행 등 지자체 예산 외 경로 가능성 있음)
2018,강원도,삼척시,0.0,0.0,,0,,31848000.0,63696000.0,50.0,2,산림병해충 예찰방제단; 산림병해충 예찰방제단(자본),31848000.0,63696000.0,50.0,2,102437.4,0.0,310.9,0.0,0.0,0.0,"재정365 세부사업별세출현황(2016~2023, 지자체 예산현액 기준) 중 사업명에 '소나무재선충병/소나무재선충/재선충' 포함 사업 전체 합산; 산림면적_ha는 CH2_노출도_2016_2025.csv 인용",재선충 직접방제 사업 미검색 - 국비 0으로 처리(산림청 직접집행 등 지자체 예산 외 경로 가능성 있음)
2019,강원도,삼척시,0.0,0.0,,0,,33831000.0,67662000.0,50.0,2,산림재해일자리 장기(산림병해충예찰방제단 경상)(국고); 산림재해일자리 장기(산림병해충예찰방제단 자본)(국고),33831000.0,67662000.0,50.0,2,102293.2,0.0,330.7,0.0,0.0,0.0,"재정365 세부사업별세출현황(2016~2023, 지자체 예산현액 기준) 중 사업명에 '소나무재선충병/소나무재선충/재선충' 포함 사업 전체 합산; 산림면적_ha는 CH2_노출도_2016_2025.csv 인용",재선충 직접방제 사업 미검색 - 국비 0으로 처리(산림청 직접집행 등 지자체 예산 외 경로 가능성 있음)
2020,강원도,삼척시,0.0,0.0,,0,,34391000.0,68783000.0,50.0,2,산림재해일자리 장기(산림병해충예찰방제단)(경상)(국고); 산림재해일자리 장기(산림병해충예찰방제단)(자본)(국고),34391000.0,68783000.0,50.0,2,102149.2,0.0,336.7,0.0,0.0,0.0,"재정365 세부사업별세출현황(2016~2023, 지자체 예산현액 기준) 중 사업명에 '소나무재선충병/소나무재선충/재선충' 포함 사업 전체 합산; 산림면적_ha는 CH2_노출도_2016_2025.csv 인용",재선충 직접방제 사업 미검색 - 국비 0으로 처리(산림청 직접집행 등 지자체 예산 외 경로 가능성 있음)
2021,강원도,삼척시,0.0,0.0,,0,,46491000.0,92982000.0,50.0,2,산림재해일자리 장기(산림병해충예찰방제단)(경상)(국고); 산림재해일자리 장기(산림병해충예찰방제단)(자본)(국고),46491000.0,92982000.0,50.0,2,102005.4,0.0,455.8,0.0,0.0,0.0,"재정365 세부사업별세출현황(2016~2023, 지자체 예산현액 기준) 중 사업명에 '소나무재선충병/소나무재선충/재선충' 포함 사업 전체 합산; 산림면적_ha는 CH2_노출도_2016_2025.csv 인용",재선충 직접방제 사업 미검색 - 국비 0으로 처리(산림청 직접집행 등 지자체 예산 외 경로 가능성 있음)
2022,강원도,삼척시,0.0,0.0,,0,,35280000.0,94560000.0,37.31,2,산림재해일자리 장기(산림병해충예찰방제단)(경상)(국고); 산림재해일자리 장기(산림병해충예찰방제단)(자본)(국고),35280000.0,94560000.0,37.31,2,101861.8,0.0,346.4,0.0,0.0,0.0,"재정365 세부사업별세출현황(2016~2023, 지자체 예산현액 기준) 중 사업명에 '소나무재선충병/소나무재선충/재선충' 포함 사업 전체 합산; 산림면적_ha는 CH2_노출도_2016_2025.csv 인용",재선충 직접방제 사업 미검색 - 국비 0으로 처리(산림청 직접집행 등 지자체 예산 외 경로 가능성 있음)
2023,강원도,삼척시,0.0,0.0,,0,,37597000.0,103194000.0,36.43,2,산림재해일자리 장기(산림병해충예찰방제단)(경상)(국고); 산림재해일자리 장기(산림병해충예찰방제단)(자본)(국고),37597000.0,103194000.0,36.43,2,101718.5,0.0,369.6,0.0,0.0,0.0,"재정365 세부사업별세출현황(2016~2023, 지자체 예산현액 기준) 중 사업명에 '소나무재선충병/소나무재선충/재선충' 포함 사업 전체 합산; 산림면적_ha는 CH2_노출도_2016_2025.csv 인용",재선충 직접방제 사업 미검색 - 국비 0으로 처리(산림청 직접집행 등 지자체 예산 외 경로 가능성 있음)
2016,경기도,안성시,0.0,0.0,,0,,0.0,0.0,,0,,0.0,0.0,,0,21441.7,0.0,0.0,0.0,0.0,0.0,"재정365 세부사업별세출현황(2016~2023, 지자체 예산현액 기준) 중 사업명에 '소나무재선충병/소나무재선충/재선충' 포함 사업 전체 합산; 산림면적_ha는 CH2_노출도_2016_2025.csv 인용",재선충 직접방제 사업 미검색 - 국비 0으로 처리(산림청 직접집행 등 지자체 예산 외 경로 가능성 있음) / 예찰진단(산림병해충예찰방제단) 사업 미검색 - 국비 0으로 처리
2017,경기도,안성시,293619000.0,419455000.0,70.0,1,소나무재선충병 방제,81727000.0,163454000.0,50.0,2,산림재해일자리 장기(산림병해충 예찰방제단); 산림재해일자리 장기(산림병해충 예찰방제단)(방제자재),375346000.0,582909000.0,64.39,3,21434.9,13698.17,17511.0,37750000.0,88086000.0,0.0,"재정365 세부사업별세출현황(2016~2023, 지자체 예산현액 기준) 중 사업명에 '소나무재선충병/소나무재선충/재선충' 포함 사업 전체 합산; 산림면적_ha는 CH2_노출도_2016_2025.csv 인용",
2018,경기도,안성시,223513000.0,848108000.0,26.35,1,소나무재선충병 방제,9265000.0,18530000.0,50.0,2,산림재해일자리 장기(산림병해충 예찰방제단); 산림재해일자리 장기(산림병해충 예찰방제단)(방제자재),232778000.0,866638000.0,26.86,3,21428.2,10430.79,10863.2,112797000.0,511798000.0,0.0,"재정365 세부사업별세출현황(2016~2023, 지자체 예산현액 기준) 중 사업명에 '소나무재선충병/소나무재선충/재선충' 포함 사업 전체 합산; 산림면적_ha는 CH2_노출도_2016_2025.csv 인용",
2019,경기도,안성시,106590503.0,470816000.0,22.64,2,소나무재선충병 방제(국비); 소나무재선충병 예방(도비),9335000.0,18671000.0,50.0,2,산림재해일자리 장기(산림병해충 예찰방제단); 산림재해일자리 장기(산림병해충 예찰방제단)(방제자재),115925503.0,489487000.0,23.68,4,21421.4,4975.89,5411.7,119839686.0,244385811.0,0.0,"재정365 세부사업별세출현황(2016~2023, 지자체 예산현액 기준) 중 사업명에 '소나무재선충병/소나무재선충/재선충' 포함 사업 전체 합산; 산림면적_ha는 CH2_노출도_2016_2025.csv 인용",
2020,경기도,안성시,115797000.0,574946910.0,20.14,2,소나무재선충병 방제(국비); 소나무재선충병 예방(도비),9330000.0,18659000.0,50.0,2,산림재해일자리 장기(산림병해충 예찰방제단); 산림재해일자리 장기(산림병해충 예찰방제단)(방제자재),125127000.0,593605910.0,21.08,4,21414.6,5407.39,5843.1,137744681.0,321405229.0,0.0,"재정365 세부사업별세출현황(2016~2023, 지자체 예산현액 기준) 중 사업명에 '소나무재선충병/소나무재선충/재선충' 포함 사업 전체 합산; 산림면적_ha는 CH2_노출도_2016_2025.csv 인용",
2021,경기도,안성시,190222000.0,434296000.0,43.8,2,소나무재선충병 방제(국비); 소나무재선충병 예방(도비),9028000.0,18500000.0,48.8,2,산림재해일자리 장기(산림병해충 예찰방제단); 산림재해일자리 장기(산림병해충 예찰방제단)(방제자재),199250000.0,452796000.0,44.0,4,21407.8,8885.64,9307.4,73222000.0,170852000.0,0.0,"재정365 세부사업별세출현황(2016~2023, 지자체 예산현액 기준) 중 사업명에 '소나무재선충병/소나무재선충/재선충' 포함 사업 전체 합산; 산림면적_ha는 CH2_노출도_2016_2025.csv 인용",
2022,경기도,안성시,129253000.0,269089000.0,48.03,2,소나무재선충병 방제(국비); 소나무재선충병 예방(도비),9340000.0,18680000.0,50.0,2,산림재해일자리 장기(산림병해충 예찰방제단); 산림재해일자리 장기(산림병해충 예찰방제단)(방제자재),138593000.0,287769000.0,48.16,4,21401.0,6039.58,6476.0,41951000.0,97885000.0,0.0,"재정365 세부사업별세출현황(2016~2023, 지자체 예산현액 기준) 중 사업명에 '소나무재선충병/소나무재선충/재선충' 포함 사업 전체 합산; 산림면적_ha는 CH2_노출도_2016_2025.csv 인용",
2023,경기도,안성시,85774000.0,314288000.0,27.29,2,소나무재선충병 방제(국비); 소나무재선충병 예방(도비),8971000.0,17940000.0,50.01,2,산림재해일자리 장기(산림병해충 예찰방제단); 산림재해일자리 장기(산림병해충 예찰방제단)(방제자재),94745000.0,332228000.0,28.52,4,21394.3,4009.2,4428.5,70614000.0,157900000.0,0.0,"재정365 세부사업별세출현황(2016~2023, 지자체 예산현액 기준) 중 사업명에 '소나무재선충병/소나무재선충/재선충' 포함 사업 전체 합산; 산림면적_ha는 CH2_노출도_2016_2025.csv 인용",
2016,경기도,파주시,0.0,0.0,,0,,0.0,0.0,,0,,0.0,0.0,,0,6791.2,0.0,0.0,0.0,0.0,0.0,"재정365 세부사업별세출현황(2016~2023, 지자체 예산현액 기준) 중 사업명에 '소나무재선충병/소나무재선충/재선충' 포함 사업 전체 합산; 산림면적_ha는 CH2_노출도_2016_2025.csv 인용",재선충 직접방제 사업 미검색 - 국비 0으로 처리(산림청 직접집행 등 지자체 예산 외 경로 가능성 있음) / 예찰진단(산림병해충예찰방제단) 사업 미검색 - 국비 0으로 처리
2017,경기도,파주시,21088000.0,30126000.0,70.0,1,소나무재선충병 방제,112309000.0,224618000.0,50.0,2,산림재해일자리 장기(산림병해충예찰방제단 방제자재); 산림재해일자리 장기(산림병해충예찰방제단),133397000.0,254744000.0,52.37,3,6789.0,3106.2,19649.0,2712000.0,6326000.0,0.0,"재정365 세부사업별세출현황(2016~2023, 지자체 예산현액 기준) 중 사업명에 '소나무재선충병/소나무재선충/재선충' 포함 사업 전체 합산; 산림면적_ha는 CH2_노출도_2016_2025.csv 인용",
2018,경기도,파주시,91574000.0,185454000.0,49.38,2,소나무재선충병 방제; 소나무재선충병 예방,42464000.0,84928000.0,50.0,2,산림재해일자리 장기(산림병해충예찰방제단 방제자재); 산림재해일자리 장기(산림병해충예찰방제단),134038000.0,270382000.0,49.57,4,6786.9,13492.76,19749.5,28165000.0,65715000.0,0.0,"재정365 세부사업별세출현황(2016~2023, 지자체 예산현액 기준) 중 사업명에 '소나무재선충병/소나무재선충/재선충' 포함 사업 전체 합산; 산림면적_ha는 CH2_노출도_2016_2025.csv 인용",
2019,경기도,파주시,101577000.0,259259000.0,39.18,4,산림재해 대책(소나무재선충병 긴급방제); 소나무재선충병 방제; 소나무재선충병 방제(자체); 소나무재선충병 예방,45108000.0,90215000.0,50.0,2,산림재해일자리 장기(산림병해충예찰방제단 방제자재); 산림재해일자리 장기(산림병해충예찰방제단),146685000.0,349474000.0,41.97,6,6784.7,14971.48,21620.0,41304000.0,116378000.0,0.0,"재정365 세부사업별세출현황(2016~2023, 지자체 예산현액 기준) 중 사업명에 '소나무재선충병/소나무재선충/재선충' 포함 사업 전체 합산; 산림면적_ha는 CH2_노출도_2016_2025.csv 인용",
2020,경기도,파주시,95969000.0,201979000.0,47.51,2,소나무재선충병 방제; 소나무재선충병 예방,46317000.0,92632000.0,50.0,2,산림재해일자리 장기(산림병해충예찰방제단 방제자재); 산림재해일자리 장기(산림병해충예찰방제단),142286000.0,294611000.0,48.3,4,6782.6,14149.29,20978.1,31803000.0,74207000.0,0.0,"재정365 세부사업별세출현황(2016~2023, 지자체 예산현액 기준) 중 사업명에 '소나무재선충병/소나무재선충/재선충' 포함 사업 전체 합산; 산림면적_ha는 CH2_노출도_2016_2025.csv 인용",
2021,경기도,파주시,101151000.0,690414000.0,14.65,3,소나무재선충병 방제; 소나무재선충병 방제(자체); 소나무재선충병 예방,48430000.0,165368000.0,29.29,3,산림재해일자리 장기(산림병해충예찰방제단 방제자재); 산림재해일자리 장기(산림병해충예찰방제단); 산림재해일자리 장기(산림병해충예찰방제단)(자체),149581000.0,855782000.0,17.48,6,6780.4,14918.15,22060.8,20415000.0,568848000.0,0.0,"재정365 세부사업별세출현황(2016~2023, 지자체 예산현액 기준) 중 사업명에 '소나무재선충병/소나무재선충/재선충' 포함 사업 전체 합산; 산림면적_ha는 CH2_노출도_2016_2025.csv 인용",
2022,경기도,파주시,266989000.0,669272000.0,39.89,4,산림재해대책(소나무재선충병 긴급방제); 소나무재선충병 방제(경상); 소나무재선충병 방제(자체); 소나무재선충병 예방,95272000.0,209548000.0,45.47,3,산림재해일자리 장기(산림병해충예찰방제단 방제자재); 산림재해일자리 장기(산림병해충예찰방제단); 산림재해일자리 장기(산림병해충예찰방제단)(자체),362261000.0,878820000.0,41.22,7,6778.3,39388.78,53444.2,60190000.0,342093000.0,0.0,"재정365 세부사업별세출현황(2016~2023, 지자체 예산현액 기준) 중 사업명에 '소나무재선충병/소나무재선충/재선충' 포함 사업 전체 합산; 산림면적_ha는 CH2_노출도_2016_2025.csv 인용",
2023,경기도,파주시,102192000.0,655055000.0,15.6,3,소나무재선충병 방제(경상); 소나무재선충병 방제(자체); 소나무재선충병 예방,100969000.0,200635000.0,50.32,2,산림재해일자리 장기(산림병해충예찰방제단 방제자재); 산림재해일자리 장기(산림병해충예찰방제단),203161000.0,855690000.0,23.74,5,6776.1,15081.24,29982.0,98852000.0,454011000.0,0.0,"재정365 세부사업별세출현황(2016~2023, 지자체 예산현액 기준) 중 사업명에 '소나무재선충병/소나무재선충/재선충' 포함 사업 전체 합산; 산림면적_ha는 CH2_노출도_2016_2025.csv 인용",
2016,경상남도,거제시,150000000.0,300000000.0,50.0,1,소나무재선충병 긴급 방제,0.0,0.0,,0,,150000000.0,300000000.0,50.0,1,27093.2,5536.44,5536.4,45000000.0,105000000.0,0.0,"재정365 세부사업별세출현황(2016~2023, 지자체 예산현액 기준) 중 사업명에 '소나무재선충병/소나무재선충/재선충' 포함 사업 전체 합산; 산림면적_ha는 CH2_노출도_2016_2025.csv 인용",예찰진단(산림병해충예찰방제단) 사업 미검색 - 국비 0으로 처리
2017,경상남도,거제시,1057205000.0,1561456000.0,67.71,1,소나무재선충병 방제,299434000.0,598868000.0,50.0,2,산림병해충 예찰방제단(경상/지원); 산림병해충 예찰방제단(자본),1356639000.0,2160324000.0,62.8,3,27050.4,39082.79,50152.3,150080000.0,354171000.0,0.0,"재정365 세부사업별세출현황(2016~2023, 지자체 예산현액 기준) 중 사업명에 '소나무재선충병/소나무재선충/재선충' 포함 사업 전체 합산; 산림면적_ha는 CH2_노출도_2016_2025.csv 인용",
2018,경상남도,거제시,1509340000.0,2298009000.0,65.68,2,소나무재선충병 방제; 재해대책비(소나무재선충병 방제),125579000.0,251158000.0,50.0,2,산림병해충 예찰방제단(경상/지원); 산림병해충 예찰방제단(자본),1634919000.0,2549167000.0,64.14,4,27007.6,55885.75,60535.5,236301000.0,552368000.0,0.0,"재정365 세부사업별세출현황(2016~2023, 지자체 예산현액 기준) 중 사업명에 '소나무재선충병/소나무재선충/재선충' 포함 사업 전체 합산; 산림면적_ha는 CH2_노출도_2016_2025.csv 인용",
2019,경상남도,거제시,2395210980.0,3671224600.0,65.24,3,소나무재선충병 긴급방제; 소나무재선충병 방제; 재해대책비(소나무재선충병 방제),133659000.0,267319000.0,50.0,2,산림병해충 예찰방제단(경상/지원); 산림병해충 예찰방제단(자본),2528869980.0,3938543600.0,64.21,5,26964.9,88826.99,93783.8,382452510.0,893561110.0,0.0,"재정365 세부사업별세출현황(2016~2023, 지자체 예산현액 기준) 중 사업명에 '소나무재선충병/소나무재선충/재선충' 포함 사업 전체 합산; 산림면적_ha는 CH2_노출도_2016_2025.csv 인용",
2020,경상남도,거제시,969634263.0,1368155230.0,70.87,1,소나무재선충병 방제,137926000.0,275852000.0,50.0,2,산림병해충 예찰방제단(경상/지원); 산림병해충 예찰방제단(자본),1107560263.0,1644007230.0,67.37,3,26922.3,36016.03,41139.1,119556290.0,278964677.0,0.0,"재정365 세부사업별세출현황(2016~2023, 지자체 예산현액 기준) 중 사업명에 '소나무재선충병/소나무재선충/재선충' 포함 사업 전체 합산; 산림면적_ha는 CH2_노출도_2016_2025.csv 인용",
2021,경상남도,거제시,944108680.0,1473817630.0,64.06,2,소나무재선충병 방제; 재해대책비(소나무재선충병 방제),139014000.0,278028000.0,50.0,2,산림병해충 예찰방제단(경상/지원); 산림병해충 예찰방제단(자본),1083122680.0,1751845630.0,61.83,4,26879.7,35123.48,40295.2,158892830.0,370816120.0,0.0,"재정365 세부사업별세출현황(2016~2023, 지자체 예산현액 기준) 중 사업명에 '소나무재선충병/소나무재선충/재선충' 포함 사업 전체 합산; 산림면적_ha는 CH2_노출도_2016_2025.csv 인용",
2022,경상남도,거제시,817768400.0,1168481000.0,69.99,2,소나무재선충병 긴급방제; 소나무재선충병 방제,140794000.0,281588000.0,50.0,2,산림병해충 예찰방제단(경상/지원); 산림병해충 예찰방제단(자본),958562400.0,1450069000.0,66.1,4,26837.2,30471.45,35717.7,105214580.0,245498020.0,0.0,"재정365 세부사업별세출현황(2016~2023, 지자체 예산현액 기준) 중 사업명에 '소나무재선충병/소나무재선충/재선충' 포함 사업 전체 합산; 산림면적_ha는 CH2_노출도_2016_2025.csv 인용",
2023,경상남도,거제시,1171160000.0,1656816000.0,70.69,1,소나무재선충병 방제,174764000.0,349528000.0,50.0,2,산림병해충 예찰방제단(경상/지원); 산림병해충 예찰방제단(자본),1345924000.0,2006344000.0,67.08,3,26794.8,43708.48,50230.8,144936000.0,340720000.0,0.0,"재정365 세부사업별세출현황(2016~2023, 지자체 예산현액 기준) 중 사업명에 '소나무재선충병/소나무재선충/재선충' 포함 사업 전체 합산; 산림면적_ha는 CH2_노출도_2016_2025.csv 인용",
2016,경상남도,김해시,2252549000.0,4065326000.0,55.41,2,소나무재선충병 긴급방제; 소나무재선충병방제,0.0,0.0,,0,,2252549000.0,4065326000.0,55.41,2,20805.9,108264.92,108264.9,453833000.0,1358944000.0,0.0,"재정365 세부사업별세출현황(2016~2023, 지자체 예산현액 기준) 중 사업명에 '소나무재선충병/소나무재선충/재선충' 포함 사업 전체 합산; 산림면적_ha는 CH2_노출도_2016_2025.csv 인용",예찰진단(산림병해충예찰방제단) 사업 미검색 - 국비 0으로 처리
2017,경상남도,김해시,1891116960.0,2870613880.0,65.88,1,소나무재선충병방제,0.0,0.0,,0,,1891116960.0,2870613880.0,65.88,1,20749.9,91138.61,91138.6,269967460.0,709529460.0,0.0,"재정365 세부사업별세출현황(2016~2023, 지자체 예산현액 기준) 중 사업명에 '소나무재선충병/소나무재선충/재선충' 포함 사업 전체 합산; 산림면적_ha는 CH2_노출도_2016_2025.csv 인용",예찰진단(산림병해충예찰방제단) 사업 미검색 - 국비 0으로 처리
2018,경상남도,김해시,1804920100.0,2844778640.0,63.45,1,소나무재선충병방제,125579000.0,251158000.0,50.0,2,산림재해일자리 장기(산림병해충예찰방제단)(경상); 산림재해일자리장기(산림병해충예찰방제단)(자본),1930499100.0,3095936640.0,62.36,3,20694.1,87219.07,93287.4,312435840.0,727422700.0,0.0,"재정365 세부사업별세출현황(2016~2023, 지자체 예산현액 기준) 중 사업명에 '소나무재선충병/소나무재선충/재선충' 포함 사업 전체 합산; 산림면적_ha는 CH2_노출도_2016_2025.csv 인용",
2019,경상남도,김해시,1842438850.0,2981132920.0,61.8,2,소나무재선충병 재해대책비; 소나무재선충병방제,133659000.0,267319000.0,50.0,2,산림재해일자리 장기(산림병해충예찰방제단)(경상); 산림재해일자리장기(산림병해충예찰방제단)(자본),1976097850.0,3248451920.0,60.83,4,20638.4,89272.37,95748.6,341608320.0,797085750.0,0.0,"재정365 세부사업별세출현황(2016~2023, 지자체 예산현액 기준) 중 사업명에 '소나무재선충병/소나무재선충/재선충' 포함 사업 전체 합산; 산림면적_ha는 CH2_노출도_2016_2025.csv 인용",
2020,경상남도,김해시,1164403450.0,1809302090.0,64.36,3,소나무재선충병 재해대책비; 소나무재선충병방제; 소나무재선충병방제(자체재원),137926000.0,275852000.0,50.0,2,산림재해일자리 장기(산림병해충예찰방제단)(경상); 산림재해일자리장기(산림병해충예찰방제단)(자본),1302329450.0,2085154090.0,62.46,5,20582.9,56571.4,63272.4,168079670.0,476818970.0,0.0,"재정365 세부사업별세출현황(2016~2023, 지자체 예산현액 기준) 중 사업명에 '소나무재선충병/소나무재선충/재선충' 포함 사업 전체 합산; 산림면적_ha는 CH2_노출도_2016_2025.csv 인용",
2021,경상남도,김해시,767545370.0,1214943470.0,63.18,4,소나무재선충병 방제; 소나무재선충병 방제(재해대책비); 소나무재선충병방제(자체재원); 재선충병 이동단속,139014000.0,288228000.0,48.23,2,산림재해일자리 장기(산림병해충예찰방제단)(경상); 산림재해일자리장기(산림병해충예찰방제단)(자본),906559370.0,1503171470.0,60.31,6,20527.6,37390.9,44162.9,115799050.0,331599050.0,0.0,"재정365 세부사업별세출현황(2016~2023, 지자체 예산현액 기준) 중 사업명에 '소나무재선충병/소나무재선충/재선충' 포함 사업 전체 합산; 산림면적_ha는 CH2_노출도_2016_2025.csv 인용",
2022,경상남도,김해시,840228420.0,1723135660.0,48.76,4,소나무재선충병 방제; 소나무재선충병 방제(긴급방제비); 소나무재선충병방제(자체재원); 재선충병 이동단속,140794000.0,300608000.0,46.84,2,산림재해일자리 장기(산림병해충예찰방제단)(경상); 산림재해일자리장기(산림병해충예찰방제단)(자본),981022420.0,2023743660.0,48.48,6,20472.4,41042.01,47919.3,131134360.0,751772880.0,0.0,"재정365 세부사업별세출현황(2016~2023, 지자체 예산현액 기준) 중 사업명에 '소나무재선충병/소나무재선충/재선충' 포함 사업 전체 합산; 산림면적_ha는 CH2_노출도_2016_2025.csv 인용",
2023,경상남도,김해시,2035312000.0,3546516410.0,57.39,3,소나무재선충병 방제; 소나무재선충병방제(자체재원); 재선충병 이동단속,149798000.0,314536000.0,47.63,2,산림재해일자리 장기(산림병해충예찰방제단)(경상); 산림재해일자리장기(산림병해충예찰방제단)(자본),2185110000.0,3861052410.0,56.59,5,20417.3,99685.66,107022.5,258446000.0,1252758410.0,0.0,"재정365 세부사업별세출현황(2016~2023, 지자체 예산현액 기준) 중 사업명에 '소나무재선충병/소나무재선충/재선충' 포함 사업 전체 합산; 산림면적_ha는 CH2_노출도_2016_2025.csv 인용",
2016,경상남도,남해군,0.0,0.0,,0,,0.0,0.0,,0,,0.0,0.0,,0,22580.0,0.0,0.0,0.0,0.0,0.0,"재정365 세부사업별세출현황(2016~2023, 지자체 예산현액 기준) 중 사업명에 '소나무재선충병/소나무재선충/재선충' 포함 사업 전체 합산; 산림면적_ha는 CH2_노출도_2016_2025.csv 인용",재선충 직접방제 사업 미검색 - 국비 0으로 처리(산림청 직접집행 등 지자체 예산 외 경로 가능성 있음) / 예찰진단(산림병해충예찰방제단) 사업 미검색 - 국비 0으로 처리
2017,경상남도,남해군,341057000.0,484765000.0,70.36,1,소나무재선충병 방제,108581000.0,217162000.0,50.0,1,산림재해일자리 장기(산림병해충예찰방제단)(경상),449638000.0,701927000.0,64.06,2,22539.3,15131.66,19949.1,42787000.0,100921000.0,0.0,"재정365 세부사업별세출현황(2016~2023, 지자체 예산현액 기준) 중 사업명에 '소나무재선충병/소나무재선충/재선충' 포함 사업 전체 합산; 산림면적_ha는 CH2_노출도_2016_2025.csv 인용",
2018,경상남도,남해군,158962000.0,220809000.0,71.99,1,소나무재선충병 방제,80639000.0,161278000.0,50.0,1,산림재해일자리 장기(산림병해충예찰방제단)(경상),239601000.0,382087000.0,62.71,2,22498.7,7065.39,10649.5,18554000.0,43293000.0,0.0,"재정365 세부사업별세출현황(2016~2023, 지자체 예산현액 기준) 중 사업명에 '소나무재선충병/소나무재선충/재선충' 포함 사업 전체 합산; 산림면적_ha는 CH2_노출도_2016_2025.csv 인용",
2019,경상남도,남해군,422425000.0,631514000.0,66.89,2,소나무재선충병 방제; 소나무재선충병 재해대책비,86026000.0,172052000.0,50.0,1,산림재해일자리 장기(산림병해충예찰방제단)(경상),508451000.0,803566000.0,63.27,3,22458.2,18809.39,22639.9,62726000.0,146363000.0,0.0,"재정365 세부사업별세출현황(2016~2023, 지자체 예산현액 기준) 중 사업명에 '소나무재선충병/소나무재선충/재선충' 포함 사업 전체 합산; 산림면적_ha는 CH2_노출도_2016_2025.csv 인용",
2020,경상남도,남해군,491538000.0,689043000.0,71.34,2,소나무재선충병 방제; 소나무재선충병 방제 이동식 파쇄기,111284000.0,205369000.0,54.19,3,산림병해충 예찰방제단(경상); 산림병해충 예찰방제단(자산); 희망일자리 사업(산림병해충 예찰방제단),602822000.0,894412000.0,67.4,5,22417.7,21926.33,26890.4,59251000.0,138254000.0,0.0,"재정365 세부사업별세출현황(2016~2023, 지자체 예산현액 기준) 중 사업명에 '소나무재선충병/소나무재선충/재선충' 포함 사업 전체 합산; 산림면적_ha는 CH2_노출도_2016_2025.csv 인용",
2021,경상남도,남해군,184286000.0,239326000.0,77.0,1,소나무재선충병 방제,110310000.0,220620000.0,50.0,2,산림병해충 예찰방제단(경상); 산림병해충 예찰방제단(자본),294596000.0,459946000.0,64.05,3,22377.3,8235.4,13164.9,16513000.0,38527000.0,0.0,"재정365 세부사업별세출현황(2016~2023, 지자체 예산현액 기준) 중 사업명에 '소나무재선충병/소나무재선충/재선충' 포함 사업 전체 합산; 산림면적_ha는 CH2_노출도_2016_2025.csv 인용",
2022,경상남도,남해군,255212000.0,347948000.0,73.35,2,소나무재선충병 긴급방제비; 소나무재선충병 방제,199453000.0,398906000.0,50.0,2,산림병해충 예찰방제단(경상); 산림병해충 예찰방제단(자본),454665000.0,746854000.0,60.88,4,22337.0,11425.53,20354.8,27820000.0,64916000.0,0.0,"재정365 세부사업별세출현황(2016~2023, 지자체 예산현액 기준) 중 사업명에 '소나무재선충병/소나무재선충/재선충' 포함 사업 전체 합산; 산림면적_ha는 CH2_노출도_2016_2025.csv 인용",
2023,경상남도,남해군,458636000.0,648917000.0,70.68,1,소나무재선충병 방제,186557000.0,373114000.0,50.0,2,산림병해충 예찰방제단(경상); 산림병해충 예찰방제단(자본),645193000.0,1022031000.0,63.13,3,22296.7,20569.68,28936.7,56927000.0,133354000.0,0.0,"재정365 세부사업별세출현황(2016~2023, 지자체 예산현액 기준) 중 사업명에 '소나무재선충병/소나무재선충/재선충' 포함 사업 전체 합산; 산림면적_ha는 CH2_노출도_2016_2025.csv 인용",
2016,경상남도,밀양시,1788000000.0,3576000000.0,50.0,1,재해대책비(소나무재선충병 방제),0.0,0.0,,0,,1788000000.0,3576000000.0,50.0,1,49008.3,36483.62,36483.6,536400000.0,1251600000.0,0.0,"재정365 세부사업별세출현황(2016~2023, 지자체 예산현액 기준) 중 사업명에 '소나무재선충병/소나무재선충/재선충' 포함 사업 전체 합산; 산림면적_ha는 CH2_노출도_2016_2025.csv 인용",예찰진단(산림병해충예찰방제단) 사업 미검색 - 국비 0으로 처리
2017,경상남도,밀양시,3080896000.0,5869916530.0,52.49,1,소나무재선충병 방제,645926000.0,1291852000.0,50.0,2,산림재해일자리 장기(산림병해충예찰방제단)(경상); 산림재해일자리 장기(산림병해충예찰방제단)(자본),3726822000.0,7161768530.0,52.04,3,48943.6,62947.88,76145.2,830187470.0,1958833060.0,0.0,"재정365 세부사업별세출현황(2016~2023, 지자체 예산현액 기준) 중 사업명에 '소나무재선충병/소나무재선충/재선충' 포함 사업 전체 합산; 산림면적_ha는 CH2_노출도_2016_2025.csv 인용",
2018,경상남도,밀양시,2917431880.0,4879754960.0,59.79,2,소나무재선충병 방제; 재해대책비(소나무재선충병방제),323653890.0,862063320.0,37.54,2,산림재해일자리 장기(산림병해충예찰방제단)(경상); 산림재해일자리 장기(산림병해충예찰방제단)(자본),3241085770.0,5741818280.0,56.45,4,48878.9,59686.94,66308.5,455584630.0,1506738450.0,0.0,"재정365 세부사업별세출현황(2016~2023, 지자체 예산현액 기준) 중 사업명에 '소나무재선충병/소나무재선충/재선충' 포함 사업 전체 합산; 산림면적_ha는 CH2_노출도_2016_2025.csv 인용",
2019,경상남도,밀양시,2327178380.0,5047793150.0,46.1,3,소나무재선충병 방제; 재선충병 이동단속; 재해대책비(소나무재선충병방제),182531060.0,388040180.0,47.04,2,산림재해일자리 장기(산림병해충예찰방제단)(경상); 산림재해일자리 장기(산림병해충예찰방제단)(자본),2509709440.0,5435833330.0,46.17,5,48814.3,47674.11,51413.4,393007930.0,2327606840.0,0.0,"재정365 세부사업별세출현황(2016~2023, 지자체 예산현액 기준) 중 사업명에 '소나무재선충병/소나무재선충/재선충' 포함 사업 전체 합산; 산림면적_ha는 CH2_노출도_2016_2025.csv 인용",
2020,경상남도,밀양시,1285031090.0,4334785600.0,29.64,3,소나무재선충병 방제; 재선충병 이동단속; 재해대책비(소나무재선충병방제),215259000.0,361719000.0,59.51,3,산림병해충 예찰방제단(희망일자리사업); 산림재해일자리 장기(산림병해충예찰방제단)(경상); 산림재해일자리 장기(산림병해충예찰방제단)(자본),1500290090.0,4696504600.0,31.94,6,48749.8,26359.72,30775.3,180033300.0,2869721210.0,0.0,"재정365 세부사업별세출현황(2016~2023, 지자체 예산현액 기준) 중 사업명에 '소나무재선충병/소나무재선충/재선충' 포함 사업 전체 합산; 산림면적_ha는 CH2_노출도_2016_2025.csv 인용",
2021,경상남도,밀양시,1165825000.0,3513757000.0,33.18,3,소나무재선충병 방제; 재선충병 이동단속; 재해대책비(소나무재선충병방제),168404000.0,336808000.0,50.0,2,산림재해일자리 장기(산림병해충예찰방제단)(경상); 산림재해일자리 장기(산림병해충예찰방제단)(자본),1334229000.0,3850565000.0,34.65,5,48685.4,23946.09,27405.1,180293000.0,2167639000.0,0.0,"재정365 세부사업별세출현황(2016~2023, 지자체 예산현액 기준) 중 사업명에 '소나무재선충병/소나무재선충/재선충' 포함 사업 전체 합산; 산림면적_ha는 CH2_노출도_2016_2025.csv 인용",
2022,경상남도,밀양시,3389627000.0,10707708000.0,31.66,3,소나무재선충병 방제; 재선충병 이동단속; 재해대책비(소나무재선충병방제),211188000.0,422376000.0,50.0,2,산림재해일자리 장기(산림병해충예찰방제단)(경상); 산림재해일자리 장기(산림병해충예찰방제단)(자본),3600815000.0,11130084000.0,32.35,5,48621.0,69715.29,74058.8,785911500.0,6532169500.0,0.0,"재정365 세부사업별세출현황(2016~2023, 지자체 예산현액 기준) 중 사업명에 '소나무재선충병/소나무재선충/재선충' 포함 사업 전체 합산; 산림면적_ha는 CH2_노출도_2016_2025.csv 인용",
2023,경상남도,밀양시,8160516222.0,18673207000.0,43.7,3,소나무재선충병 방제; 재선충병 이동단속; 재해대책비(소나무재선충병방제),274629000.0,549258000.0,50.0,2,산림재해일자리 장기(산림병해충예찰방제단)(경상); 산림재해일자리 장기(산림병해충예찰방제단)(자본),8435145222.0,19222465000.0,43.88,5,48556.8,168061.24,173717.1,1149139509.0,9363551269.0,0.0,"재정365 세부사업별세출현황(2016~2023, 지자체 예산현액 기준) 중 사업명에 '소나무재선충병/소나무재선충/재선충' 포함 사업 전체 합산; 산림면적_ha는 CH2_노출도_2016_2025.csv 인용",
2016,경상남도,사천시,0.0,0.0,,0,,0.0,0.0,,0,,0.0,0.0,,0,22092.4,0.0,0.0,0.0,0.0,0.0,"재정365 세부사업별세출현황(2016~2023, 지자체 예산현액 기준) 중 사업명에 '소나무재선충병/소나무재선충/재선충' 포함 사업 전체 합산; 산림면적_ha는 CH2_노출도_2016_2025.csv 인용",재선충 직접방제 사업 미검색 - 국비 0으로 처리(산림청 직접집행 등 지자체 예산 외 경로 가능성 있음) / 예찰진단(산림병해충예찰방제단) 사업 미검색 - 국비 0으로 처리
2017,경상남도,사천시,1301824000.0,1856666000.0,70.12,1,소나무재선충병 방제,0.0,0.0,,0,,1301824000.0,1856666000.0,70.12,1,21943.7,59325.64,59325.6,164987000.0,389855000.0,0.0,"재정365 세부사업별세출현황(2016~2023, 지자체 예산현액 기준) 중 사업명에 '소나무재선충병/소나무재선충/재선충' 포함 사업 전체 합산; 산림면적_ha는 CH2_노출도_2016_2025.csv 인용",예찰진단(산림병해충예찰방제단) 사업 미검색 - 국비 0으로 처리
2018,경상남도,사천시,1330713000.0,2184766000.0,60.91,3,소나무재선충병 방제; 소나무재선충병 방제(자본); 재해대책비(소나무재선충병방제),0.0,0.0,,0,,1330713000.0,2184766000.0,60.91,3,21796.1,61052.8,61052.8,255316000.0,598737000.0,0.0,"재정365 세부사업별세출현황(2016~2023, 지자체 예산현액 기준) 중 사업명에 '소나무재선충병/소나무재선충/재선충' 포함 사업 전체 합산; 산림면적_ha는 CH2_노출도_2016_2025.csv 인용",예찰진단(산림병해충예찰방제단) 사업 미검색 - 국비 0으로 처리
2019,경상남도,사천시,1264658000.0,2085347000.0,60.64,3,소나무재선충병 긴급방제; 소나무재선충병 방제(경상); 소나무재선충병 재해대책비,0.0,0.0,,0,,1264658000.0,2085347000.0,60.64,3,21649.5,58415.11,58415.1,351206000.0,469483000.0,0.0,"재정365 세부사업별세출현황(2016~2023, 지자체 예산현액 기준) 중 사업명에 '소나무재선충병/소나무재선충/재선충' 포함 사업 전체 합산; 산림면적_ha는 CH2_노출도_2016_2025.csv 인용",예찰진단(산림병해충예찰방제단) 사업 미검색 - 국비 0으로 처리
2020,경상남도,사천시,897750000.0,1258211000.0,71.35,1,소나무재선충병 방제,0.0,0.0,,0,,897750000.0,1258211000.0,71.35,1,21503.8,41748.44,41748.4,108135000.0,252326000.0,0.0,"재정365 세부사업별세출현황(2016~2023, 지자체 예산현액 기준) 중 사업명에 '소나무재선충병/소나무재선충/재선충' 포함 사업 전체 합산; 산림면적_ha는 CH2_노출도_2016_2025.csv 인용",예찰진단(산림병해충예찰방제단) 사업 미검색 - 국비 0으로 처리
2021,경상남도,사천시,838990000.0,1241222000.0,67.59,2,소나무재선충병 방제; 재해대책비(소나무재선충병방제),0.0,0.0,,0,,838990000.0,1241222000.0,67.59,2,21359.2,39280.03,39280.0,120670000.0,281562000.0,0.0,"재정365 세부사업별세출현황(2016~2023, 지자체 예산현액 기준) 중 사업명에 '소나무재선충병/소나무재선충/재선충' 포함 사업 전체 합산; 산림면적_ha는 CH2_노출도_2016_2025.csv 인용",예찰진단(산림병해충예찰방제단) 사업 미검색 - 국비 0으로 처리
2022,경상남도,사천시,878588000.0,1791919000.0,49.03,3,소나무재선충병 긴급방제; 소나무재선충병 방제; 소나무재선충병 방제(자체),0.0,0.0,,0,,878588000.0,1791919000.0,49.03,3,21215.5,41412.55,41412.6,123999000.0,789332000.0,0.0,"재정365 세부사업별세출현황(2016~2023, 지자체 예산현액 기준) 중 사업명에 '소나무재선충병/소나무재선충/재선충' 포함 사업 전체 합산; 산림면적_ha는 CH2_노출도_2016_2025.csv 인용",예찰진단(산림병해충예찰방제단) 사업 미검색 - 국비 0으로 처리
2023,경상남도,사천시,2225982000.0,3991317000.0,55.77,4,소나무재선충병 방제; 소나무재선충병 방제 이동식파쇄기; 소나무재선충병 방제(산림재해대책비); 소나무재선충병 방제(자체),0.0,0.0,,0,,2225982000.0,3991317000.0,55.77,4,21072.7,105633.45,105633.4,348783000.0,1416552000.0,0.0,"재정365 세부사업별세출현황(2016~2023, 지자체 예산현액 기준) 중 사업명에 '소나무재선충병/소나무재선충/재선충' 포함 사업 전체 합산; 산림면적_ha는 CH2_노출도_2016_2025.csv 인용",예찰진단(산림병해충예찰방제단) 사업 미검색 - 국비 0으로 처리
2016,경상남도,양산시,0.0,0.0,,0,,0.0,0.0,,0,,0.0,0.0,,0,34844.8,0.0,0.0,0.0,0.0,0.0,"재정365 세부사업별세출현황(2016~2023, 지자체 예산현액 기준) 중 사업명에 '소나무재선충병/소나무재선충/재선충' 포함 사업 전체 합산; 산림면적_ha는 CH2_노출도_2016_2025.csv 인용",재선충 직접방제 사업 미검색 - 국비 0으로 처리(산림청 직접집행 등 지자체 예산 외 경로 가능성 있음) / 예찰진단(산림병해충예찰방제단) 사업 미검색 - 국비 0으로 처리
2017,경상남도,양산시,831448000.0,1183359000.0,70.26,1,소나무재선충병 방제,187450000.0,374899000.0,50.0,2,산림재해일자리 장기(산림병해충예찰방제단)경상; 산림재해일자리 장기(산림병해충예찰방제단)자본,1018898000.0,1558258000.0,65.39,3,34785.1,23902.42,29291.2,104433000.0,247478000.0,0.0,"재정365 세부사업별세출현황(2016~2023, 지자체 예산현액 기준) 중 사업명에 '소나무재선충병/소나무재선충/재선충' 포함 사업 전체 합산; 산림면적_ha는 CH2_노출도_2016_2025.csv 인용",
2018,경상남도,양산시,724784000.0,1140396000.0,63.56,2,소나무재선충병 방제; 재해대책비(소나무재선충병 방제),125579000.0,251158000.0,50.0,2,산림재해일자리 장기(산림병해충예찰방제단)경상; 산림재해일자리 장기(산림병해충예찰방제단)자본,850363000.0,1391554000.0,61.11,4,34725.6,20871.75,24488.1,124683000.0,290929000.0,0.0,"재정365 세부사업별세출현황(2016~2023, 지자체 예산현액 기준) 중 사업명에 '소나무재선충병/소나무재선충/재선충' 포함 사업 전체 합산; 산림면적_ha는 CH2_노출도_2016_2025.csv 인용",
2019,경상남도,양산시,836509360.0,1385515720.0,60.38,2,소나무재선충병 방제; 재해대책비(소나무재선충병 방제),133659000.0,267319000.0,50.0,2,산림재해일자리 장기(산림병해충예찰방제단)경상; 산림재해일자리 장기(산림병해충예찰방제단)자본,970168360.0,1652834720.0,58.7,4,34666.2,24130.4,27986.0,163801810.0,385204550.0,0.0,"재정365 세부사업별세출현황(2016~2023, 지자체 예산현액 기준) 중 사업명에 '소나무재선충병/소나무재선충/재선충' 포함 사업 전체 합산; 산림면적_ha는 CH2_노출도_2016_2025.csv 인용",
2020,경상남도,양산시,575458550.0,866661100.0,66.4,2,소나무재선충병 방제; 재해대책비(소나무재선충병 방제),137926000.0,275852000.0,50.0,2,산림재해일자리 장기(산림병해충예찰방제단)경상; 산림재해일자리 장기(산림병해충예찰방제단)자본,713384550.0,1142513100.0,62.44,4,34606.8,16628.48,20614.0,87361260.0,203841290.0,0.0,"재정365 세부사업별세출현황(2016~2023, 지자체 예산현액 기준) 중 사업명에 '소나무재선충병/소나무재선충/재선충' 포함 사업 전체 합산; 산림면적_ha는 CH2_노출도_2016_2025.csv 인용",
2021,경상남도,양산시,855030180.0,1172163410.0,72.94,2,문화재 주변 소나무 재선충 방제사업; 소나무재선충병 방제,168404000.0,336808000.0,50.0,2,산림재해일자리 장기(산림병해충예찰방제단)경상; 산림재해일자리 장기(산림병해충예찰방제단)자본,1023434180.0,1508971410.0,67.82,4,34547.6,24749.34,29623.9,95140170.0,221993060.0,0.0,"재정365 세부사업별세출현황(2016~2023, 지자체 예산현액 기준) 중 사업명에 '소나무재선충병/소나무재선충/재선충' 포함 사업 전체 합산; 산림면적_ha는 CH2_노출도_2016_2025.csv 인용",
2022,경상남도,양산시,718798260.0,1055356530.0,68.11,2,소나무재선충병 방제; 재해대책비(소나무재선충병 방제),187723000.0,375446000.0,50.0,2,산림재해일자리 장기(산림병해충예찰방제단)경상; 산림재해일자리 장기(산림병해충예찰방제단)자본,906521260.0,1430802530.0,63.36,4,34488.5,20841.68,26284.7,100966580.0,235591690.0,0.0,"재정365 세부사업별세출현황(2016~2023, 지자체 예산현액 기준) 중 사업명에 '소나무재선충병/소나무재선충/재선충' 포함 사업 전체 합산; 산림면적_ha는 CH2_노출도_2016_2025.csv 인용",
2023,경상남도,양산시,1938070000.0,3136027000.0,61.8,3,소나무재선충병 방제; 소나무재선충병 방제 예방나무주사 사업; 소나무재선충병 방제(산림재해대책비),199731000.0,399462000.0,50.0,2,산림재해일자리 장기(산림병해충예찰방제단)경상; 산림재해일자리 장기(산림병해충예찰방제단)자본,2137801000.0,3535489000.0,60.47,5,34429.5,56290.97,62092.1,346091000.0,811866000.0,40000000.0,"재정365 세부사업별세출현황(2016~2023, 지자체 예산현액 기준) 중 사업명에 '소나무재선충병/소나무재선충/재선충' 포함 사업 전체 합산; 산림면적_ha는 CH2_노출도_2016_2025.csv 인용",
2016,경상남도,진주시,50000000.0,100000000.0,50.0,1,재해대책비(소나무재선충병 방제),0.0,0.0,,0,,50000000.0,100000000.0,50.0,1,40157.0,1245.11,1245.1,15000000.0,35000000.0,0.0,"재정365 세부사업별세출현황(2016~2023, 지자체 예산현액 기준) 중 사업명에 '소나무재선충병/소나무재선충/재선충' 포함 사업 전체 합산; 산림면적_ha는 CH2_노출도_2016_2025.csv 인용",예찰진단(산림병해충예찰방제단) 사업 미검색 - 국비 0으로 처리
2017,경상남도,진주시,528442000.0,757476000.0,69.76,1,소나무 재선충병 방제,286448000.0,1336419000.0,21.43,2,산림병해충 예찰방제단(경상); 산림병해충 예찰방제단(자본),814890000.0,2093895000.0,38.92,3,40023.8,13203.19,20360.1,67335000.0,161699000.0,0.0,"재정365 세부사업별세출현황(2016~2023, 지자체 예산현액 기준) 중 사업명에 '소나무재선충병/소나무재선충/재선충' 포함 사업 전체 합산; 산림면적_ha는 CH2_노출도_2016_2025.csv 인용",
2018,경상남도,진주시,798012000.0,2137903000.0,37.33,1,소나무 재선충병 방제,125579000.0,1085730000.0,11.57,2,산림병해충 예찰방제단(경상); 산림병해충 예찰방제단(자본),923591000.0,3223633000.0,28.65,3,39891.0,20004.81,23152.9,150147000.0,1189744000.0,0.0,"재정365 세부사업별세출현황(2016~2023, 지자체 예산현액 기준) 중 사업명에 '소나무재선충병/소나무재선충/재선충' 포함 사업 전체 합산; 산림면적_ha는 CH2_노출도_2016_2025.csv 인용",
2019,경상남도,진주시,1044133000.0,3870558000.0,26.98,4,소나무 재선충병 긴급방제(경상); 소나무 재선충병 방제(경상); 소나무 재선충병 방제(자본); 재해대책비(소나무재선충병 방제),133659000.0,1145741000.0,11.67,2,산림병해충 예찰방제단(경상); 산림병해충 예찰방제단(자본),1177792000.0,5016299000.0,23.48,6,39758.6,26261.82,29623.6,276104000.0,2550321000.0,0.0,"재정365 세부사업별세출현황(2016~2023, 지자체 예산현액 기준) 중 사업명에 '소나무재선충병/소나무재선충/재선충' 포함 사업 전체 합산; 산림면적_ha는 CH2_노출도_2016_2025.csv 인용",
2020,경상남도,진주시,882833000.0,3333350000.0,26.48,1,소나무 재선충병 방제(경상),220259000.0,1237093000.0,17.8,3,산림병해충 예찰방제단(경상); 산림병해충 예찰방제단(자본); 코로나19 극복 희망일자리사업(산림병해충 예찰방제단),1103092000.0,4570443000.0,24.14,4,39626.7,22278.74,27837.1,109435000.0,2341082000.0,0.0,"재정365 세부사업별세출현황(2016~2023, 지자체 예산현액 기준) 중 사업명에 '소나무재선충병/소나무재선충/재선충' 포함 사업 전체 합산; 산림면적_ha는 CH2_노출도_2016_2025.csv 인용",
2021,경상남도,진주시,1253543360.0,3436462340.0,36.48,2,소나무 재선충병 긴급방제(경상); 소나무 재선충병 방제(경상),221304000.0,1387354000.0,15.95,2,산림병해충 예찰방제단(경상); 산림병해충 예찰방제단(자본),1474847360.0,4823816340.0,30.57,4,39495.2,31739.13,37342.4,149033000.0,2033885980.0,0.0,"재정365 세부사업별세출현황(2016~2023, 지자체 예산현액 기준) 중 사업명에 '소나무재선충병/소나무재선충/재선충' 포함 사업 전체 합산; 산림면적_ha는 CH2_노출도_2016_2025.csv 인용",
2022,경상남도,진주시,714292000.0,2478638460.0,28.82,2,소나무 재선충병 긴급방제(경상); 소나무 재선충병 방제(경상),211188000.0,1395260000.0,15.14,2,산림병해충 예찰방제단(경상); 산림병해충 예찰방제단(자본),925480000.0,3873898460.0,23.89,4,39364.1,18145.77,23510.8,98744000.0,1665602460.0,0.0,"재정365 세부사업별세출현황(2016~2023, 지자체 예산현액 기준) 중 사업명에 '소나무재선충병/소나무재선충/재선충' 포함 사업 전체 합산; 산림면적_ha는 CH2_노출도_2016_2025.csv 인용",
2023,경상남도,진주시,1698008000.0,3819241000.0,44.46,1,소나무 재선충병 방제(경상),224697000.0,1442914000.0,15.57,2,산림병해충 예찰방제단(경상); 산림병해충 예찰방제단(자본),1922705000.0,5262155000.0,36.54,3,39233.5,43279.54,49006.7,212264000.0,1908969000.0,0.0,"재정365 세부사업별세출현황(2016~2023, 지자체 예산현액 기준) 중 사업명에 '소나무재선충병/소나무재선충/재선충' 포함 사업 전체 합산; 산림면적_ha는 CH2_노출도_2016_2025.csv 인용",
2016,경상남도,통영시,0.0,0.0,,0,,0.0,0.0,,0,,0.0,0.0,,0,15156.6,0.0,0.0,0.0,0.0,0.0,"재정365 세부사업별세출현황(2016~2023, 지자체 예산현액 기준) 중 사업명에 '소나무재선충병/소나무재선충/재선충' 포함 사업 전체 합산; 산림면적_ha는 CH2_노출도_2016_2025.csv 인용",재선충 직접방제 사업 미검색 - 국비 0으로 처리(산림청 직접집행 등 지자체 예산 외 경로 가능성 있음) / 예찰진단(산림병해충예찰방제단) 사업 미검색 - 국비 0으로 처리
2017,경상남도,통영시,306389000.0,596016000.0,51.41,1,소나무재선충병 방제,303093000.0,565649000.0,53.58,2,산림재해일자리 장기(산림병해충예찰방제단); 산림재해일자리 장기(산림병해충예찰방제단)(경상),609482000.0,1161665000.0,52.47,3,15153.8,20218.63,40219.7,38597000.0,251030000.0,0.0,"재정365 세부사업별세출현황(2016~2023, 지자체 예산현액 기준) 중 사업명에 '소나무재선충병/소나무재선충/재선충' 포함 사업 전체 합산; 산림면적_ha는 CH2_노출도_2016_2025.csv 인용",
2018,경상남도,통영시,716715000.0,1116624000.0,64.19,3,소나무재선충병 방제; 소나무재선충병 방제(자체); 재해대책비(소나무재선충병 방제),125579000.0,251158000.0,50.0,2,산림재해일자리 장기(산림병해충예찰방제단); 산림재해일자리 장기(산림병해충예찰방제단)(경상),842294000.0,1367782000.0,61.58,5,15151.0,47304.8,55593.3,110023000.0,289886000.0,0.0,"재정365 세부사업별세출현황(2016~2023, 지자체 예산현액 기준) 중 사업명에 '소나무재선충병/소나무재선충/재선충' 포함 사업 전체 합산; 산림면적_ha는 CH2_노출도_2016_2025.csv 인용",
2019,경상남도,통영시,1313824910.0,2032021770.0,64.66,4,소나무재선충병 방제; 소나무재선충병 방제(자본); 소나무재선충병 방제(자체); 재해대책비(소나무재선충병 방제),133899520.0,267800040.0,50.0,2,산림재해일자리 장기(산림병해충예찰방제단); 산림재해일자리 장기(산림병해충예찰방제단)(경상),1447724430.0,2299821810.0,62.95,6,15148.2,86731.42,95570.7,192220570.0,525976290.0,0.0,"재정365 세부사업별세출현황(2016~2023, 지자체 예산현액 기준) 중 사업명에 '소나무재선충병/소나무재선충/재선충' 포함 사업 전체 합산; 산림면적_ha는 CH2_노출도_2016_2025.csv 인용",
2020,경상남도,통영시,619645920.0,1124619180.0,55.1,4,소나무재선충병 방제; 소나무재선충병 방제(자본); 소나무재선충병 방제(자체); 재해대책비(소나무재선충병 방제),195926000.0,340252000.0,57.58,3,산림병해충예찰방제단(확대); 산림재해일자리 장기(산림병해충예찰방제단); 산림재해일자리 장기(산림병해충예찰방제단)(경상),815571920.0,1464871180.0,55.68,7,15145.4,40913.14,53849.5,72236170.0,432737090.0,0.0,"재정365 세부사업별세출현황(2016~2023, 지자체 예산현액 기준) 중 사업명에 '소나무재선충병/소나무재선충/재선충' 포함 사업 전체 합산; 산림면적_ha는 CH2_노출도_2016_2025.csv 인용",
2021,경상남도,통영시,618553020.0,1067361870.0,57.95,3,소나무재선충병 방제; 소나무재선충병 방제(자체); 재해대책비(소나무재선충병 방제),162526000.0,325052000.0,50.0,2,산림재해일자리 장기(산림병해충예찰방제단); 산림재해일자리 장기(산림병해충예찰방제단)(경상),781079020.0,1392413870.0,56.1,5,15142.6,40848.53,51581.6,90619360.0,358189490.0,0.0,"재정365 세부사업별세출현황(2016~2023, 지자체 예산현액 기준) 중 사업명에 '소나무재선충병/소나무재선충/재선충' 포함 사업 전체 합산; 산림면적_ha는 CH2_노출도_2016_2025.csv 인용",
2022,경상남도,통영시,630856220.0,1074822340.0,58.69,4,소나무재선충병 긴급방제; 소나무재선충병 방제; 소나무재선충병 방제(자체); 재해대책비(소나무재선충병 방제),187723000.0,375446000.0,50.0,2,산림재해일자리 장기(산림병해충예찰방제단); 산림재해일자리 장기(산림병해충예찰방제단)(경상),818579220.0,1450268340.0,56.44,6,15139.7,41669.0,54068.4,105247370.0,338718750.0,0.0,"재정365 세부사업별세출현황(2016~2023, 지자체 예산현액 기준) 중 사업명에 '소나무재선충병/소나무재선충/재선충' 포함 사업 전체 합산; 산림면적_ha는 CH2_노출도_2016_2025.csv 인용",
2023,경상남도,통영시,812456130.0,1558366750.0,52.14,4,소나무재선충병 긴급방제; 소나무재선충병 방제; 소나무재선충병 방제(자체); 재해대책비(소나무재선충병 방제),124832000.0,249664000.0,50.0,2,산림재해일자리 장기(산림병해충예찰방제단); 산림재해일자리 장기(산림병해충예찰방제단)(경상),937288130.0,1808030750.0,51.84,6,15136.9,53673.88,61920.7,146318330.0,599592290.0,0.0,"재정365 세부사업별세출현황(2016~2023, 지자체 예산현액 기준) 중 사업명에 '소나무재선충병/소나무재선충/재선충' 포함 사업 전체 합산; 산림면적_ha는 CH2_노출도_2016_2025.csv 인용",
2016,경상북도,경주시,1636893026.0,1947422760.0,84.05,4,2016 재선충 방제(긴급); 재선충 방제(긴급); 재선충방제; 전통사찰 소나무재선충병 친환경방재사업,0.0,0.0,,0,,1636893026.0,1947422760.0,84.05,4,82838.2,19760.12,19760.1,85654829.0,224874905.0,0.0,"재정365 세부사업별세출현황(2016~2023, 지자체 예산현액 기준) 중 사업명에 '소나무재선충병/소나무재선충/재선충' 포함 사업 전체 합산; 산림면적_ha는 CH2_노출도_2016_2025.csv 인용",예찰진단(산림병해충예찰방제단) 사업 미검색 - 국비 0으로 처리
2017,경상북도,경주시,4455304800.0,6012782000.0,74.1,2,소나무재선충병방제; 재선충 방제(긴급),0.0,0.0,,0,,4455304800.0,6012782000.0,74.1,2,83087.0,53622.16,53622.2,466312100.0,1091165100.0,0.0,"재정365 세부사업별세출현황(2016~2023, 지자체 예산현액 기준) 중 사업명에 '소나무재선충병/소나무재선충/재선충' 포함 사업 전체 합산; 산림면적_ha는 CH2_노출도_2016_2025.csv 인용",예찰진단(산림병해충예찰방제단) 사업 미검색 - 국비 0으로 처리
2018,경상북도,경주시,4260666136.0,6059191630.0,70.32,4,경주 김유신묘(재선충); 경주 석굴암 석굴(재선충); 소나무재선충병방제; 재선충 방제(긴급),0.0,0.0,,0,,4260666136.0,6059191630.0,70.32,4,83336.7,51125.93,51125.9,483935743.0,1314589751.0,0.0,"재정365 세부사업별세출현황(2016~2023, 지자체 예산현액 기준) 중 사업명에 '소나무재선충병/소나무재선충/재선충' 포함 사업 전체 합산; 산림면적_ha는 CH2_노출도_2016_2025.csv 인용",예찰진단(산림병해충예찰방제단) 사업 미검색 - 국비 0으로 처리
2019,경상북도,경주시,5007429187.0,7114110640.0,70.39,5,경주 김유신묘(재선충); 경주 낭산일원(재선충); 경주 석굴암 석굴(재선충); 소나무재선충병방제; 재선충 방제(긴급),0.0,0.0,,0,,5007429187.0,7114110640.0,70.39,5,83587.0,59906.79,59906.8,637714487.0,1468966966.0,0.0,"재정365 세부사업별세출현황(2016~2023, 지자체 예산현액 기준) 중 사업명에 '소나무재선충병/소나무재선충/재선충' 포함 사업 전체 합산; 산림면적_ha는 CH2_노출도_2016_2025.csv 인용",예찰진단(산림병해충예찰방제단) 사업 미검색 - 국비 0으로 처리
2020,경상북도,경주시,326585000.0,466550000.0,70.0,3,경주 남산 일원(재선충); 경주 석굴암 석굴(재선충); 경주 양동마을 재선충,0.0,0.0,,0,,326585000.0,466550000.0,70.0,3,83838.1,3895.42,3895.4,62989500.0,76975500.0,0.0,"재정365 세부사업별세출현황(2016~2023, 지자체 예산현액 기준) 중 사업명에 '소나무재선충병/소나무재선충/재선충' 포함 사업 전체 합산; 산림면적_ha는 CH2_노출도_2016_2025.csv 인용",예찰진단(산림병해충예찰방제단) 사업 미검색 - 국비 0으로 처리
2021,경상북도,경주시,868000000.0,1240000000.0,70.0,4,경주 불국사(재선충); 경주 석굴암 석굴(재선충); 경주 옥산서원(재선충); 문화재구역 재선충 방제,0.0,0.0,,0,,868000000.0,1240000000.0,70.0,4,84090.0,10322.27,10322.3,147000000.0,225000000.0,0.0,"재정365 세부사업별세출현황(2016~2023, 지자체 예산현액 기준) 중 사업명에 '소나무재선충병/소나무재선충/재선충' 포함 사업 전체 합산; 산림면적_ha는 CH2_노출도_2016_2025.csv 인용",예찰진단(산림병해충예찰방제단) 사업 미검색 - 국비 0으로 처리
2022,경상북도,경주시,205000000.0,292857000.0,70.0,1,경주 남산 일원(재선충),0.0,0.0,,0,,205000000.0,292857000.0,70.0,1,84342.6,2430.56,2430.6,43928000.0,43929000.0,0.0,"재정365 세부사업별세출현황(2016~2023, 지자체 예산현액 기준) 중 사업명에 '소나무재선충병/소나무재선충/재선충' 포함 사업 전체 합산; 산림면적_ha는 CH2_노출도_2016_2025.csv 인용",예찰진단(산림병해충예찰방제단) 사업 미검색 - 국비 0으로 처리
2023,경상북도,경주시,175000000.0,250000000.0,70.0,1,경주 남산 일원(재선충),0.0,0.0,,0,,175000000.0,250000000.0,70.0,1,84596.0,2068.66,2068.7,37500000.0,37500000.0,0.0,"재정365 세부사업별세출현황(2016~2023, 지자체 예산현액 기준) 중 사업명에 '소나무재선충병/소나무재선충/재선충' 포함 사업 전체 합산; 산림면적_ha는 CH2_노출도_2016_2025.csv 인용",예찰진단(산림병해충예찰방제단) 사업 미검색 - 국비 0으로 처리
2016,경상북도,김천시,0.0,33900000.0,0.0,1,재선충병예찰원인건비,0.0,0.0,,0,,0.0,33900000.0,0.0,1,66447.9,0.0,0.0,10170000.0,23730000.0,0.0,"재정365 세부사업별세출현황(2016~2023, 지자체 예산현액 기준) 중 사업명에 '소나무재선충병/소나무재선충/재선충' 포함 사업 전체 합산; 산림면적_ha는 CH2_노출도_2016_2025.csv 인용",예찰진단(산림병해충예찰방제단) 사업 미검색 - 국비 0으로 처리
2017,경상북도,김천시,143623000.0,205176000.0,70.0,1,소나무재선충병방제,0.0,0.0,,0,,143623000.0,205176000.0,70.0,1,66514.5,2159.27,2159.3,18466000.0,43087000.0,0.0,"재정365 세부사업별세출현황(2016~2023, 지자체 예산현액 기준) 중 사업명에 '소나무재선충병/소나무재선충/재선충' 포함 사업 전체 합산; 산림면적_ha는 CH2_노출도_2016_2025.csv 인용",예찰진단(산림병해충예찰방제단) 사업 미검색 - 국비 0으로 처리
2018,경상북도,김천시,0.0,0.0,,0,,0.0,0.0,,0,,0.0,0.0,,0,66581.2,0.0,0.0,0.0,0.0,0.0,"재정365 세부사업별세출현황(2016~2023, 지자체 예산현액 기준) 중 사업명에 '소나무재선충병/소나무재선충/재선충' 포함 사업 전체 합산; 산림면적_ha는 CH2_노출도_2016_2025.csv 인용",재선충 직접방제 사업 미검색 - 국비 0으로 처리(산림청 직접집행 등 지자체 예산 외 경로 가능성 있음) / 예찰진단(산림병해충예찰방제단) 사업 미검색 - 국비 0으로 처리
2019,경상북도,김천시,0.0,0.0,,0,,0.0,0.0,,0,,0.0,0.0,,0,66647.9,0.0,0.0,0.0,0.0,0.0,"재정365 세부사업별세출현황(2016~2023, 지자체 예산현액 기준) 중 사업명에 '소나무재선충병/소나무재선충/재선충' 포함 사업 전체 합산; 산림면적_ha는 CH2_노출도_2016_2025.csv 인용",재선충 직접방제 사업 미검색 - 국비 0으로 처리(산림청 직접집행 등 지자체 예산 외 경로 가능성 있음) / 예찰진단(산림병해충예찰방제단) 사업 미검색 - 국비 0으로 처리
2020,경상북도,김천시,0.0,0.0,,0,,0.0,0.0,,0,,0.0,0.0,,0,66714.7,0.0,0.0,0.0,0.0,0.0,"재정365 세부사업별세출현황(2016~2023, 지자체 예산현액 기준) 중 사업명에 '소나무재선충병/소나무재선충/재선충' 포함 사업 전체 합산; 산림면적_ha는 CH2_노출도_2016_2025.csv 인용",재선충 직접방제 사업 미검색 - 국비 0으로 처리(산림청 직접집행 등 지자체 예산 외 경로 가능성 있음) / 예찰진단(산림병해충예찰방제단) 사업 미검색 - 국비 0으로 처리
2021,경상북도,김천시,0.0,0.0,,0,,0.0,0.0,,0,,0.0,0.0,,0,66781.6,0.0,0.0,0.0,0.0,0.0,"재정365 세부사업별세출현황(2016~2023, 지자체 예산현액 기준) 중 사업명에 '소나무재선충병/소나무재선충/재선충' 포함 사업 전체 합산; 산림면적_ha는 CH2_노출도_2016_2025.csv 인용",재선충 직접방제 사업 미검색 - 국비 0으로 처리(산림청 직접집행 등 지자체 예산 외 경로 가능성 있음) / 예찰진단(산림병해충예찰방제단) 사업 미검색 - 국비 0으로 처리
2022,경상북도,김천시,0.0,0.0,,0,,0.0,0.0,,0,,0.0,0.0,,0,66848.5,0.0,0.0,0.0,0.0,0.0,"재정365 세부사업별세출현황(2016~2023, 지자체 예산현액 기준) 중 사업명에 '소나무재선충병/소나무재선충/재선충' 포함 사업 전체 합산; 산림면적_ha는 CH2_노출도_2016_2025.csv 인용",재선충 직접방제 사업 미검색 - 국비 0으로 처리(산림청 직접집행 등 지자체 예산 외 경로 가능성 있음) / 예찰진단(산림병해충예찰방제단) 사업 미검색 - 국비 0으로 처리
2023,경상북도,김천시,0.0,0.0,,0,,0.0,0.0,,0,,0.0,0.0,,0,66915.5,0.0,0.0,0.0,0.0,0.0,"재정365 세부사업별세출현황(2016~2023, 지자체 예산현액 기준) 중 사업명에 '소나무재선충병/소나무재선충/재선충' 포함 사업 전체 합산; 산림면적_ha는 CH2_노출도_2016_2025.csv 인용",재선충 직접방제 사업 미검색 - 국비 0으로 처리(산림청 직접집행 등 지자체 예산 외 경로 가능성 있음) / 예찰진단(산림병해충예찰방제단) 사업 미검색 - 국비 0으로 처리
2016,경상북도,상주시,0.0,33900000.0,0.0,1,[도]산림병해충방제(재선충예찰원인건비),0.0,0.0,,0,,0.0,33900000.0,0.0,1,75451.8,0.0,0.0,10170000.0,23730000.0,0.0,"재정365 세부사업별세출현황(2016~2023, 지자체 예산현액 기준) 중 사업명에 '소나무재선충병/소나무재선충/재선충' 포함 사업 전체 합산; 산림면적_ha는 CH2_노출도_2016_2025.csv 인용",예찰진단(산림병해충예찰방제단) 사업 미검색 - 국비 0으로 처리
2017,경상북도,상주시,195699000.0,429569000.0,45.56,1,[국]소나무재선충병 방제,141852000.0,283704000.0,50.0,1,[국]산림재해일자리 장기(산림병해충예찰방제단),337551000.0,713273000.0,47.32,2,75538.9,2590.7,4468.6,70160000.0,163710000.0,0.0,"재정365 세부사업별세출현황(2016~2023, 지자체 예산현액 기준) 중 사업명에 '소나무재선충병/소나무재선충/재선충' 포함 사업 전체 합산; 산림면적_ha는 CH2_노출도_2016_2025.csv 인용",
2018,경상북도,상주시,0.0,0.0,,0,,40924000.0,81848000.0,50.0,1,[국]산림재해일자리 장기(산림병해충예찰방제단),40924000.0,81848000.0,50.0,1,75626.2,0.0,541.1,0.0,0.0,0.0,"재정365 세부사업별세출현황(2016~2023, 지자체 예산현액 기준) 중 사업명에 '소나무재선충병/소나무재선충/재선충' 포함 사업 전체 합산; 산림면적_ha는 CH2_노출도_2016_2025.csv 인용",재선충 직접방제 사업 미검색 - 국비 0으로 처리(산림청 직접집행 등 지자체 예산 외 경로 가능성 있음)
2019,경상북도,상주시,0.0,0.0,,0,,43568000.0,87136000.0,50.0,1,[국]산림재해일자리 장기(산림병해충예찰방제단),43568000.0,87136000.0,50.0,1,75713.5,0.0,575.4,0.0,0.0,0.0,"재정365 세부사업별세출현황(2016~2023, 지자체 예산현액 기준) 중 사업명에 '소나무재선충병/소나무재선충/재선충' 포함 사업 전체 합산; 산림면적_ha는 CH2_노출도_2016_2025.csv 인용",재선충 직접방제 사업 미검색 - 국비 0으로 처리(산림청 직접집행 등 지자체 예산 외 경로 가능성 있음)
2020,경상북도,상주시,0.0,0.0,,0,,88629000.0,177258000.0,50.0,1,[국]산림재해일자리 장기(산림병해충예찰방제단),88629000.0,177258000.0,50.0,1,75801.0,0.0,1169.2,0.0,0.0,0.0,"재정365 세부사업별세출현황(2016~2023, 지자체 예산현액 기준) 중 사업명에 '소나무재선충병/소나무재선충/재선충' 포함 사업 전체 합산; 산림면적_ha는 CH2_노출도_2016_2025.csv 인용",재선충 직접방제 사업 미검색 - 국비 0으로 처리(산림청 직접집행 등 지자체 예산 외 경로 가능성 있음)
2021,경상북도,상주시,0.0,0.0,,0,,56528000.0,113056000.0,50.0,1,[국]산림재해일자리 장기(산림병해충예찰방제단),56528000.0,113056000.0,50.0,1,75888.5,0.0,744.9,0.0,0.0,0.0,"재정365 세부사업별세출현황(2016~2023, 지자체 예산현액 기준) 중 사업명에 '소나무재선충병/소나무재선충/재선충' 포함 사업 전체 합산; 산림면적_ha는 CH2_노출도_2016_2025.csv 인용",재선충 직접방제 사업 미검색 - 국비 0으로 처리(산림청 직접집행 등 지자체 예산 외 경로 가능성 있음)
2022,경상북도,상주시,0.0,0.0,,0,,45721000.0,91442000.0,50.0,1,[국]산림재해일자리 장기(산림병해충예찰방제단),45721000.0,91442000.0,50.0,1,75976.1,0.0,601.8,0.0,0.0,0.0,"재정365 세부사업별세출현황(2016~2023, 지자체 예산현액 기준) 중 사업명에 '소나무재선충병/소나무재선충/재선충' 포함 사업 전체 합산; 산림면적_ha는 CH2_노출도_2016_2025.csv 인용",재선충 직접방제 사업 미검색 - 국비 0으로 처리(산림청 직접집행 등 지자체 예산 외 경로 가능성 있음)
2023,경상북도,상주시,0.0,0.0,,0,,97618000.0,195236000.0,50.0,1,[국]산림재해일자리 장기(산림병해충예찰방제단),97618000.0,195236000.0,50.0,1,76063.9,0.0,1283.4,0.0,0.0,0.0,"재정365 세부사업별세출현황(2016~2023, 지자체 예산현액 기준) 중 사업명에 '소나무재선충병/소나무재선충/재선충' 포함 사업 전체 합산; 산림면적_ha는 CH2_노출도_2016_2025.csv 인용",재선충 직접방제 사업 미검색 - 국비 0으로 처리(산림청 직접집행 등 지자체 예산 외 경로 가능성 있음)
2016,경상북도,안동시,0.0,0.0,,0,,0.0,0.0,,0,,0.0,0.0,,0,98625.2,0.0,0.0,0.0,0.0,0.0,"재정365 세부사업별세출현황(2016~2023, 지자체 예산현액 기준) 중 사업명에 '소나무재선충병/소나무재선충/재선충' 포함 사업 전체 합산; 산림면적_ha는 CH2_노출도_2016_2025.csv 인용",재선충 직접방제 사업 미검색 - 국비 0으로 처리(산림청 직접집행 등 지자체 예산 외 경로 가능성 있음) / 예찰진단(산림병해충예찰방제단) 사업 미검색 - 국비 0으로 처리
2017,경상북도,안동시,3225625207.0,4749886000.0,67.91,1,[국]소나무재선충병 방제,274075000.0,548150000.0,50.0,2,[국]산림재해일자리 장기(산림병해충예찰방제단)(경상); [국]산림재해일자리 장기(산림병해충예찰방제단)(자본),3499700207.0,5298036000.0,66.06,3,99254.9,32498.4,35259.7,457737675.0,1066523118.0,0.0,"재정365 세부사업별세출현황(2016~2023, 지자체 예산현액 기준) 중 사업명에 '소나무재선충병/소나무재선충/재선충' 포함 사업 전체 합산; 산림면적_ha는 CH2_노출도_2016_2025.csv 인용",
2018,경상북도,안동시,3091532000.0,4404610000.0,70.19,1,[국]소나무재선충병 방제,84928000.0,169856000.0,50.0,2,[국]산림재해일자리 장기(산림병해충예찰방제단)(경상); [국]산림재해일자리 장기(산림병해충예찰방제단)(자본),3176460000.0,4574466000.0,69.44,3,99888.6,30949.8,31800.0,393922000.0,919156000.0,0.0,"재정365 세부사업별세출현황(2016~2023, 지자체 예산현액 기준) 중 사업명에 '소나무재선충병/소나무재선충/재선충' 포함 사업 전체 합산; 산림면적_ha는 CH2_노출도_2016_2025.csv 인용",
2019,경상북도,안동시,3022843900.0,4509849000.0,67.03,1,[국]소나무재선충병 방제,90216000.0,180432000.0,50.0,2,[국]산림재해일자리 장기(산림병해충예찰방제단)(경상); [국]산림재해일자리 장기(산림병해충예찰방제단)(자본),3113059900.0,4690281000.0,66.37,3,100526.4,30070.15,30967.6,446100230.0,1040904870.0,0.0,"재정365 세부사업별세출현황(2016~2023, 지자체 예산현액 기준) 중 사업명에 '소나무재선충병/소나무재선충/재선충' 포함 사업 전체 합산; 산림면적_ha는 CH2_노출도_2016_2025.csv 인용",
2020,경상북도,안동시,913119207.0,1433418030.0,63.7,2,[국]세계유산 보존관리(안동 하회마을 소나무재선충병 방제); [국]소나무재선충병 방제,137564000.0,275128000.0,50.0,2,[국]산림재해일자리 장기(산림병해충예찰방제단)(경상); [국]산림재해일자리 장기(산림병해충예찰방제단)(자본),1050683207.0,1708546030.0,61.5,4,101168.2,9025.75,10385.5,155811200.0,364487623.0,0.0,"재정365 세부사업별세출현황(2016~2023, 지자체 예산현액 기준) 중 사업명에 '소나무재선충병/소나무재선충/재선충' 포함 사업 전체 합산; 산림면적_ha는 CH2_노출도_2016_2025.csv 인용",
2021,경상북도,안동시,136264517.0,194950270.0,69.9,1,[국]세계유산 보존관리(안동 하회마을 소나무재선충병 방제),185246000.0,370492000.0,50.0,2,[국]산림재해일자리 장기(산림병해충예찰방제단)(경상); [국]산림재해일자리 장기(산림병해충예찰방제단)(자본),321510517.0,565442270.0,56.86,3,101814.1,1338.37,3157.8,17530148.0,41155605.0,0.0,"재정365 세부사업별세출현황(2016~2023, 지자체 예산현액 기준) 중 사업명에 '소나무재선충병/소나무재선충/재선충' 포함 사업 전체 합산; 산림면적_ha는 CH2_노출도_2016_2025.csv 인용",
2022,경상북도,안동시,0.0,0.0,,0,,187991000.0,375982000.0,50.0,2,[국]산림재해일자리 장기(산림병해충예찰방제단)(경상); [국]산림재해일자리 장기(산림병해충예찰방제단)(자본),187991000.0,375982000.0,50.0,2,102464.2,0.0,1834.7,0.0,0.0,0.0,"재정365 세부사업별세출현황(2016~2023, 지자체 예산현액 기준) 중 사업명에 '소나무재선충병/소나무재선충/재선충' 포함 사업 전체 합산; 산림면적_ha는 CH2_노출도_2016_2025.csv 인용",재선충 직접방제 사업 미검색 - 국비 0으로 처리(산림청 직접집행 등 지자체 예산 외 경로 가능성 있음)
2023,경상북도,안동시,70000000.0,100000000.0,70.0,1,[국]국가지정문화재 보수정비(안동 백운정 및 개호송숲 일원 소나무 재선충병 방제),150255000.0,300510000.0,50.0,2,[국]산림재해일자리 장기(산림병해충예찰방제단)(경상); [국]산림재해일자리 장기(산림병해충예찰방제단)(자본),220255000.0,400510000.0,54.99,3,103118.4,678.83,2135.9,15000000.0,15000000.0,0.0,"재정365 세부사업별세출현황(2016~2023, 지자체 예산현액 기준) 중 사업명에 '소나무재선충병/소나무재선충/재선충' 포함 사업 전체 합산; 산림면적_ha는 CH2_노출도_2016_2025.csv 인용",
2016,경상북도,영덕군,0.0,0.0,,0,,0.0,0.0,,0,,0.0,0.0,,0,57575.2,0.0,0.0,0.0,0.0,0.0,"재정365 세부사업별세출현황(2016~2023, 지자체 예산현액 기준) 중 사업명에 '소나무재선충병/소나무재선충/재선충' 포함 사업 전체 합산; 산림면적_ha는 CH2_노출도_2016_2025.csv 인용",재선충 직접방제 사업 미검색 - 국비 0으로 처리(산림청 직접집행 등 지자체 예산 외 경로 가능성 있음) / 예찰진단(산림병해충예찰방제단) 사업 미검색 - 국비 0으로 처리
2017,경상북도,영덕군,185211000.0,264586000.0,70.0,1,소나무재선충병방제(국고보조),0.0,0.0,,0,,185211000.0,264586000.0,70.0,1,57905.2,3198.52,3198.5,23812000.0,55563000.0,0.0,"재정365 세부사업별세출현황(2016~2023, 지자체 예산현액 기준) 중 사업명에 '소나무재선충병/소나무재선충/재선충' 포함 사업 전체 합산; 산림면적_ha는 CH2_노출도_2016_2025.csv 인용",예찰진단(산림병해충예찰방제단) 사업 미검색 - 국비 0으로 처리
2018,경상북도,영덕군,601604000.0,853829000.0,70.46,1,소나무재선충병방제(국고보조),0.0,0.0,,0,,601604000.0,853829000.0,70.46,1,58237.2,10330.24,10330.2,75666000.0,176559000.0,0.0,"재정365 세부사업별세출현황(2016~2023, 지자체 예산현액 기준) 중 사업명에 '소나무재선충병/소나무재선충/재선충' 포함 사업 전체 합산; 산림면적_ha는 CH2_노출도_2016_2025.csv 인용",예찰진단(산림병해충예찰방제단) 사업 미검색 - 국비 0으로 처리
2019,경상북도,영덕군,684674000.0,972972000.0,70.37,1,소나무재선충병방제(국고보조),0.0,0.0,,0,,684674000.0,972972000.0,70.37,1,58571.0,11689.64,11689.6,86489000.0,201809000.0,0.0,"재정365 세부사업별세출현황(2016~2023, 지자체 예산현액 기준) 중 사업명에 '소나무재선충병/소나무재선충/재선충' 포함 사업 전체 합산; 산림면적_ha는 CH2_노출도_2016_2025.csv 인용",예찰진단(산림병해충예찰방제단) 사업 미검색 - 국비 0으로 처리
2020,경상북도,영덕군,391513690.0,541217470.0,72.34,1,소나무재선충병방제(국고보조),0.0,0.0,,0,,391513690.0,541217470.0,72.34,1,58906.7,6646.34,6646.3,49330505.0,100373275.0,0.0,"재정365 세부사업별세출현황(2016~2023, 지자체 예산현액 기준) 중 사업명에 '소나무재선충병/소나무재선충/재선충' 포함 사업 전체 합산; 산림면적_ha는 CH2_노출도_2016_2025.csv 인용",예찰진단(산림병해충예찰방제단) 사업 미검색 - 국비 0으로 처리
2021,경상북도,영덕군,300923000.0,413239000.0,72.82,1,소나무재선충병방제(국고보조),0.0,0.0,,0,,300923000.0,413239000.0,72.82,1,59244.4,5079.35,5079.3,33693000.0,78623000.0,0.0,"재정365 세부사업별세출현황(2016~2023, 지자체 예산현액 기준) 중 사업명에 '소나무재선충병/소나무재선충/재선충' 포함 사업 전체 합산; 산림면적_ha는 CH2_노출도_2016_2025.csv 인용",예찰진단(산림병해충예찰방제단) 사업 미검색 - 국비 0으로 처리
2022,경상북도,영덕군,0.0,0.0,,0,,0.0,0.0,,0,,0.0,0.0,,0,59584.0,0.0,0.0,0.0,0.0,0.0,"재정365 세부사업별세출현황(2016~2023, 지자체 예산현액 기준) 중 사업명에 '소나무재선충병/소나무재선충/재선충' 포함 사업 전체 합산; 산림면적_ha는 CH2_노출도_2016_2025.csv 인용",재선충 직접방제 사업 미검색 - 국비 0으로 처리(산림청 직접집행 등 지자체 예산 외 경로 가능성 있음) / 예찰진단(산림병해충예찰방제단) 사업 미검색 - 국비 0으로 처리
2023,경상북도,영덕군,0.0,0.0,,0,,0.0,0.0,,0,,0.0,0.0,,0,59925.6,0.0,0.0,0.0,0.0,0.0,"재정365 세부사업별세출현황(2016~2023, 지자체 예산현액 기준) 중 사업명에 '소나무재선충병/소나무재선충/재선충' 포함 사업 전체 합산; 산림면적_ha는 CH2_노출도_2016_2025.csv 인용",재선충 직접방제 사업 미검색 - 국비 0으로 처리(산림청 직접집행 등 지자체 예산 외 경로 가능성 있음) / 예찰진단(산림병해충예찰방제단) 사업 미검색 - 국비 0으로 처리
2016,경상북도,울진군,0.0,0.0,,0,,0.0,0.0,,0,,0.0,0.0,,0,72462.4,0.0,0.0,0.0,0.0,0.0,"재정365 세부사업별세출현황(2016~2023, 지자체 예산현액 기준) 중 사업명에 '소나무재선충병/소나무재선충/재선충' 포함 사업 전체 합산; 산림면적_ha는 CH2_노출도_2016_2025.csv 인용",재선충 직접방제 사업 미검색 - 국비 0으로 처리(산림청 직접집행 등 지자체 예산 외 경로 가능성 있음) / 예찰진단(산림병해충예찰방제단) 사업 미검색 - 국비 0으로 처리
2017,경상북도,울진군,0.0,0.0,,0,,87580000.0,175160000.0,50.0,2,산림재해일자리 장기(산림병해충예찰방제단)(경상); 산림재해일자리 장기(산림병해충예찰방제단)(자본),87580000.0,175160000.0,50.0,2,73750.3,0.0,1187.5,0.0,0.0,0.0,"재정365 세부사업별세출현황(2016~2023, 지자체 예산현액 기준) 중 사업명에 '소나무재선충병/소나무재선충/재선충' 포함 사업 전체 합산; 산림면적_ha는 CH2_노출도_2016_2025.csv 인용",재선충 직접방제 사업 미검색 - 국비 0으로 처리(산림청 직접집행 등 지자체 예산 외 경로 가능성 있음)
2018,경상북도,울진군,0.0,0.0,,0,,42464000.0,84928000.0,50.0,2,산림재해일자리 장기(산림병해충예찰방제단)(경상); 산림재해일자리 장기(산림병해충예찰방제단)(자본),42464000.0,84928000.0,50.0,2,75061.1,0.0,565.7,0.0,0.0,0.0,"재정365 세부사업별세출현황(2016~2023, 지자체 예산현액 기준) 중 사업명에 '소나무재선충병/소나무재선충/재선충' 포함 사업 전체 합산; 산림면적_ha는 CH2_노출도_2016_2025.csv 인용",재선충 직접방제 사업 미검색 - 국비 0으로 처리(산림청 직접집행 등 지자체 예산 외 경로 가능성 있음)
2019,경상북도,울진군,0.0,0.0,,0,,45108000.0,90216000.0,50.0,2,산림재해일자리 장기(산림병해충예찰방제단)(경상); 산림재해일자리 장기(산림병해충예찰방제단)(자본),45108000.0,90216000.0,50.0,2,76395.2,0.0,590.5,0.0,0.0,0.0,"재정365 세부사업별세출현황(2016~2023, 지자체 예산현액 기준) 중 사업명에 '소나무재선충병/소나무재선충/재선충' 포함 사업 전체 합산; 산림면적_ha는 CH2_노출도_2016_2025.csv 인용",재선충 직접방제 사업 미검색 - 국비 0으로 처리(산림청 직접집행 등 지자체 예산 외 경로 가능성 있음)
2020,경상북도,울진군,215352000.0,746558000.0,28.85,2,산림병해충방제(재선충); 산림병해충방제(재선충/일반),0.0,0.0,,0,,215352000.0,746558000.0,28.85,2,77753.0,2769.69,2769.7,149712000.0,381494000.0,0.0,"재정365 세부사업별세출현황(2016~2023, 지자체 예산현액 기준) 중 사업명에 '소나무재선충병/소나무재선충/재선충' 포함 사업 전체 합산; 산림면적_ha는 CH2_노출도_2016_2025.csv 인용",예찰진단(산림병해충예찰방제단) 사업 미검색 - 국비 0으로 처리
2021,경상북도,울진군,305287000.0,611815000.0,49.9,2,산림병해충방제(재선충); 산림병해충방제(재선충/일반),0.0,0.0,,0,,305287000.0,611815000.0,49.9,2,79134.9,3857.8,3857.8,91959000.0,214569000.0,0.0,"재정365 세부사업별세출현황(2016~2023, 지자체 예산현액 기준) 중 사업명에 '소나무재선충병/소나무재선충/재선충' 포함 사업 전체 합산; 산림면적_ha는 CH2_노출도_2016_2025.csv 인용",예찰진단(산림병해충예찰방제단) 사업 미검색 - 국비 0으로 처리
2022,경상북도,울진군,222479242.0,442662000.0,50.26,2,산림병해충방제(재선충); 산림병해충방제(재선충/일반),0.0,0.0,,0,,222479242.0,442662000.0,50.26,2,80541.4,2762.3,2762.3,66062828.0,154119930.0,0.0,"재정365 세부사업별세출현황(2016~2023, 지자체 예산현액 기준) 중 사업명에 '소나무재선충병/소나무재선충/재선충' 포함 사업 전체 합산; 산림면적_ha는 CH2_노출도_2016_2025.csv 인용",예찰진단(산림병해충예찰방제단) 사업 미검색 - 국비 0으로 처리
2023,경상북도,울진군,142166000.0,333205000.0,42.67,3,산림병해충방제(재선충); 산림병해충방제(재선충/일반); 소나무재선충병방제,0.0,0.0,,0,,142166000.0,333205000.0,42.67,3,81972.9,1734.3,1734.3,57313000.0,133726000.0,0.0,"재정365 세부사업별세출현황(2016~2023, 지자체 예산현액 기준) 중 사업명에 '소나무재선충병/소나무재선충/재선충' 포함 사업 전체 합산; 산림면적_ha는 CH2_노출도_2016_2025.csv 인용",예찰진단(산림병해충예찰방제단) 사업 미검색 - 국비 0으로 처리
2016,전라남도,광양시,0.0,0.0,,0,,0.0,0.0,,0,,0.0,0.0,,0,26636.5,0.0,0.0,0.0,0.0,0.0,"재정365 세부사업별세출현황(2016~2023, 지자체 예산현액 기준) 중 사업명에 '소나무재선충병/소나무재선충/재선충' 포함 사업 전체 합산; 산림면적_ha는 CH2_노출도_2016_2025.csv 인용",재선충 직접방제 사업 미검색 - 국비 0으로 처리(산림청 직접집행 등 지자체 예산 외 경로 가능성 있음) / 예찰진단(산림병해충예찰방제단) 사업 미검색 - 국비 0으로 처리
2017,전라남도,광양시,324208000.0,470154000.0,68.96,1,소나무재선충병 방제,157952000.0,315890000.0,50.0,2,산림재해일자리 장기(산림병해충예찰방제단)경상; 산림재해일자리 장기(산림병해충예찰방제단)자본,482160000.0,786044000.0,61.34,3,26656.8,12162.3,18087.7,41684000.0,104262000.0,0.0,"재정365 세부사업별세출현황(2016~2023, 지자체 예산현액 기준) 중 사업명에 '소나무재선충병/소나무재선충/재선충' 포함 사업 전체 합산; 산림면적_ha는 CH2_노출도_2016_2025.csv 인용",
2018,전라남도,광양시,615541000.0,860507000.0,71.53,1,소나무재선충병 방제,62926000.0,125852000.0,50.0,2,산림재해일자리 장기(산림병해충예찰방제단)경상; 산림재해일자리 장기(산림병해충예찰방제단)자본,678467000.0,986359000.0,68.78,3,26677.2,23073.67,25432.5,73490000.0,171476000.0,0.0,"재정365 세부사업별세출현황(2016~2023, 지자체 예산현액 기준) 중 사업명에 '소나무재선충병/소나무재선충/재선충' 포함 사업 전체 합산; 산림면적_ha는 CH2_노출도_2016_2025.csv 인용",
2019,전라남도,광양시,569778530.0,1213975340.0,46.93,2,산림재해대책(소나무재선충병); 소나무재선충병 방제,46592000.0,93197000.0,49.99,2,산림재해일자리 장기(산림병해충예찰방제단)경상; 산림재해일자리 장기(산림병해충예찰방제단)자본,616370530.0,1307172340.0,47.15,4,26697.7,21341.86,23087.0,90163630.0,554033180.0,0.0,"재정365 세부사업별세출현황(2016~2023, 지자체 예산현액 기준) 중 사업명에 '소나무재선충병/소나무재선충/재선충' 포함 사업 전체 합산; 산림면적_ha는 CH2_노출도_2016_2025.csv 인용",
2020,전라남도,광양시,594763960.0,1078298000.0,55.16,3,산림재해대책(소나무재선충병); 소나무재선충병 방제; 소나무재선충병 방제(자본),68765000.0,137542000.0,50.0,2,산림재해일자리 장기(산림병해충예찰방제단)경상; 산림재해일자리 장기(산림병해충예찰방제단)자본,663528960.0,1215840000.0,54.57,5,26718.1,22260.71,24834.4,84316850.0,399217190.0,0.0,"재정365 세부사업별세출현황(2016~2023, 지자체 예산현액 기준) 중 사업명에 '소나무재선충병/소나무재선충/재선충' 포함 사업 전체 합산; 산림면적_ha는 CH2_노출도_2016_2025.csv 인용",
2021,전라남도,광양시,834412400.0,1358409000.0,61.43,2,소나무재선충병 긴급 방제; 소나무재선충병 방제,127186000.0,254372000.0,50.0,2,산림재해일자리 장기(산림병해충예찰방제단)경상; 산림재해일자리 장기(산림병해충예찰방제단)자본,961598400.0,1612781000.0,59.62,4,26738.6,31206.29,35962.9,133797800.0,390198800.0,0.0,"재정365 세부사업별세출현황(2016~2023, 지자체 예산현액 기준) 중 사업명에 '소나무재선충병/소나무재선충/재선충' 포함 사업 전체 합산; 산림면적_ha는 CH2_노출도_2016_2025.csv 인용",
2022,전라남도,광양시,751195560.0,1465204000.0,51.27,1,소나무재선충병 방제,93800000.0,187600000.0,50.0,2,산림재해일자리 장기(산림병해충예찰방제단)경상; 산림재해일자리 장기(산림병해충예찰방제단)자본,844995560.0,1652804000.0,51.12,3,26759.0,28072.63,31578.0,174467430.0,539541010.0,0.0,"재정365 세부사업별세출현황(2016~2023, 지자체 예산현액 기준) 중 사업명에 '소나무재선충병/소나무재선충/재선충' 포함 사업 전체 합산; 산림면적_ha는 CH2_노출도_2016_2025.csv 인용",
2023,전라남도,광양시,1067789440.0,1674004500.0,63.79,1,소나무재선충병 방제,99975000.0,199950000.0,50.0,2,산림재해일자리 장기(산림병해충예찰방제단)경상; 산림재해일자리 장기(산림병해충예찰방제단)자본,1167764440.0,1873954500.0,62.32,3,26779.5,39873.39,43606.7,145063160.0,461151900.0,0.0,"재정365 세부사업별세출현황(2016~2023, 지자체 예산현액 기준) 중 사업명에 '소나무재선충병/소나무재선충/재선충' 포함 사업 전체 합산; 산림면적_ha는 CH2_노출도_2016_2025.csv 인용",
2016,전라남도,순천시,0.0,0.0,,0,,0.0,0.0,,0,,0.0,0.0,,0,56930.4,0.0,0.0,0.0,0.0,0.0,"재정365 세부사업별세출현황(2016~2023, 지자체 예산현액 기준) 중 사업명에 '소나무재선충병/소나무재선충/재선충' 포함 사업 전체 합산; 산림면적_ha는 CH2_노출도_2016_2025.csv 인용",재선충 직접방제 사업 미검색 - 국비 0으로 처리(산림청 직접집행 등 지자체 예산 외 경로 가능성 있음) / 예찰진단(산림병해충예찰방제단) 사업 미검색 - 국비 0으로 처리
2017,전라남도,순천시,0.0,0.0,,0,,235276000.0,470652000.0,49.99,2,산림재해일자리 장기(산림병해충예찰방제단-경상); 산림재해일자리 장기(산림병해충예찰방제단-자본),235276000.0,470652000.0,49.99,2,56974.5,0.0,4129.5,0.0,0.0,0.0,"재정365 세부사업별세출현황(2016~2023, 지자체 예산현액 기준) 중 사업명에 '소나무재선충병/소나무재선충/재선충' 포함 사업 전체 합산; 산림면적_ha는 CH2_노출도_2016_2025.csv 인용",재선충 직접방제 사업 미검색 - 국비 0으로 처리(산림청 직접집행 등 지자체 예산 외 경로 가능성 있음)
2018,전라남도,순천시,0.0,0.0,,0,,62926000.0,125852000.0,50.0,2,산림재해일자리 장기(산림병해충예찰방제단-경상); 산림재해일자리 장기(산림병해충예찰방제단-자본),62926000.0,125852000.0,50.0,2,57018.6,0.0,1103.6,0.0,0.0,0.0,"재정365 세부사업별세출현황(2016~2023, 지자체 예산현액 기준) 중 사업명에 '소나무재선충병/소나무재선충/재선충' 포함 사업 전체 합산; 산림면적_ha는 CH2_노출도_2016_2025.csv 인용",재선충 직접방제 사업 미검색 - 국비 0으로 처리(산림청 직접집행 등 지자체 예산 외 경로 가능성 있음)
2019,전라남도,순천시,131373000.0,262746000.0,50.0,1,재해대책사업(소나무재선충병 방제),99344000.0,198684000.0,50.0,2,산림재해일자리 장기(산림병해충예찰방제단-경상); 산림재해일자리 장기(산림병해충예찰방제단-자본),230717000.0,461430000.0,50.0,3,57062.7,2302.26,4043.2,39412000.0,91961000.0,0.0,"재정365 세부사업별세출현황(2016~2023, 지자체 예산현액 기준) 중 사업명에 '소나무재선충병/소나무재선충/재선충' 포함 사업 전체 합산; 산림면적_ha는 CH2_노출도_2016_2025.csv 인용",
2020,전라남도,순천시,131373000.0,262746000.0,50.0,1,재해대책사업(소나무재선충병 방제),91690000.0,183384000.0,50.0,2,산림재해일자리 장기(산림병해충예찰방제단-경상); 산림재해일자리 장기(산림병해충예찰방제단-자본),223063000.0,446130000.0,50.0,3,57106.8,2300.48,3906.1,39412000.0,91961000.0,0.0,"재정365 세부사업별세출현황(2016~2023, 지자체 예산현액 기준) 중 사업명에 '소나무재선충병/소나무재선충/재선충' 포함 사업 전체 합산; 산림면적_ha는 CH2_노출도_2016_2025.csv 인용",
2021,전라남도,순천시,0.0,0.0,,0,,127186000.0,254372000.0,50.0,2,산림재해일자리 장기(산림병해충예찰방제단-경상); 산림재해일자리 장기(산림병해충예찰방제단-자본),127186000.0,254372000.0,50.0,2,57151.0,0.0,2225.4,0.0,0.0,0.0,"재정365 세부사업별세출현황(2016~2023, 지자체 예산현액 기준) 중 사업명에 '소나무재선충병/소나무재선충/재선충' 포함 사업 전체 합산; 산림면적_ha는 CH2_노출도_2016_2025.csv 인용",재선충 직접방제 사업 미검색 - 국비 0으로 처리(산림청 직접집행 등 지자체 예산 외 경로 가능성 있음)
2022,전라남도,순천시,127842000.0,555684000.0,23.01,2,산림재해대책비(재선충병); 소나무재선충병 훈증더미 제거사업,93800000.0,187600000.0,50.0,2,산림재해일자리 장기(산림병해충예찰방제단-경상); 산림재해일자리 장기(산림병해충예찰방제단-자본),221642000.0,743284000.0,29.82,4,57195.2,2235.19,3875.2,98353000.0,329489000.0,0.0,"재정365 세부사업별세출현황(2016~2023, 지자체 예산현액 기준) 중 사업명에 '소나무재선충병/소나무재선충/재선충' 포함 사업 전체 합산; 산림면적_ha는 CH2_노출도_2016_2025.csv 인용",
2023,전라남도,순천시,0.0,300000000.0,0.0,1,소나무재선충병 훈증더미 제거사업,99975000.0,199937000.0,50.0,2,산림재해일자리 장기(산림병해충예찰방제단-경상); 산림재해일자리 장기(산림병해충예찰방제단-자본),99975000.0,499937000.0,20.0,3,57239.5,0.0,1746.6,60000000.0,240000000.0,0.0,"재정365 세부사업별세출현황(2016~2023, 지자체 예산현액 기준) 중 사업명에 '소나무재선충병/소나무재선충/재선충' 포함 사업 전체 합산; 산림면적_ha는 CH2_노출도_2016_2025.csv 인용",
2016,전라남도,여수시,0.0,0.0,,0,,0.0,0.0,,0,,0.0,0.0,,0,26733.5,0.0,0.0,0.0,0.0,0.0,"재정365 세부사업별세출현황(2016~2023, 지자체 예산현액 기준) 중 사업명에 '소나무재선충병/소나무재선충/재선충' 포함 사업 전체 합산; 산림면적_ha는 CH2_노출도_2016_2025.csv 인용",재선충 직접방제 사업 미검색 - 국비 0으로 처리(산림청 직접집행 등 지자체 예산 외 경로 가능성 있음) / 예찰진단(산림병해충예찰방제단) 사업 미검색 - 국비 0으로 처리
2017,전라남도,여수시,187193000.0,265370000.0,70.54,1,소나무 재선충병 방제,149160000.0,298308000.0,50.0,2,산림재해일자리 장기(산림병해충예찰방제단 경상보조); 산림재해일자리 장기(산림병해충예찰방제단 자본보조),336353000.0,563678000.0,59.67,3,26754.8,6996.61,12571.7,23300000.0,54877000.0,0.0,"재정365 세부사업별세출현황(2016~2023, 지자체 예산현액 기준) 중 사업명에 '소나무재선충병/소나무재선충/재선충' 포함 사업 전체 합산; 산림면적_ha는 CH2_노출도_2016_2025.csv 인용",
2018,전라남도,여수시,0.0,0.0,,0,,62926000.0,125852000.0,50.0,2,산림재해일자리 장기(산림병해충예찰방제단 경상); 산림재해일자리 장기(산림병해충예찰방제단 자본),62926000.0,125852000.0,50.0,2,26776.0,0.0,2350.1,0.0,0.0,0.0,"재정365 세부사업별세출현황(2016~2023, 지자체 예산현액 기준) 중 사업명에 '소나무재선충병/소나무재선충/재선충' 포함 사업 전체 합산; 산림면적_ha는 CH2_노출도_2016_2025.csv 인용",재선충 직접방제 사업 미검색 - 국비 0으로 처리(산림청 직접집행 등 지자체 예산 외 경로 가능성 있음)
2019,전라남도,여수시,0.0,0.0,,0,,99343000.0,199097000.0,49.9,2,산림재해일자리 장기(산림병해충예찰방제단 경상); 산림재해일자리 장기(산림병해충예찰방제단 자본),99343000.0,199097000.0,49.9,2,26797.3,0.0,3707.2,0.0,0.0,0.0,"재정365 세부사업별세출현황(2016~2023, 지자체 예산현액 기준) 중 사업명에 '소나무재선충병/소나무재선충/재선충' 포함 사업 전체 합산; 산림면적_ha는 CH2_노출도_2016_2025.csv 인용",재선충 직접방제 사업 미검색 - 국비 0으로 처리(산림청 직접집행 등 지자체 예산 외 경로 가능성 있음)
2020,전라남도,여수시,0.0,0.0,,0,,114616000.0,358482000.0,31.97,2,산림재해일자리 장기(산림병해충예찰방제단 경상); 산림재해일자리 장기(산림병해충예찰방제단 자본),114616000.0,358482000.0,31.97,2,26818.6,0.0,4273.8,0.0,0.0,0.0,"재정365 세부사업별세출현황(2016~2023, 지자체 예산현액 기준) 중 사업명에 '소나무재선충병/소나무재선충/재선충' 포함 사업 전체 합산; 산림면적_ha는 CH2_노출도_2016_2025.csv 인용",재선충 직접방제 사업 미검색 - 국비 0으로 처리(산림청 직접집행 등 지자체 예산 외 경로 가능성 있음)
2021,전라남도,여수시,0.0,0.0,,0,,127186000.0,654607000.0,19.43,2,산림재해일자리 장기(산림병해충예찰방제단 경상); 산림재해일자리 장기(산림병해충예찰방제단 자본),127186000.0,654607000.0,19.43,2,26839.9,0.0,4738.7,0.0,0.0,0.0,"재정365 세부사업별세출현황(2016~2023, 지자체 예산현액 기준) 중 사업명에 '소나무재선충병/소나무재선충/재선충' 포함 사업 전체 합산; 산림면적_ha는 CH2_노출도_2016_2025.csv 인용",재선충 직접방제 사업 미검색 - 국비 0으로 처리(산림청 직접집행 등 지자체 예산 외 경로 가능성 있음)
2022,전라남도,여수시,246158000.0,1392316000.0,17.68,2,소나무재선충병 방제 사업(지자체); 소나무재선충병 방제(재해대책비),117245000.0,629932000.0,18.61,2,산림재해일자리 장기(산림병해충예찰방제단 경상); 산림재해일자리 장기(산림병해충예찰방제단 자본),363403000.0,2022248000.0,17.97,4,26861.3,9164.04,13528.9,73847000.0,1072311000.0,0.0,"재정365 세부사업별세출현황(2016~2023, 지자체 예산현액 기준) 중 사업명에 '소나무재선충병/소나무재선충/재선충' 포함 사업 전체 합산; 산림면적_ha는 CH2_노출도_2016_2025.csv 인용",
2023,전라남도,여수시,500000000.0,1000000000.0,50.0,1,산림재해대책비(소나무재선충병),99975000.0,595379000.0,16.79,2,산림재해일자리 장기(산림병해충예찰방제단 경상); 산림재해일자리 장기(산림병해충예찰방제단 자본),599975000.0,1595379000.0,37.61,3,26882.6,18599.39,22318.3,150000000.0,350000000.0,0.0,"재정365 세부사업별세출현황(2016~2023, 지자체 예산현액 기준) 중 사업명에 '소나무재선충병/소나무재선충/재선충' 포함 사업 전체 합산; 산림면적_ha는 CH2_노출도_2016_2025.csv 인용",
2016,전라북도,남원시,0.0,0.0,,0,,0.0,0.0,,0,,0.0,0.0,,0,41913.3,0.0,0.0,0.0,0.0,0.0,"재정365 세부사업별세출현황(2016~2023, 지자체 예산현액 기준) 중 사업명에 '소나무재선충병/소나무재선충/재선충' 포함 사업 전체 합산; 산림면적_ha는 CH2_노출도_2016_2025.csv 인용",재선충 직접방제 사업 미검색 - 국비 0으로 처리(산림청 직접집행 등 지자체 예산 외 경로 가능성 있음) / 예찰진단(산림병해충예찰방제단) 사업 미검색 - 국비 0으로 처리
2017,전라북도,남원시,0.0,0.0,,0,,120371000.0,240744000.0,50.0,2,산림재해일자리 장기(산림병해충예찰방제단)(지자체경상)(보조); 산림재해일자리 장기(산림병해충예찰방제단)(지자체자본)(보조),120371000.0,240744000.0,50.0,2,41945.3,0.0,2869.7,0.0,0.0,0.0,"재정365 세부사업별세출현황(2016~2023, 지자체 예산현액 기준) 중 사업명에 '소나무재선충병/소나무재선충/재선충' 포함 사업 전체 합산; 산림면적_ha는 CH2_노출도_2016_2025.csv 인용",재선충 직접방제 사업 미검색 - 국비 0으로 처리(산림청 직접집행 등 지자체 예산 외 경로 가능성 있음)
2018,전라북도,남원시,0.0,0.0,,0,,40341000.0,80681000.0,50.0,2,산림재해일자리 장기(산림병해충예찰방제단)(지자체경상)(보조); 산림재해일자리 장기(산림병해충예찰방제단)(지자체자본)(보조),40341000.0,80681000.0,50.0,2,41977.3,0.0,961.0,0.0,0.0,0.0,"재정365 세부사업별세출현황(2016~2023, 지자체 예산현액 기준) 중 사업명에 '소나무재선충병/소나무재선충/재선충' 포함 사업 전체 합산; 산림면적_ha는 CH2_노출도_2016_2025.csv 인용",재선충 직접방제 사업 미검색 - 국비 0으로 처리(산림청 직접집행 등 지자체 예산 외 경로 가능성 있음)
2019,전라북도,남원시,0.0,0.0,,0,,30448000.0,60896000.0,50.0,2,산림재해일자리 장기(산림병해충예찰방제단)(지자체경상)(보조); 산림재해일자리 장기(산림병해충예찰방제단)(지자체자본)(보조),30448000.0,60896000.0,50.0,2,42009.4,0.0,724.8,0.0,0.0,0.0,"재정365 세부사업별세출현황(2016~2023, 지자체 예산현액 기준) 중 사업명에 '소나무재선충병/소나무재선충/재선충' 포함 사업 전체 합산; 산림면적_ha는 CH2_노출도_2016_2025.csv 인용",재선충 직접방제 사업 미검색 - 국비 0으로 처리(산림청 직접집행 등 지자체 예산 외 경로 가능성 있음)
2020,전라북도,남원시,0.0,0.0,,0,,34391000.0,68782000.0,50.0,2,산림재해일자리 장기(산림병해충예찰방제단)(지자체경상)(보조); 산림재해일자리 장기(산림병해충예찰방제단)(지자체자본)(보조),34391000.0,68782000.0,50.0,2,42041.5,0.0,818.0,0.0,0.0,0.0,"재정365 세부사업별세출현황(2016~2023, 지자체 예산현액 기준) 중 사업명에 '소나무재선충병/소나무재선충/재선충' 포함 사업 전체 합산; 산림면적_ha는 CH2_노출도_2016_2025.csv 인용",재선충 직접방제 사업 미검색 - 국비 0으로 처리(산림청 직접집행 등 지자체 예산 외 경로 가능성 있음)
2021,전라북도,남원시,153832000.0,206667000.0,74.43,1,소나무재선충병 방제,40524000.0,81047000.0,50.0,2,산림재해일자리 장기(산림병해충예찰방제단)(지자체경상)(보조); 산림재해일자리 장기(산림병해충예찰방제단)(지자체자본)(보조),194356000.0,287714000.0,67.55,3,42073.5,3656.27,4619.4,15849000.0,36986000.0,0.0,"재정365 세부사업별세출현황(2016~2023, 지자체 예산현액 기준) 중 사업명에 '소나무재선충병/소나무재선충/재선충' 포함 사업 전체 합산; 산림면적_ha는 CH2_노출도_2016_2025.csv 인용",
2022,전라북도,남원시,94805000.0,127200000.0,74.53,1,소나무재선충병 방제,47024000.0,94048000.0,50.0,2,산림재해일자리 장기(산림병해충예찰방제단)(지자체경상)(보조); 산림재해일자리 장기(산림병해충예찰방제단)(지자체자본)(보조),141829000.0,221248000.0,64.1,3,42105.7,2251.6,3368.4,9737000.0,22658000.0,0.0,"재정365 세부사업별세출현황(2016~2023, 지자체 예산현액 기준) 중 사업명에 '소나무재선충병/소나무재선충/재선충' 포함 사업 전체 합산; 산림면적_ha는 CH2_노출도_2016_2025.csv 인용",
2023,전라북도,남원시,130361000.0,169943000.0,76.71,1,소나무재선충병 방제,50112000.0,100226000.0,50.0,2,산림재해일자리 장기(산림병해충예찰방제단)(지자체경상)(보조); 산림재해일자리 장기(산림병해충예찰방제단)(지자체자본)(보조),180473000.0,270169000.0,66.8,3,42137.8,3093.68,4282.9,11873000.0,27709000.0,0.0,"재정365 세부사업별세출현황(2016~2023, 지자체 예산현액 기준) 중 사업명에 '소나무재선충병/소나무재선충/재선충' 포함 사업 전체 합산; 산림면적_ha는 CH2_노출도_2016_2025.csv 인용",
2016,충청남도,공주시,0.0,0.0,,0,,87771000.0,175542000.0,50.0,1,산림병해충 예찰방제단,87771000.0,175542000.0,50.0,1,53995.6,0.0,1625.5,0.0,0.0,0.0,"재정365 세부사업별세출현황(2016~2023, 지자체 예산현액 기준) 중 사업명에 '소나무재선충병/소나무재선충/재선충' 포함 사업 전체 합산; 산림면적_ha는 CH2_노출도_2016_2025.csv 인용",재선충 직접방제 사업 미검색 - 국비 0으로 처리(산림청 직접집행 등 지자체 예산 외 경로 가능성 있음)
2017,충청남도,공주시,0.0,0.0,,0,,93248000.0,186496000.0,50.0,2,산림재해일자리 장기(산림병해충예찰방제단); 산림재해일자리 장기(산림병해충예찰방제단)-자본,93248000.0,186496000.0,50.0,2,53815.1,0.0,1732.7,0.0,0.0,0.0,"재정365 세부사업별세출현황(2016~2023, 지자체 예산현액 기준) 중 사업명에 '소나무재선충병/소나무재선충/재선충' 포함 사업 전체 합산; 산림면적_ha는 CH2_노출도_2016_2025.csv 인용",재선충 직접방제 사업 미검색 - 국비 0으로 처리(산림청 직접집행 등 지자체 예산 외 경로 가능성 있음)
2018,충청남도,공주시,0.0,0.0,,0,,21232000.0,42464000.0,50.0,2,산림재해일자리 장기(산림병해충예찰방제단); 산림재해일자리 장기(산림병해충예찰방제단)-자본,21232000.0,42464000.0,50.0,2,53635.1,0.0,395.9,0.0,0.0,0.0,"재정365 세부사업별세출현황(2016~2023, 지자체 예산현액 기준) 중 사업명에 '소나무재선충병/소나무재선충/재선충' 포함 사업 전체 합산; 산림면적_ha는 CH2_노출도_2016_2025.csv 인용",재선충 직접방제 사업 미검색 - 국비 0으로 처리(산림청 직접집행 등 지자체 예산 외 경로 가능성 있음)
2019,충청남도,공주시,0.0,0.0,,0,,22554000.0,45108000.0,50.0,2,산림재해일자리 장기(산림병해충예찰방제단); 산림재해일자리 장기(산림병해충예찰방제단)-자본,22554000.0,45108000.0,50.0,2,53455.8,0.0,421.9,0.0,0.0,0.0,"재정365 세부사업별세출현황(2016~2023, 지자체 예산현액 기준) 중 사업명에 '소나무재선충병/소나무재선충/재선충' 포함 사업 전체 합산; 산림면적_ha는 CH2_노출도_2016_2025.csv 인용",재선충 직접방제 사업 미검색 - 국비 0으로 처리(산림청 직접집행 등 지자체 예산 외 경로 가능성 있음)
2020,충청남도,공주시,0.0,100786000.0,0.0,1,소나무재선충병 방제,22927000.0,45854000.0,50.0,2,산림재해일자리 장기(산림병해충예찰방제단); 산림재해일자리 장기(산림병해충예찰방제단)-자본,22927000.0,146640000.0,15.63,3,53277.1,0.0,430.3,0.0,100786000.0,0.0,"재정365 세부사업별세출현황(2016~2023, 지자체 예산현액 기준) 중 사업명에 '소나무재선충병/소나무재선충/재선충' 포함 사업 전체 합산; 산림면적_ha는 CH2_노출도_2016_2025.csv 인용",
2021,충청남도,공주시,39043000.0,162745040.0,23.99,3,소나무재선충병 방제; 소나무재선충병 방제사업; 소나무재선충병 선단지 장기주사,29035000.0,58070000.0,50.0,2,산림재해일자리 장기(산림병해충예찰방제단); 산림재해일자리 장기(산림병해충예찰방제단)-자본,68078000.0,220815040.0,30.83,5,53098.9,735.29,1282.1,26306000.0,97396040.0,0.0,"재정365 세부사업별세출현황(2016~2023, 지자체 예산현액 기준) 중 사업명에 '소나무재선충병/소나무재선충/재선충' 포함 사업 전체 합산; 산림면적_ha는 CH2_노출도_2016_2025.csv 인용",
2022,충청남도,공주시,68438450.0,90126000.0,75.94,2,소나무재선충병 방제사업; 소나무재선충병 선단지 장기주사,35378000.0,70756000.0,50.0,2,산림재해일자리 장기(산림병해충예찰방제단); 산림재해일자리 장기(산림병해충예찰방제단)-자본,103816450.0,160882000.0,64.53,4,52921.4,1293.21,1961.7,6118090.0,15569460.0,0.0,"재정365 세부사업별세출현황(2016~2023, 지자체 예산현액 기준) 중 사업명에 '소나무재선충병/소나무재선충/재선충' 포함 사업 전체 합산; 산림면적_ha는 CH2_노출도_2016_2025.csv 인용",
2023,충청남도,공주시,23601000.0,28530000.0,82.72,1,산림병해충방제(소나무재선충병),37694000.0,75387000.0,50.0,2,산림재해일자리 장기(산림병해충예찰방제단)-경상; 산림재해일자리 장기(산림병해충예찰방제단)-자본,61295000.0,103917000.0,58.98,3,52744.4,447.46,1162.1,1479000.0,3450000.0,0.0,"재정365 세부사업별세출현황(2016~2023, 지자체 예산현액 기준) 중 사업명에 '소나무재선충병/소나무재선충/재선충' 포함 사업 전체 합산; 산림면적_ha는 CH2_노출도_2016_2025.csv 인용",
2016,충청남도,보령시,481880000.0,782633000.0,61.57,1,소나무재선충병방제(보조),0.0,0.0,,0,,481880000.0,782633000.0,61.57,1,28844.6,16706.07,16706.1,87048000.0,213705000.0,0.0,"재정365 세부사업별세출현황(2016~2023, 지자체 예산현액 기준) 중 사업명에 '소나무재선충병/소나무재선충/재선충' 포함 사업 전체 합산; 산림면적_ha는 CH2_노출도_2016_2025.csv 인용",예찰진단(산림병해충예찰방제단) 사업 미검색 - 국비 0으로 처리
2017,충청남도,보령시,348745810.0,494818904.0,70.48,1,소나무재선충병방제(보조),121839000.0,243677000.0,50.0,2,산림재해일자리 장기(산림병해충예찰방제단-경상); 산림재해일자리 장기(산림병해충예찰방제단-자본),470584810.0,738495904.0,63.72,3,28752.9,12129.07,16366.5,44130472.0,101942622.0,0.0,"재정365 세부사업별세출현황(2016~2023, 지자체 예산현액 기준) 중 사업명에 '소나무재선충병/소나무재선충/재선충' 포함 사업 전체 합산; 산림면적_ha는 CH2_노출도_2016_2025.csv 인용",
2018,충청남도,보령시,256438515.0,342061770.0,74.97,1,소나무재선충병방제(보조),53080000.0,106160000.0,50.0,2,산림재해일자리 장기(산림병해충예찰방제단-경상); 산림재해일자리 장기(산림병해충예찰방제단-자본),309518515.0,448221770.0,69.05,3,28661.6,8947.11,10799.1,25350995.0,60272260.0,0.0,"재정365 세부사업별세출현황(2016~2023, 지자체 예산현액 기준) 중 사업명에 '소나무재선충병/소나무재선충/재선충' 포함 사업 전체 합산; 산림면적_ha는 CH2_노출도_2016_2025.csv 인용",
2019,충청남도,보령시,213461520.0,284407110.0,75.05,1,소나무재선충병방제(보조),56385000.0,112770000.0,50.0,2,산림재해일자리 장기(산림병해충예찰방제단-경상); 산림재해일자리 장기(산림병해충예찰방제단-자본),269846520.0,397177110.0,67.94,3,28570.5,7471.4,9444.9,21193480.0,49752110.0,0.0,"재정365 세부사업별세출현황(2016~2023, 지자체 예산현액 기준) 중 사업명에 '소나무재선충병/소나무재선충/재선충' 포함 사업 전체 합산; 산림면적_ha는 CH2_노출도_2016_2025.csv 인용",
2020,충청남도,보령시,327896120.0,453484600.0,72.31,1,소나무재선충병방제,57318000.0,114637000.0,50.0,2,산림재해일자리 장기(산림병해충예찰방제단-경상); 산림재해일자리 장기(산림병해충예찰방제단-자본),385214120.0,568121600.0,67.8,3,28479.7,11513.33,13525.9,37690740.0,87897740.0,0.0,"재정365 세부사업별세출현황(2016~2023, 지자체 예산현액 기준) 중 사업명에 '소나무재선충병/소나무재선충/재선충' 포함 사업 전체 합산; 산림면적_ha는 CH2_노출도_2016_2025.csv 인용",
2021,충청남도,보령시,131322000.0,181621000.0,72.31,1,소나무재선충병방제,58069000.0,116137000.0,50.0,2,산림재해일자리 장기(산림병해충예찰방제단-경상); 산림재해일자리 장기(산림병해충예찰방제단-자본),189391000.0,297758000.0,63.61,3,28389.2,4625.77,6671.2,14196000.0,36103000.0,0.0,"재정365 세부사업별세출현황(2016~2023, 지자체 예산현액 기준) 중 사업명에 '소나무재선충병/소나무재선충/재선충' 포함 사업 전체 합산; 산림면적_ha는 CH2_노출도_2016_2025.csv 인용",
2022,충청남도,보령시,159449000.0,210624000.0,75.7,1,소나무재선충병방제,47171000.0,94343000.0,50.0,2,산림재해일자리 장기(산림병해충예찰방제단-경상); 산림재해일자리 장기(산림병해충예찰방제단-자본),206620000.0,304967000.0,67.75,3,28299.0,5634.44,7301.3,15341000.0,35834000.0,0.0,"재정365 세부사업별세출현황(2016~2023, 지자체 예산현액 기준) 중 사업명에 '소나무재선충병/소나무재선충/재선충' 포함 사업 전체 합산; 산림면적_ha는 CH2_노출도_2016_2025.csv 인용",
2023,충청남도,보령시,142234000.0,319090000.0,44.57,2,소나무재선충병방제; 소나무재선충병방제(자체),50258000.0,100517000.0,50.0,2,산림재해일자리 장기(산림병해충예찰방제단-경상); 산림재해일자리 장기(산림병해충예찰방제단-자본),192492000.0,419607000.0,45.87,4,28209.1,5042.13,6823.8,14056000.0,162800000.0,0.0,"재정365 세부사업별세출현황(2016~2023, 지자체 예산현액 기준) 중 사업명에 '소나무재선충병/소나무재선충/재선충' 포함 사업 전체 합산; 산림면적_ha는 CH2_노출도_2016_2025.csv 인용",
2016,충청남도,서산시,0.0,0.0,,0,,0.0,0.0,,0,,0.0,0.0,,0,24932.2,0.0,0.0,0.0,0.0,0.0,"재정365 세부사업별세출현황(2016~2023, 지자체 예산현액 기준) 중 사업명에 '소나무재선충병/소나무재선충/재선충' 포함 사업 전체 합산; 산림면적_ha는 CH2_노출도_2016_2025.csv 인용",재선충 직접방제 사업 미검색 - 국비 0으로 처리(산림청 직접집행 등 지자체 예산 외 경로 가능성 있음) / 예찰진단(산림병해충예찰방제단) 사업 미검색 - 국비 0으로 처리
2017,충청남도,서산시,0.0,0.0,,0,,0.0,0.0,,0,,0.0,0.0,,0,24364.0,0.0,0.0,0.0,0.0,0.0,"재정365 세부사업별세출현황(2016~2023, 지자체 예산현액 기준) 중 사업명에 '소나무재선충병/소나무재선충/재선충' 포함 사업 전체 합산; 산림면적_ha는 CH2_노출도_2016_2025.csv 인용",재선충 직접방제 사업 미검색 - 국비 0으로 처리(산림청 직접집행 등 지자체 예산 외 경로 가능성 있음) / 예찰진단(산림병해충예찰방제단) 사업 미검색 - 국비 0으로 처리
2018,충청남도,서산시,0.0,96490000.0,0.0,1,소나무재선충병 예방나무주사사업,0.0,0.0,,1,산림병해충예찰방제단(자본),0.0,96490000.0,0.0,2,23808.9,0.0,0.0,28947000.0,67543000.0,0.0,"재정365 세부사업별세출현황(2016~2023, 지자체 예산현액 기준) 중 사업명에 '소나무재선충병/소나무재선충/재선충' 포함 사업 전체 합산; 산림면적_ha는 CH2_노출도_2016_2025.csv 인용",예찰진단 매칭 1건이나 국비/총사업비 0원으로 기록됨(원자료 확인 필요)
2019,충청남도,서산시,0.0,96490000.0,0.0,1,소나무재선충병 예방나무주사사업,0.0,0.0,,0,,0.0,96490000.0,0.0,1,23266.4,0.0,0.0,28947000.0,67543000.0,0.0,"재정365 세부사업별세출현황(2016~2023, 지자체 예산현액 기준) 중 사업명에 '소나무재선충병/소나무재선충/재선충' 포함 사업 전체 합산; 산림면적_ha는 CH2_노출도_2016_2025.csv 인용",예찰진단(산림병해충예찰방제단) 사업 미검색 - 국비 0으로 처리
2020,충청남도,서산시,131000000.0,459618000.0,28.5,3,소나무 재선충병 긴급 방제사업; 소나무 재선충병 방제사업; 소나무재선충병 예방나무주사사업,0.0,0.0,,0,,131000000.0,459618000.0,28.5,3,22736.2,5761.74,5761.7,45792000.0,282826000.0,0.0,"재정365 세부사업별세출현황(2016~2023, 지자체 예산현액 기준) 중 사업명에 '소나무재선충병/소나무재선충/재선충' 포함 사업 전체 합산; 산림면적_ha는 CH2_노출도_2016_2025.csv 인용",예찰진단(산림병해충예찰방제단) 사업 미검색 - 국비 0으로 처리
2021,충청남도,서산시,161137766.0,512009000.0,31.47,3,소나무재선충병 방제사업; 소나무재선충병 선단지 예방나무주사사업(도비보조); 소나무재선충병 예방나무주사사업,1155000.0,2310000.0,50.0,1,산림병해충예찰방제단(자본),162292766.0,514319000.0,31.55,4,22218.1,7252.54,7304.5,110880120.0,239991114.0,0.0,"재정365 세부사업별세출현황(2016~2023, 지자체 예산현액 기준) 중 사업명에 '소나무재선충병/소나무재선충/재선충' 포함 사업 전체 합산; 산림면적_ha는 CH2_노출도_2016_2025.csv 인용",
2022,충청남도,서산시,31161000.0,219278000.0,14.21,2,소나무재선충병 방제사업; 소나무재선충병 예방나무주사사업,35446000.0,70892000.0,50.0,2,산림병해충예찰방제단(경상); 산림병해충예찰방제단(자본),66607000.0,290170000.0,22.95,4,21711.8,1435.21,3067.8,23435000.0,164682000.0,0.0,"재정365 세부사업별세출현황(2016~2023, 지자체 예산현액 기준) 중 사업명에 '소나무재선충병/소나무재선충/재선충' 포함 사업 전체 합산; 산림면적_ha는 CH2_노출도_2016_2025.csv 인용",
2023,충청남도,서산시,112569000.0,606627000.0,18.56,2,소나무재선충병 방제사업; 소나무재선충병 예방나무주사사업,25129000.0,50258000.0,50.0,2,산림병해충예찰방제단(경상); 산림병해충예찰방제단(자본),137698000.0,656885000.0,20.96,4,21217.1,5305.58,6490.0,148218000.0,345840000.0,0.0,"재정365 세부사업별세출현황(2016~2023, 지자체 예산현액 기준) 중 사업명에 '소나무재선충병/소나무재선충/재선충' 포함 사업 전체 합산; 산림면적_ha는 CH2_노출도_2016_2025.csv 인용",
2016,충청남도,태안군,0.0,0.0,,0,,0.0,0.0,,0,,0.0,0.0,,0,17642.0,0.0,0.0,0.0,0.0,0.0,"재정365 세부사업별세출현황(2016~2023, 지자체 예산현액 기준) 중 사업명에 '소나무재선충병/소나무재선충/재선충' 포함 사업 전체 합산; 산림면적_ha는 CH2_노출도_2016_2025.csv 인용",재선충 직접방제 사업 미검색 - 국비 0으로 처리(산림청 직접집행 등 지자체 예산 외 경로 가능성 있음) / 예찰진단(산림병해충예찰방제단) 사업 미검색 - 국비 0으로 처리
2017,충청남도,태안군,0.0,0.0,,0,,0.0,0.0,,0,,0.0,0.0,,0,17600.1,0.0,0.0,0.0,0.0,0.0,"재정365 세부사업별세출현황(2016~2023, 지자체 예산현액 기준) 중 사업명에 '소나무재선충병/소나무재선충/재선충' 포함 사업 전체 합산; 산림면적_ha는 CH2_노출도_2016_2025.csv 인용",재선충 직접방제 사업 미검색 - 국비 0으로 처리(산림청 직접집행 등 지자체 예산 외 경로 가능성 있음) / 예찰진단(산림병해충예찰방제단) 사업 미검색 - 국비 0으로 처리
2018,충청남도,태안군,0.0,0.0,,0,,0.0,0.0,,0,,0.0,0.0,,0,17558.4,0.0,0.0,0.0,0.0,0.0,"재정365 세부사업별세출현황(2016~2023, 지자체 예산현액 기준) 중 사업명에 '소나무재선충병/소나무재선충/재선충' 포함 사업 전체 합산; 산림면적_ha는 CH2_노출도_2016_2025.csv 인용",재선충 직접방제 사업 미검색 - 국비 0으로 처리(산림청 직접집행 등 지자체 예산 외 경로 가능성 있음) / 예찰진단(산림병해충예찰방제단) 사업 미검색 - 국비 0으로 처리
2019,충청남도,태안군,228025000.0,668626000.0,34.1,4,산림재해대책비(재선충); 소나무 재선충 방제사업; 소나무 재선충병 나무주사 사업; 소나무재선충병 확산방지,0.0,0.0,,1,산림병해충예찰방제단,228025000.0,668626000.0,34.1,5,17516.7,13017.58,13017.6,45911000.0,394690000.0,0.0,"재정365 세부사업별세출현황(2016~2023, 지자체 예산현액 기준) 중 사업명에 '소나무재선충병/소나무재선충/재선충' 포함 사업 전체 합산; 산림면적_ha는 CH2_노출도_2016_2025.csv 인용",예찰진단 매칭 1건이나 국비/총사업비 0원으로 기록됨(원자료 확인 필요)
2020,충청남도,태안군,246844500.0,1025218000.0,24.08,4,산림재해대책비(재선충); 소나무 재선충 방제사업; 소나무 재선충병 나무주사 사업; 소나무재선충 방제사업(드론),0.0,0.0,,0,,246844500.0,1025218000.0,24.08,4,17475.1,14125.5,14125.5,217710000.0,560663500.0,0.0,"재정365 세부사업별세출현황(2016~2023, 지자체 예산현액 기준) 중 사업명에 '소나무재선충병/소나무재선충/재선충' 포함 사업 전체 합산; 산림면적_ha는 CH2_노출도_2016_2025.csv 인용",예찰진단(산림병해충예찰방제단) 사업 미검색 - 국비 0으로 처리
2021,충청남도,태안군,292066010.0,1013307000.0,28.82,2,소나무 재선충 방제사업; 소나무재선충 방제사업(드론),0.0,0.0,,0,,292066010.0,1013307000.0,28.82,2,17433.7,16752.96,16753.0,215477600.0,505763390.0,0.0,"재정365 세부사업별세출현황(2016~2023, 지자체 예산현액 기준) 중 사업명에 '소나무재선충병/소나무재선충/재선충' 포함 사업 전체 합산; 산림면적_ha는 CH2_노출도_2016_2025.csv 인용",예찰진단(산림병해충예찰방제단) 사업 미검색 - 국비 0으로 처리
2022,충청남도,태안군,216928000.0,893953000.0,24.27,2,소나무 재선충 방제; 소나무재선충 방제(피해고사목 방제),0.0,0.0,,0,,216928000.0,893953000.0,24.27,2,17392.3,12472.65,12472.6,203096000.0,473929000.0,0.0,"재정365 세부사업별세출현황(2016~2023, 지자체 예산현액 기준) 중 사업명에 '소나무재선충병/소나무재선충/재선충' 포함 사업 전체 합산; 산림면적_ha는 CH2_노출도_2016_2025.csv 인용",예찰진단(산림병해충예찰방제단) 사업 미검색 - 국비 0으로 처리
2023,충청남도,태안군,516046000.0,1338949000.0,38.54,3,소나무 재선충 방제; 소나무재선충 방제(피해고사목 방제); 소나무재선충 시료채취도구,0.0,0.0,,0,,516046000.0,1338949000.0,38.54,3,17351.0,29741.57,29741.6,242142000.0,580761000.0,0.0,"재정365 세부사업별세출현황(2016~2023, 지자체 예산현액 기준) 중 사업명에 '소나무재선충병/소나무재선충/재선충' 포함 사업 전체 합산; 산림면적_ha는 CH2_노출도_2016_2025.csv 인용",예찰진단(산림병해충예찰방제단) 사업 미검색 - 국비 0으로 처리
2016,충청북도,보은군,0.0,13063000.0,0.0,1,소나무재선충병 예찰조사원,0.0,0.0,,0,,0.0,13063000.0,0.0,1,36950.5,0.0,0.0,1306000.0,11757000.0,0.0,"재정365 세부사업별세출현황(2016~2023, 지자체 예산현액 기준) 중 사업명에 '소나무재선충병/소나무재선충/재선충' 포함 사업 전체 합산; 산림면적_ha는 CH2_노출도_2016_2025.csv 인용",예찰진단(산림병해충예찰방제단) 사업 미검색 - 국비 0으로 처리
2017,충청북도,보은군,0.0,14235000.0,0.0,1,소나무재선충병 예찰조사원,81318000.0,162636000.0,50.0,2,산림병해충 예찰 방제단; 산림병해충 예찰 방제단 장비구입,81318000.0,176871000.0,45.98,3,37040.0,0.0,2195.4,1423000.0,12812000.0,0.0,"재정365 세부사업별세출현황(2016~2023, 지자체 예산현액 기준) 중 사업명에 '소나무재선충병/소나무재선충/재선충' 포함 사업 전체 합산; 산림면적_ha는 CH2_노출도_2016_2025.csv 인용",
2018,충청북도,보은군,0.0,16500000.0,0.0,1,소나무재선충병 예찰조사원,35500000.0,71000000.0,50.0,2,산림병해충 예찰 방제단; 산림병해충 예찰 방제단 장비구입,35500000.0,87500000.0,40.57,3,37129.8,0.0,956.1,1650000.0,14850000.0,0.0,"재정365 세부사업별세출현황(2016~2023, 지자체 예산현액 기준) 중 사업명에 '소나무재선충병/소나무재선충/재선충' 포함 사업 전체 합산; 산림면적_ha는 CH2_노출도_2016_2025.csv 인용",
2019,충청북도,보은군,0.0,18010000.0,0.0,1,소나무재선충병 예찰조사원,37700000.0,75400000.0,50.0,2,산림병해충 예찰 방제단; 산림병해충 예찰 방제단 장비구입,37700000.0,93410000.0,40.36,3,37219.8,0.0,1012.9,1801000.0,16209000.0,0.0,"재정365 세부사업별세출현황(2016~2023, 지자체 예산현액 기준) 중 사업명에 '소나무재선충병/소나무재선충/재선충' 포함 사업 전체 합산; 산림면적_ha는 CH2_노출도_2016_2025.csv 인용",
2020,충청북도,보은군,0.0,20017000.0,0.0,1,소나무재선충병 예찰조사원,38329000.0,76658000.0,50.0,2,산림병해충 예찰 방제단; 산림병해충 예찰 방제단 장비구입,38329000.0,96675000.0,39.65,3,37310.1,0.0,1027.3,6005000.0,14012000.0,0.0,"재정365 세부사업별세출현황(2016~2023, 지자체 예산현액 기준) 중 사업명에 '소나무재선충병/소나무재선충/재선충' 포함 사업 전체 합산; 산림면적_ha는 CH2_노출도_2016_2025.csv 인용",
2021,충청북도,보은군,0.0,22391000.0,0.0,1,소나무재선충병 예찰조사원,38740000.0,77480000.0,50.0,2,산림병해충 예찰 방제단; 산림병해충 예찰 방제단 장비구입,38740000.0,99871000.0,38.79,3,37400.5,0.0,1035.8,6260000.0,16131000.0,0.0,"재정365 세부사업별세출현황(2016~2023, 지자체 예산현액 기준) 중 사업명에 '소나무재선충병/소나무재선충/재선충' 포함 사업 전체 합산; 산림면적_ha는 CH2_노출도_2016_2025.csv 인용",
2022,충청북도,보은군,0.0,23479000.0,0.0,1,소나무재선충병 예찰조사원,43385000.0,86771000.0,50.0,2,산림병해충 예찰 방제단; 산림병해충 예찰 방제단 장비구입,43385000.0,110250000.0,39.35,3,37491.2,0.0,1157.2,7043000.0,16436000.0,0.0,"재정365 세부사업별세출현황(2016~2023, 지자체 예산현액 기준) 중 사업명에 '소나무재선충병/소나무재선충/재선충' 포함 사업 전체 합산; 산림면적_ha는 CH2_노출도_2016_2025.csv 인용",
2023,충청북도,보은군,0.0,21053000.0,0.0,1,소나무재선충병 예찰조사원,46321000.0,92640000.0,50.0,2,산림병해충 예찰 방제단; 산림병해충 예찰 방제단 장비구입,46321000.0,113693000.0,40.74,3,37582.0,0.0,1232.5,6316000.0,14737000.0,0.0,"재정365 세부사업별세출현황(2016~2023, 지자체 예산현액 기준) 중 사업명에 '소나무재선충병/소나무재선충/재선충' 포함 사업 전체 합산; 산림면적_ha는 CH2_노출도_2016_2025.csv 인용",
