연도,시도,시군구,피해본수_당해연도,전년도_피해본수,행정구역면적_ha,피해밀도_본per ha,최근3년_피해증가율(%),연속발생연수,인접시군_피해밀도_본per ha,인접시군_산정방식,소나무류_면적_ha,산림면적_ha,소나무류_면적비율(%),소나무류_면적_산정방식,최근감염목과의_거리_km,집단발생여부,데이터유형
2016,강원도,삼척시,320,199,118585.99999999999,0.0027,,1,0.0154,SGIS실제인접,39389.1,102726.3,38.34,외삽(2019/2025 실측 anchor),250.85,0,공식통계 기반(2023 스냅샷 비중 고정)
2017,강원도,삼척시,480,320,118585.99999999999,0.004,,1,0.0225,SGIS실제인접,39233.9,102581.7,38.25,외삽(2019/2025 실측 anchor),177.32,0,공식통계 기반(2023 스냅샷 비중 고정)
2018,강원도,삼척시,827,480,118585.99999999999,0.007,,2,0.0339,SGIS실제인접,39079.3,102437.4,38.15,외삽(2019/2025 실측 anchor),177.32,0,공식통계 기반(2023 스냅샷 비중 고정)
2019,강원도,삼척시,1387,827,118585.99999999999,0.0117,63.32,3,0.0455,SGIS실제인접,38925.3,102293.2,38.05,실측(임상도overlay),177.32,0,공식통계 기반(2023 스냅샷 비중 고정)
2020,강원도,삼척시,1227,1387,118585.99999999999,0.0103,42.81,4,0.0415,SGIS실제인접,38772.0,102149.2,37.96,보간(2019/2025 실측 anchor),177.32,0,공식통계 기반(2023 스냅샷 비중 고정)
2021,강원도,삼척시,1040,1227,118585.99999999999,0.0088,13.66,5,0.0355,SGIS실제인접,38619.2,102005.4,37.86,보간(2019/2025 실측 anchor),177.32,0,공식통계 기반(2023 스냅샷 비중 고정)
2022,강원도,삼척시,907,1040,118585.99999999999,0.0076,-13.19,6,0.0309,SGIS실제인접,38467.1,101861.8,37.76,보간(2019/2025 실측 anchor),177.32,0,공식통계 기반(2023 스냅샷 비중 고정)
2023,강원도,삼척시,800,907,118585.99999999999,0.0067,-13.27,7,0.0282,SGIS실제인접,38315.5,101718.5,37.67,보간(2019/2025 실측 anchor),177.32,0,공식통계 기반(2023 스냅샷 비중 고정)
2024,강원도,삼척시,702,800,118585.99999999999,0.0059,-12.29,8,0.0251,SGIS실제인접,38164.5,101575.3,37.57,보간(2019/2025 실측 anchor),177.32,0,추정(최근추세 외삽)
2025,강원도,삼척시,615,702,118585.99999999999,0.0052,-12.12,9,0.0224,SGIS실제인접,38014.2,101432.3,37.48,실측(임상도overlay),177.32,0,추정(최근추세 외삽)
2016,경기도,안성시,452,289,55340.0,0.0082,,1,0.044,SGIS실제인접,1369.4,21441.7,6.39,"외삽(2025 실측 anchor + 타시군 평균 증감률, 2019 임상도 없음)",234.54,0,공식통계 기반(2023 스냅샷 비중 고정)
2017,경기도,안성시,654,452,55340.0,0.0118,,2,0.0619,SGIS실제인접,1369.6,21434.9,6.39,"외삽(2025 실측 anchor + 타시군 평균 증감률, 2019 임상도 없음)",215.99,0,공식통계 기반(2023 스냅샷 비중 고정)
2018,경기도,안성시,1093,654,55340.0,0.0198,,3,0.0947,SGIS실제인접,1369.7,21428.2,6.39,"외삽(2025 실측 anchor + 타시군 평균 증감률, 2019 임상도 없음)",215.99,0,공식통계 기반(2023 스냅샷 비중 고정)
2019,경기도,안성시,1723,1093,55340.0,0.0311,56.54,4,0.1233,SGIS실제인접,1369.9,21421.4,6.39,"외삽(2025 실측 anchor + 타시군 평균 증감률, 2019 임상도 없음)",215.99,0,공식통계 기반(2023 스냅샷 비중 고정)
2020,경기도,안성시,1521,1723,55340.0,0.0275,37.72,5,0.1088,SGIS실제인접,1370.0,21414.6,6.4,"외삽(2025 실측 anchor + 타시군 평균 증감률, 2019 임상도 없음)",215.99,0,공식통계 기반(2023 스냅샷 비중 고정)
2021,경기도,안성시,1307,1521,55340.0,0.0236,10.61,6,0.0927,SGIS실제인접,1370.2,21407.8,6.4,"외삽(2025 실측 anchor + 타시군 평균 증감률, 2019 임상도 없음)",215.99,0,공식통계 기반(2023 스냅샷 비중 고정)
2022,경기도,안성시,1141,1307,55340.0,0.0206,-12.84,7,0.0821,SGIS실제인접,1370.4,21401.0,6.4,"외삽(2025 실측 anchor + 타시군 평균 증감률, 2019 임상도 없음)",215.99,0,공식통계 기반(2023 스냅샷 비중 고정)
2023,경기도,안성시,1010,1141,55340.0,0.0183,-12.75,8,0.0756,SGIS실제인접,1370.5,21394.3,6.41,"외삽(2025 실측 anchor + 타시군 평균 증감률, 2019 임상도 없음)",215.99,0,공식통계 기반(2023 스냅샷 비중 고정)
2024,경기도,안성시,888,1010,55340.0,0.016,-12.09,9,0.0683,SGIS실제인접,1370.7,21387.5,6.41,"외삽(2025 실측 anchor + 타시군 평균 증감률, 2019 임상도 없음)",215.99,0,추정(최근추세 외삽)
2025,경기도,안성시,780,888,55340.0,0.0141,-11.88,10,0.0617,SGIS실제인접,1370.8,21380.7,6.41,실측(임상도overlay),215.99,0,추정(최근추세 외삽)
2016,경기도,파주시,521,334,67278.0,0.0077,,1,0.0275,centroid근접(대체),150.4,6791.2,2.21,"외삽(2025 실측 anchor + 타시군 평균 증감률, 2019 임상도 없음)",328.74,0,공식통계 기반(2023 스냅샷 비중 고정)
2017,경기도,파주시,754,521,67278.0,0.0112,,2,0.0387,centroid근접(대체),150.4,6789.0,2.22,"외삽(2025 실측 anchor + 타시군 평균 증감률, 2019 임상도 없음)",303.49,0,공식통계 기반(2023 스냅샷 비중 고정)
2018,경기도,파주시,1261,754,67278.0,0.0187,,3,0.0596,centroid근접(대체),150.4,6786.9,2.22,"외삽(2025 실측 anchor + 타시군 평균 증감률, 2019 임상도 없음)",303.49,0,공식통계 기반(2023 스냅샷 비중 고정)
2019,경기도,파주시,1987,1261,67278.0,0.0295,56.54,4,0.079,centroid근접(대체),150.5,6784.7,2.22,"외삽(2025 실측 anchor + 타시군 평균 증감률, 2019 임상도 없음)",303.49,0,공식통계 기반(2023 스냅샷 비중 고정)
2020,경기도,파주시,1754,1987,67278.0,0.0261,37.72,5,0.0697,centroid근접(대체),150.5,6782.6,2.22,"외삽(2025 실측 anchor + 타시군 평균 증감률, 2019 임상도 없음)",303.49,0,공식통계 기반(2023 스냅샷 비중 고정)
2021,경기도,파주시,1508,1754,67278.0,0.0224,10.61,6,0.0595,centroid근접(대체),150.5,6780.4,2.22,"외삽(2025 실측 anchor + 타시군 평균 증감률, 2019 임상도 없음)",303.49,0,공식통계 기반(2023 스냅샷 비중 고정)
2022,경기도,파주시,1316,1508,67278.0,0.0196,-12.84,7,0.0526,centroid근접(대체),150.5,6778.3,2.22,"외삽(2025 실측 anchor + 타시군 평균 증감률, 2019 임상도 없음)",303.49,0,공식통계 기반(2023 스냅샷 비중 고정)
2023,경기도,파주시,1165,1316,67278.0,0.0173,-12.75,8,0.0482,centroid근접(대체),150.5,6776.1,2.22,"외삽(2025 실측 anchor + 타시군 평균 증감률, 2019 임상도 없음)",303.49,0,공식통계 기반(2023 스냅샷 비중 고정)
2024,경기도,파주시,1024,1165,67278.0,0.0152,-12.09,9,0.0435,centroid근접(대체),150.5,6774.0,2.22,"외삽(2025 실측 anchor + 타시군 평균 증감률, 2019 임상도 없음)",303.49,0,추정(최근추세 외삽)
2025,경기도,파주시,900,1024,67278.0,0.0134,-11.88,10,0.0392,centroid근접(대체),150.6,6771.8,2.22,실측(임상도overlay),303.49,0,추정(최근추세 외삽)
2016,경상남도,거제시,5407,3834,40386.0,0.1339,,4,0.1122,centroid근접(대체),12084.7,27093.2,44.6,외삽(2019/2025 실측 anchor),39.08,1,공식통계 기반(2023 스냅샷 비중 고정)
2017,경상남도,거제시,6991,5407,40386.0,0.1731,,5,0.1451,centroid근접(대체),12053.1,27050.4,44.56,외삽(2019/2025 실측 anchor),121.52,1,공식통계 기반(2023 스냅샷 비중 고정)
2018,경상남도,거제시,10677,6991,40386.0,0.2644,,6,0.2216,centroid근접(대체),12021.6,27007.6,44.51,외삽(2019/2025 실측 anchor),121.52,1,공식통계 기반(2023 스냅샷 비중 고정)
2019,경상남도,거제시,14411,10677,40386.0,0.3568,39.0,7,0.2991,centroid근접(대체),11990.1,26964.9,44.47,실측(임상도overlay),121.52,1,공식통계 기반(2023 스냅샷 비중 고정)
2020,경상남도,거제시,12594,14411,40386.0,0.3118,25.03,8,0.2614,centroid근접(대체),11958.7,26922.3,44.42,보간(2019/2025 실측 anchor),121.52,1,공식통계 기반(2023 스냅샷 비중 고정)
2021,경상남도,거제시,11035,12594,40386.0,0.2732,3.33,9,0.229,centroid근접(대체),11927.5,26879.7,44.37,보간(2019/2025 실측 anchor),121.52,1,공식통계 기반(2023 스냅샷 비중 고정)
2022,경상남도,거제시,9600,11035,40386.0,0.2377,-12.66,10,0.1992,centroid근접(대체),11896.2,26837.2,44.33,보간(2019/2025 실측 anchor),121.52,1,공식통계 기반(2023 스냅샷 비중 고정)
2023,경상남도,거제시,8770,9600,40386.0,0.2172,-11.34,11,0.182,centroid근접(대체),11865.1,26794.8,44.28,보간(2019/2025 실측 anchor),121.52,1,공식통계 기반(2023 스냅샷 비중 고정)
2024,경상남도,거제시,7821,8770,40386.0,0.1936,-10.83,12,0.1623,centroid근접(대체),11834.1,26752.5,44.24,보간(2019/2025 실측 anchor),121.52,1,추정(최근추세 외삽)
2025,경상남도,거제시,6974,7821,40386.0,0.1727,-10.1,13,0.1447,centroid근접(대체),11803.1,26710.2,44.19,실측(임상도overlay),121.52,1,추정(최근추세 외삽)
2016,경상남도,김해시,4537,3218,46330.0,0.0979,,2,0.0658,SGIS실제인접,7615.0,20805.9,36.6,외삽(2019/2025 실측 anchor),18.89,1,공식통계 기반(2023 스냅샷 비중 고정)
2017,경상남도,김해시,5867,4537,46330.0,0.1266,,3,0.0851,SGIS실제인접,7572.6,20749.9,36.49,외삽(2019/2025 실측 anchor),76.12,1,공식통계 기반(2023 스냅샷 비중 고정)
2018,경상남도,김해시,8960,5867,46330.0,0.1934,,4,0.1299,SGIS실제인접,7530.4,20694.1,36.39,외삽(2019/2025 실측 anchor),76.12,1,공식통계 기반(2023 스냅샷 비중 고정)
2019,경상남도,김해시,12094,8960,46330.0,0.261,39.0,5,0.1753,SGIS실제인접,7488.5,20638.4,36.28,실측(임상도overlay),76.12,1,공식통계 기반(2023 스냅샷 비중 고정)
2020,경상남도,김해시,10569,12094,46330.0,0.2281,25.03,6,0.1532,SGIS실제인접,7446.8,20582.9,36.18,보간(2019/2025 실측 anchor),76.12,1,공식통계 기반(2023 스냅샷 비중 고정)
2021,경상남도,김해시,9261,10569,46330.0,0.1999,3.33,7,0.1343,SGIS실제인접,7405.3,20527.6,36.08,보간(2019/2025 실측 anchor),76.12,1,공식통계 기반(2023 스냅샷 비중 고정)
2022,경상남도,김해시,8056,9261,46330.0,0.1739,-12.66,8,0.1168,SGIS실제인접,7364.1,20472.4,35.97,보간(2019/2025 실측 anchor),76.12,1,공식통계 기반(2023 스냅샷 비중 고정)
2023,경상남도,김해시,7360,8056,46330.0,0.1589,-11.34,9,0.1067,SGIS실제인접,7323.1,20417.3,35.87,보간(2019/2025 실측 anchor),76.12,1,공식통계 기반(2023 스냅샷 비중 고정)
2024,경상남도,김해시,6563,7360,46330.0,0.1417,-10.83,10,0.0952,SGIS실제인접,7282.3,20362.4,35.76,보간(2019/2025 실측 anchor),76.12,1,추정(최근추세 외삽)
2025,경상남도,김해시,5853,6563,46330.0,0.1263,-10.1,11,0.0849,SGIS실제인접,7241.8,20307.6,35.66,실측(임상도overlay),76.12,1,추정(최근추세 외삽)
2016,경상남도,남해군,2108,1495,35762.0,0.059,,2,0.0505,centroid근접(대체),10420.7,22580.0,46.15,외삽(2019/2025 실측 anchor),83.89,1,공식통계 기반(2023 스냅샷 비중 고정)
2017,경상남도,남해군,2726,2108,35762.0,0.0762,,3,0.0675,centroid근접(대체),10400.6,22539.3,46.14,외삽(2019/2025 실측 anchor),165.56,1,공식통계 기반(2023 스냅샷 비중 고정)
2018,경상남도,남해군,4163,2726,35762.0,0.1164,,4,0.1042,centroid근접(대체),10380.6,22498.7,46.14,외삽(2019/2025 실측 anchor),165.56,1,공식통계 기반(2023 스냅샷 비중 고정)
2019,경상남도,남해군,5620,4163,35762.0,0.1571,39.0,5,0.1414,centroid근접(대체),10360.6,22458.2,46.13,실측(임상도overlay),165.56,1,공식통계 기반(2023 스냅샷 비중 고정)
2020,경상남도,남해군,4911,5620,35762.0,0.1373,25.03,6,0.1243,centroid근접(대체),10340.7,22417.7,46.13,보간(2019/2025 실측 anchor),165.56,1,공식통계 기반(2023 스냅샷 비중 고정)
2021,경상남도,남해군,4303,4911,35762.0,0.1203,3.33,7,0.1077,centroid근접(대체),10320.8,22377.3,46.12,보간(2019/2025 실측 anchor),165.56,1,공식통계 기반(2023 스냅샷 비중 고정)
2022,경상남도,남해군,3744,4303,35762.0,0.1047,-12.66,8,0.0945,centroid근접(대체),10300.9,22337.0,46.12,보간(2019/2025 실측 anchor),165.56,1,공식통계 기반(2023 스냅샷 비중 고정)
2023,경상남도,남해군,3420,3744,35762.0,0.0956,-11.34,9,0.0848,centroid근접(대체),10281.1,22296.7,46.11,보간(2019/2025 실측 anchor),165.56,1,공식통계 기반(2023 스냅샷 비중 고정)
2024,경상남도,남해군,3050,3420,35762.0,0.0853,-10.83,10,0.0753,centroid근접(대체),10261.3,22256.5,46.1,보간(2019/2025 실측 anchor),165.56,1,추정(최근추세 외삽)
2025,경상남도,남해군,2720,3050,35762.0,0.076,-10.1,11,0.0668,centroid근접(대체),10241.5,22216.4,46.1,실측(임상도overlay),165.56,1,추정(최근추세 외삽)
2016,경상남도,밀양시,3946,2798,79867.0,0.0494,,3,0.082,SGIS실제인접,19854.2,49008.3,40.51,외삽(2019/2025 실측 anchor),31.14,1,공식통계 기반(2023 스냅샷 비중 고정)
2017,경상남도,밀양시,5102,3946,79867.0,0.0639,,4,0.106,SGIS실제인접,19774.0,48943.6,40.4,외삽(2019/2025 실측 anchor),58.35,1,공식통계 기반(2023 스냅샷 비중 고정)
2018,경상남도,밀양시,7791,5102,79867.0,0.0976,,5,0.1618,SGIS실제인접,19694.1,48878.9,40.29,외삽(2019/2025 실측 anchor),58.35,1,공식통계 기반(2023 스냅샷 비중 고정)
2019,경상남도,밀양시,10517,7791,79867.0,0.1317,39.0,6,0.2185,SGIS실제인접,19614.4,48814.3,40.18,실측(임상도overlay),58.35,0,공식통계 기반(2023 스냅샷 비중 고정)
2020,경상남도,밀양시,9191,10517,79867.0,0.1151,25.03,7,0.1909,SGIS실제인접,19535.2,48749.8,40.07,보간(2019/2025 실측 anchor),58.35,0,공식통계 기반(2023 스냅샷 비중 고정)
2021,경상남도,밀양시,8053,9191,79867.0,0.1008,3.33,8,0.1673,SGIS실제인접,19456.2,48685.4,39.96,보간(2019/2025 실측 anchor),58.35,0,공식통계 기반(2023 스냅샷 비중 고정)
2022,경상남도,밀양시,7006,8053,79867.0,0.0877,-12.66,9,0.1455,SGIS실제인접,19377.6,48621.0,39.85,보간(2019/2025 실측 anchor),58.35,0,공식통계 기반(2023 스냅샷 비중 고정)
2023,경상남도,밀양시,6400,7006,79867.0,0.0801,-11.34,10,0.1329,SGIS실제인접,19299.2,48556.8,39.75,보간(2019/2025 실측 anchor),58.35,0,공식통계 기반(2023 스냅샷 비중 고정)
2024,경상남도,밀양시,5707,6400,79867.0,0.0715,-10.83,11,0.1186,SGIS실제인접,19221.2,48492.6,39.64,보간(2019/2025 실측 anchor),58.35,0,추정(최근추세 외삽)
2025,경상남도,밀양시,5089,5707,79867.0,0.0637,-10.1,12,0.1057,SGIS실제인접,19143.5,48428.5,39.53,실측(임상도overlay),58.35,0,추정(최근추세 외삽)
2016,경상남도,사천시,2910,2064,39825.0,0.0731,,3,0.0508,SGIS실제인접,11831.7,22092.4,53.56,외삽(2019/2025 실측 anchor),61.44,1,공식통계 기반(2023 스냅샷 비중 고정)
2017,경상남도,사천시,3763,2910,39825.0,0.0945,,4,0.0656,SGIS실제인접,11769.9,21943.7,53.64,외삽(2019/2025 실측 anchor),141.57,1,공식통계 기반(2023 스냅샷 비중 고정)
2018,경상남도,사천시,5746,3763,39825.0,0.1443,,5,0.1002,SGIS실제인접,11708.5,21796.1,53.72,외삽(2019/2025 실측 anchor),141.57,1,공식통계 기반(2023 스냅샷 비중 고정)
2019,경상남도,사천시,7756,5746,39825.0,0.1948,39.0,6,0.1353,SGIS실제인접,11647.3,21649.5,53.8,실측(임상도overlay),141.57,1,공식통계 기반(2023 스냅샷 비중 고정)
2020,경상남도,사천시,6778,7756,39825.0,0.1702,25.03,7,0.1183,SGIS실제인접,11586.5,21503.8,53.88,보간(2019/2025 실측 anchor),141.57,1,공식통계 기반(2023 스냅샷 비중 고정)
2021,경상남도,사천시,5939,6778,39825.0,0.1491,3.33,8,0.1036,SGIS실제인접,11526.0,21359.2,53.96,보간(2019/2025 실측 anchor),141.57,1,공식통계 기반(2023 스냅샷 비중 고정)
2022,경상남도,사천시,5167,5939,39825.0,0.1297,-12.66,9,0.0901,SGIS실제인접,11465.9,21215.5,54.04,보간(2019/2025 실측 anchor),141.57,1,공식통계 기반(2023 스냅샷 비중 고정)
2023,경상남도,사천시,4720,5167,39825.0,0.1185,-11.34,10,0.0823,SGIS실제인접,11406.0,21072.7,54.13,보간(2019/2025 실측 anchor),141.57,1,공식통계 기반(2023 스냅샷 비중 고정)
2024,경상남도,사천시,4209,4720,39825.0,0.1057,-10.83,11,0.0734,SGIS실제인접,11346.5,20931.0,54.21,보간(2019/2025 실측 anchor),141.57,1,추정(최근추세 외삽)
2025,경상남도,사천시,3753,4209,39825.0,0.0942,-10.1,12,0.0655,SGIS실제인접,11287.2,20790.1,54.29,실측(임상도overlay),141.57,1,추정(최근추세 외삽)
2016,경상남도,양산시,3403,2413,48560.0,0.0701,,2,0.0737,SGIS실제인접,7452.5,34844.8,21.39,외삽(2019/2025 실측 anchor),34.44,1,공식통계 기반(2023 스냅샷 비중 고정)
2017,경상남도,양산시,4400,3403,48560.0,0.0906,,3,0.0953,SGIS실제인접,7436.9,34785.1,21.38,외삽(2019/2025 실측 anchor),60.35,1,공식통계 기반(2023 스냅샷 비중 고정)
2018,경상남도,양산시,6720,4400,48560.0,0.1384,,4,0.1455,SGIS실제인접,7421.3,34725.6,21.37,외삽(2019/2025 실측 anchor),60.35,1,공식통계 기반(2023 스냅샷 비중 고정)
2019,경상남도,양산시,9071,6720,48560.0,0.1868,39.0,5,0.1964,SGIS실제인접,7405.7,34666.2,21.36,실측(임상도overlay),60.35,1,공식통계 기반(2023 스냅샷 비중 고정)
2020,경상남도,양산시,7927,9071,48560.0,0.1632,25.03,6,0.1716,SGIS실제인접,7390.2,34606.8,21.35,보간(2019/2025 실측 anchor),60.35,1,공식통계 기반(2023 스냅샷 비중 고정)
2021,경상남도,양산시,6946,7927,48560.0,0.143,3.33,7,0.1504,SGIS실제인접,7374.7,34547.6,21.35,보간(2019/2025 실측 anchor),60.35,1,공식통계 기반(2023 스냅샷 비중 고정)
2022,경상남도,양산시,6042,6946,48560.0,0.1244,-12.66,8,0.1308,SGIS실제인접,7359.2,34488.5,21.34,보간(2019/2025 실측 anchor),60.35,1,공식통계 기반(2023 스냅샷 비중 고정)
2023,경상남도,양산시,5520,6042,48560.0,0.1137,-11.34,9,0.1195,SGIS실제인접,7343.8,34429.5,21.33,보간(2019/2025 실측 anchor),60.35,1,공식통계 기반(2023 스냅샷 비중 고정)
2024,경상남도,양산시,4922,5520,48560.0,0.1014,-10.83,10,0.1066,SGIS실제인접,7328.4,34370.6,21.32,보간(2019/2025 실측 anchor),60.35,1,추정(최근추세 외삽)
2025,경상남도,양산시,4389,4922,48560.0,0.0904,-10.1,11,0.095,SGIS실제인접,7313.0,34311.8,21.31,실측(임상도overlay),60.35,1,추정(최근추세 외삽)
2016,경상남도,진주시,3619,2566,71286.0,0.0508,,2,0.0755,SGIS실제인접,20385.7,40157.0,50.76,외삽(2019/2025 실측 anchor),52.33,1,공식통계 기반(2023 스냅샷 비중 고정)
2017,경상남도,진주시,4679,3619,71286.0,0.0656,,3,0.0976,SGIS실제인접,20343.2,40023.8,50.83,외삽(2019/2025 실측 anchor),125.9,1,공식통계 기반(2023 스냅샷 비중 고정)
2018,경상남도,진주시,7146,4679,71286.0,0.1002,,4,0.149,SGIS실제인접,20300.7,39891.0,50.89,외삽(2019/2025 실측 anchor),125.9,1,공식통계 기반(2023 스냅샷 비중 고정)
2019,경상남도,진주시,9646,7146,71286.0,0.1353,39.0,5,0.2012,SGIS실제인접,20258.3,39758.6,50.95,실측(임상도overlay),125.9,1,공식통계 기반(2023 스냅샷 비중 고정)
2020,경상남도,진주시,8430,9646,71286.0,0.1183,25.03,6,0.1758,SGIS실제인접,20216.0,39626.7,51.02,보간(2019/2025 실측 anchor),125.9,1,공식통계 기반(2023 스냅샷 비중 고정)
2021,경상남도,진주시,7386,8430,71286.0,0.1036,3.33,7,0.154,SGIS실제인접,20173.8,39495.2,51.08,보간(2019/2025 실측 anchor),125.9,1,공식통계 기반(2023 스냅샷 비중 고정)
2022,경상남도,진주시,6425,7386,71286.0,0.0901,-12.66,8,0.134,SGIS실제인접,20131.7,39364.1,51.14,보간(2019/2025 실측 anchor),125.9,1,공식통계 기반(2023 스냅샷 비중 고정)
2023,경상남도,진주시,5870,6425,71286.0,0.0823,-11.34,9,0.1224,SGIS실제인접,20089.6,39233.5,51.21,보간(2019/2025 실측 anchor),125.9,1,공식통계 기반(2023 스냅샷 비중 고정)
2024,경상남도,진주시,5234,5870,71286.0,0.0734,-10.83,10,0.1092,SGIS실제인접,20047.7,39103.3,51.27,보간(2019/2025 실측 anchor),125.9,1,추정(최근추세 외삽)
2025,경상남도,진주시,4668,5234,71286.0,0.0655,-10.1,11,0.0973,SGIS실제인접,20005.8,38973.6,51.33,실측(임상도overlay),125.9,1,추정(최근추세 외삽)
2016,경상남도,창원시,5826,4132,74818.0,0.0779,,3,0.066,SGIS실제인접,16191.2,41236.2,39.26,외삽(2019/2025 실측 anchor),0.0,1,공식통계 기반(2023 스냅샷 비중 고정)
2017,경상남도,창원시,7533,5826,74818.0,0.1007,,4,0.0854,SGIS실제인접,16165.3,41174.5,39.26,외삽(2019/2025 실측 anchor),85.38,1,공식통계 기반(2023 스냅샷 비중 고정)
2018,경상남도,창원시,11504,7533,74818.0,0.1538,,5,0.1304,SGIS실제인접,16139.4,41112.8,39.26,외삽(2019/2025 실측 anchor),85.38,1,공식통계 기반(2023 스냅샷 비중 고정)
2019,경상남도,창원시,15528,11504,74818.0,0.2075,39.0,6,0.176,SGIS실제인접,16113.6,41051.3,39.25,실측(임상도overlay),85.38,1,공식통계 기반(2023 스냅샷 비중 고정)
2020,경상남도,창원시,13571,15528,74818.0,0.1814,25.03,7,0.1538,SGIS실제인접,16087.8,40989.9,39.25,보간(2019/2025 실측 anchor),85.38,1,공식통계 기반(2023 스냅샷 비중 고정)
2021,경상남도,창원시,11891,13571,74818.0,0.1589,3.33,8,0.1348,SGIS실제인접,16062.1,40928.6,39.24,보간(2019/2025 실측 anchor),85.38,1,공식통계 기반(2023 스냅샷 비중 고정)
2022,경상남도,창원시,10344,11891,74818.0,0.1383,-12.66,9,0.1172,SGIS실제인접,16036.4,40867.3,39.24,보간(2019/2025 실측 anchor),85.38,1,공식통계 기반(2023 스냅샷 비중 고정)
2023,경상남도,창원시,9450,10344,74818.0,0.1263,-11.34,10,0.1071,SGIS실제인접,16010.8,40806.2,39.24,보간(2019/2025 실측 anchor),85.38,1,공식통계 기반(2023 스냅샷 비중 고정)
2024,경상남도,창원시,8427,9450,74818.0,0.1126,-10.83,11,0.0955,SGIS실제인접,15985.2,40745.1,39.23,보간(2019/2025 실측 anchor),85.38,1,추정(최근추세 외삽)
2025,경상남도,창원시,7515,8427,74818.0,0.1004,-10.1,12,0.0852,SGIS실제인접,15959.6,40684.1,39.23,실측(임상도overlay),85.38,1,추정(최근추세 외삽)
2016,경상남도,통영시,4803,3406,24021.0,0.1999,,4,0.0839,centroid근접(대체),9013.0,15156.6,59.47,외삽(2019/2025 실측 anchor),47.32,1,공식통계 기반(2023 스냅샷 비중 고정)
2017,경상남도,통영시,6210,4803,24021.0,0.2585,,5,0.1085,centroid근접(대체),8996.5,15153.8,59.37,외삽(2019/2025 실측 anchor),132.51,1,공식통계 기반(2023 스냅샷 비중 고정)
2018,경상남도,통영시,9483,6210,24021.0,0.3948,,6,0.1657,centroid근접(대체),8979.9,15151.0,59.27,외삽(2019/2025 실측 anchor),132.51,1,공식통계 기반(2023 스냅샷 비중 고정)
2019,경상남도,통영시,12801,9483,24021.0,0.5329,39.0,7,0.2236,centroid근접(대체),8963.4,15148.2,59.17,실측(임상도overlay),132.51,1,공식통계 기반(2023 스냅샷 비중 고정)
2020,경상남도,통영시,11187,12801,24021.0,0.4657,25.03,8,0.1954,centroid근접(대체),8946.9,15145.4,59.07,보간(2019/2025 실측 anchor),132.51,1,공식통계 기반(2023 스냅샷 비중 고정)
2021,경상남도,통영시,9802,11187,24021.0,0.4081,3.33,9,0.1712,centroid근접(대체),8930.4,15142.6,58.98,보간(2019/2025 실측 anchor),132.51,1,공식통계 기반(2023 스냅샷 비중 고정)
2022,경상남도,통영시,8527,9802,24021.0,0.355,-12.66,10,0.149,centroid근접(대체),8914.0,15139.7,58.88,보간(2019/2025 실측 anchor),132.51,1,공식통계 기반(2023 스냅샷 비중 고정)
2023,경상남도,통영시,7790,8527,24021.0,0.3243,-11.34,11,0.1361,centroid근접(대체),8897.6,15136.9,58.78,보간(2019/2025 실측 anchor),132.51,1,공식통계 기반(2023 스냅샷 비중 고정)
2024,경상남도,통영시,6947,7790,24021.0,0.2892,-10.83,12,0.1213,centroid근접(대체),8881.2,15134.1,58.68,보간(2019/2025 실측 anchor),132.51,1,추정(최근추세 외삽)
2025,경상남도,통영시,6195,6947,24021.0,0.2579,-10.1,13,0.1082,centroid근접(대체),8864.8,15131.3,58.59,실측(임상도overlay),132.51,1,추정(최근추세 외삽)
2016,경상북도,경주시,5515,3716,132495.0,0.0416,,5,0.0378,SGIS실제인접,26269.4,82838.2,31.71,외삽(2019/2025 실측 anchor),85.38,0,공식통계 기반(2023 스냅샷 비중 고정)
2017,경상북도,경주시,8071,5515,132495.0,0.0609,,6,0.0553,SGIS실제인접,26578.7,83087.0,31.99,외삽(2019/2025 실측 anchor),0.0,0,공식통계 기반(2023 스냅샷 비중 고정)
2018,경상북도,경주시,12145,8071,132495.0,0.0917,,7,0.0832,SGIS실제인접,26891.7,83336.7,32.27,외삽(2019/2025 실측 anchor),0.0,0,공식통계 기반(2023 스냅샷 비중 고정)
2019,경상북도,경주시,16296,12145,132495.0,0.123,43.67,8,0.1117,SGIS실제인접,27208.3,83587.0,32.55,실측(임상도overlay),0.0,0,공식통계 기반(2023 스냅샷 비중 고정)
2020,경상북도,경주시,14840,16296,132495.0,0.112,25.24,9,0.1017,SGIS실제인접,27528.7,83838.1,32.84,보간(2019/2025 실측 anchor),0.0,0,공식통계 기반(2023 스냅샷 비중 고정)
2021,경상북도,경주시,12718,14840,132495.0,0.096,3.65,10,0.0871,SGIS실제인접,27852.9,84090.0,33.12,보간(2019/2025 실측 anchor),0.0,0,공식통계 기반(2023 스냅샷 비중 고정)
2022,경상북도,경주시,11076,12718,132495.0,0.0836,-12.05,11,0.0759,SGIS실제인접,28180.8,84342.6,33.41,보간(2019/2025 실측 anchor),0.0,0,공식통계 기반(2023 스냅샷 비중 고정)
2023,경상북도,경주시,10100,11076,132495.0,0.0762,-12.01,12,0.0692,SGIS실제인접,28512.7,84596.0,33.7,보간(2019/2025 실측 anchor),0.0,0,공식통계 기반(2023 스냅샷 비중 고정)
2024,경상북도,경주시,9003,10100,132495.0,0.0679,-10.86,13,0.0617,SGIS실제인접,28848.4,84850.2,34.0,보간(2019/2025 실측 anchor),0.0,0,추정(최근추세 외삽)
2025,경상북도,경주시,8025,9003,132495.0,0.0606,-10.18,14,0.055,SGIS실제인접,29188.1,85105.1,34.3,실측(임상도overlay),0.0,0,추정(최근추세 외삽)
2016,경상북도,김천시,1605,1082,100950.0,0.0159,,2,0.0112,SGIS실제인접,10826.8,66447.9,16.29,외삽(2019/2025 실측 anchor),113.51,0,공식통계 기반(2023 스냅샷 비중 고정)
2017,경상북도,김천시,2349,1605,100950.0,0.0233,,3,0.0164,SGIS실제인접,10919.2,66514.5,16.42,외삽(2019/2025 실측 anchor),104.7,0,공식통계 기반(2023 스냅샷 비중 고정)
2018,경상북도,김천시,3535,2349,100950.0,0.035,,4,0.0247,SGIS실제인접,11012.5,66581.2,16.54,외삽(2019/2025 실측 anchor),104.7,0,공식통계 기반(2023 스냅샷 비중 고정)
2019,경상북도,김천시,4744,3535,100950.0,0.047,43.67,5,0.0332,SGIS실제인접,11106.5,66647.9,16.66,실측(임상도overlay),104.7,0,공식통계 기반(2023 스냅샷 비중 고정)
2020,경상북도,김천시,4320,4744,100950.0,0.0428,25.24,6,0.0302,SGIS실제인접,11201.4,66714.7,16.79,보간(2019/2025 실측 anchor),104.7,0,공식통계 기반(2023 스냅샷 비중 고정)
2021,경상북도,김천시,3702,4320,100950.0,0.0367,3.65,7,0.0259,SGIS실제인접,11297.1,66781.6,16.92,보간(2019/2025 실측 anchor),104.7,0,공식통계 기반(2023 스냅샷 비중 고정)
2022,경상북도,김천시,3224,3702,100950.0,0.0319,-12.05,8,0.0225,SGIS실제인접,11393.6,66848.5,17.04,보간(2019/2025 실측 anchor),104.7,0,공식통계 기반(2023 스냅샷 비중 고정)
2023,경상북도,김천시,2940,3224,100950.0,0.0291,-12.01,9,0.0206,SGIS실제인접,11490.9,66915.5,17.17,보간(2019/2025 실측 anchor),104.7,0,공식통계 기반(2023 스냅샷 비중 고정)
2024,경상북도,김천시,2621,2940,100950.0,0.026,-10.86,10,0.0183,SGIS실제인접,11589.0,66982.6,17.3,보간(2019/2025 실측 anchor),104.7,0,추정(최근추세 외삽)
2025,경상북도,김천시,2336,2621,100950.0,0.0231,-10.18,11,0.0163,SGIS실제인접,11688.0,67049.7,17.43,실측(임상도overlay),104.7,0,추정(최근추세 외삽)
2016,경상북도,상주시,1409,949,125478.0,0.0112,,1,0.0138,SGIS실제인접,16733.3,75451.8,22.18,외삽(2019/2025 실측 anchor),139.71,0,공식통계 기반(2023 스냅샷 비중 고정)
2017,경상북도,상주시,2062,1409,125478.0,0.0164,,2,0.0204,SGIS실제인접,16746.8,75538.9,22.17,외삽(2019/2025 실측 anchor),113.82,0,공식통계 기반(2023 스냅샷 비중 고정)
2018,경상북도,상주시,3102,2062,125478.0,0.0247,,3,0.0315,SGIS실제인접,16760.2,75626.2,22.16,외삽(2019/2025 실측 anchor),113.82,0,공식통계 기반(2023 스냅샷 비중 고정)
2019,경상북도,상주시,4163,3102,125478.0,0.0332,43.67,4,0.0438,SGIS실제인접,16773.7,75713.5,22.15,실측(임상도overlay),113.82,0,공식통계 기반(2023 스냅샷 비중 고정)
2020,경상북도,상주시,3791,4163,125478.0,0.0302,25.24,5,0.0394,SGIS실제인접,16787.2,75801.0,22.15,보간(2019/2025 실측 anchor),113.82,0,공식통계 기반(2023 스냅샷 비중 고정)
2021,경상북도,상주시,3249,3791,125478.0,0.0259,3.65,6,0.0338,SGIS실제인접,16800.6,75888.5,22.14,보간(2019/2025 실측 anchor),113.82,0,공식통계 기반(2023 스냅샷 비중 고정)
2022,경상북도,상주시,2829,3249,125478.0,0.0225,-12.05,7,0.0295,SGIS실제인접,16814.2,75976.1,22.13,보간(2019/2025 실측 anchor),113.82,0,공식통계 기반(2023 스냅샷 비중 고정)
2023,경상북도,상주시,2580,2829,125478.0,0.0206,-12.01,8,0.0266,SGIS실제인접,16827.7,76063.9,22.12,보간(2019/2025 실측 anchor),113.82,0,공식통계 기반(2023 스냅샷 비중 고정)
2024,경상북도,상주시,2300,2580,125478.0,0.0183,-10.86,9,0.0237,SGIS실제인접,16841.2,76151.7,22.12,보간(2019/2025 실측 anchor),113.82,0,추정(최근추세 외삽)
2025,경상북도,상주시,2050,2300,125478.0,0.0163,-10.18,10,0.021,SGIS실제인접,16854.7,76239.7,22.11,실측(임상도overlay),113.82,0,추정(최근추세 외삽)
2016,경상북도,안동시,1791,1207,152091.0,0.0118,,1,0.019,centroid근접(대체),47338.5,98625.2,48.0,외삽(2019/2025 실측 anchor),149.06,0,공식통계 기반(2023 스냅샷 비중 고정)
2017,경상북도,안동시,2621,1791,152091.0,0.0172,,2,0.0279,centroid근접(대체),47934.7,99254.9,48.29,외삽(2019/2025 실측 anchor),90.78,0,공식통계 기반(2023 스냅샷 비중 고정)
2018,경상북도,안동시,3944,2621,152091.0,0.0259,,3,0.0419,centroid근접(대체),48538.5,99888.6,48.59,외삽(2019/2025 실측 anchor),90.78,0,공식통계 기반(2023 스냅샷 비중 고정)
2019,경상북도,안동시,5292,3944,152091.0,0.0348,43.67,4,0.0562,centroid근접(대체),49149.9,100526.4,48.89,실측(임상도overlay),90.78,0,공식통계 기반(2023 스냅샷 비중 고정)
2020,경상북도,안동시,4819,5292,152091.0,0.0317,25.24,5,0.0512,centroid근접(대체),49769.0,101168.2,49.19,보간(2019/2025 실측 anchor),90.78,0,공식통계 기반(2023 스냅샷 비중 고정)
2021,경상북도,안동시,4130,4819,152091.0,0.0272,3.65,6,0.0439,centroid근접(대체),50395.9,101814.1,49.5,보간(2019/2025 실측 anchor),90.78,0,공식통계 기반(2023 스냅샷 비중 고정)
2022,경상북도,안동시,3597,4130,152091.0,0.0236,-12.05,7,0.0382,centroid근접(대체),51030.6,102464.2,49.8,보간(2019/2025 실측 anchor),90.78,0,공식통계 기반(2023 스냅샷 비중 고정)
2023,경상북도,안동시,3280,3597,152091.0,0.0216,-12.01,8,0.0349,centroid근접(대체),51673.4,103118.4,50.11,보간(2019/2025 실측 anchor),90.78,0,공식통계 기반(2023 스냅샷 비중 고정)
2024,경상북도,안동시,2924,3280,152091.0,0.0192,-10.86,9,0.0311,centroid근접(대체),52324.3,103776.7,50.42,보간(2019/2025 실측 anchor),90.78,0,추정(최근추세 외삽)
2025,경상북도,안동시,2606,2924,152091.0,0.0171,-10.18,10,0.0277,centroid근접(대체),52983.4,104439.3,50.73,실측(임상도overlay),90.78,0,추정(최근추세 외삽)
2016,경상북도,영덕군,2490,1678,74106.0,0.0336,,3,0.0266,SGIS실제인접,20762.7,57575.2,36.06,외삽(2019/2025 실측 anchor),145.72,0,공식통계 기반(2023 스냅샷 비중 고정)
2017,경상북도,영덕군,3644,2490,74106.0,0.0492,,4,0.0389,SGIS실제인접,20958.9,57905.2,36.2,외삽(2019/2025 실측 anchor),63.45,0,공식통계 기반(2023 스냅샷 비중 고정)
2018,경상북도,영덕군,5483,3644,74106.0,0.074,,5,0.0586,SGIS실제인접,21156.9,58237.2,36.33,외삽(2019/2025 실측 anchor),63.45,0,공식통계 기반(2023 스냅샷 비중 고정)
2019,경상북도,영덕군,7358,5483,74106.0,0.0993,43.67,6,0.0786,SGIS실제인접,21356.8,58571.0,36.46,실측(임상도overlay),63.45,0,공식통계 기반(2023 스냅샷 비중 고정)
2020,경상북도,영덕군,6700,7358,74106.0,0.0904,25.24,7,0.0716,SGIS실제인접,21558.6,58906.7,36.6,보간(2019/2025 실측 anchor),63.45,0,공식통계 기반(2023 스냅샷 비중 고정)
2021,경상북도,영덕군,5742,6700,74106.0,0.0775,3.65,8,0.0613,SGIS실제인접,21762.3,59244.4,36.73,보간(2019/2025 실측 anchor),63.45,0,공식통계 기반(2023 스냅샷 비중 고정)
2022,경상북도,영덕군,5001,5742,74106.0,0.0675,-12.05,9,0.0534,SGIS실제인접,21968.0,59584.0,36.87,보간(2019/2025 실측 anchor),63.45,0,공식통계 기반(2023 스냅샷 비중 고정)
2023,경상북도,영덕군,4560,5001,74106.0,0.0615,-12.01,10,0.0487,SGIS실제인접,22175.5,59925.6,37.01,보간(2019/2025 실측 anchor),63.45,0,공식통계 기반(2023 스냅샷 비중 고정)
2024,경상북도,영덕군,4065,4560,74106.0,0.0549,-10.86,11,0.0434,SGIS실제인접,22385.1,60269.1,37.14,보간(2019/2025 실측 anchor),63.45,0,추정(최근추세 외삽)
2025,경상북도,영덕군,3623,4065,74106.0,0.0489,-10.18,12,0.0387,SGIS실제인접,22596.6,60614.6,37.28,실측(임상도overlay),63.45,0,추정(최근추세 외삽)
2016,경상북도,울진군,1523,1026,98900.0,0.0154,,1,0.0181,SGIS실제인접,35229.7,72462.4,48.62,외삽(2019/2025 실측 anchor),206.61,0,공식통계 기반(2023 스냅샷 비중 고정)
2017,경상북도,울진군,2229,1523,98900.0,0.0225,,2,0.0266,SGIS실제인접,36147.2,73750.3,49.01,외삽(2019/2025 실측 anchor),127.41,0,공식통계 기반(2023 스냅샷 비중 고정)
2018,경상북도,울진군,3355,2229,98900.0,0.0339,,3,0.0405,SGIS실제인접,37088.7,75061.1,49.41,외삽(2019/2025 실측 anchor),127.41,0,공식통계 기반(2023 스냅샷 비중 고정)
2019,경상북도,울진군,4502,3355,98900.0,0.0455,43.67,4,0.0555,SGIS실제인접,38054.7,76395.2,49.81,실측(임상도overlay),127.41,0,공식통계 기반(2023 스냅샷 비중 고정)
2020,경상북도,울진군,4099,4502,98900.0,0.0415,25.24,5,0.0504,SGIS실제인접,39045.8,77753.0,50.22,보간(2019/2025 실측 anchor),127.41,0,공식통계 기반(2023 스냅샷 비중 고정)
2021,경상북도,울진군,3513,4099,98900.0,0.0355,3.65,6,0.0431,SGIS실제인접,40062.8,79134.9,50.63,보간(2019/2025 실측 anchor),127.41,0,공식통계 기반(2023 스냅샷 비중 고정)
2022,경상북도,울진군,3060,3513,98900.0,0.0309,-12.05,7,0.0376,SGIS실제인접,41106.3,80541.4,51.04,보간(2019/2025 실측 anchor),127.41,0,공식통계 기반(2023 스냅샷 비중 고정)
2023,경상북도,울진군,2790,3060,98900.0,0.0282,-12.01,8,0.0341,SGIS실제인접,42176.9,81972.9,51.45,보간(2019/2025 실측 anchor),127.41,0,공식통계 기반(2023 스냅샷 비중 고정)
2024,경상북도,울진군,2487,2790,98900.0,0.0251,-10.86,9,0.0304,SGIS실제인접,43275.4,83429.9,51.87,보간(2019/2025 실측 anchor),127.41,0,추정(최근추세 외삽)
2025,경상북도,울진군,2217,2487,98900.0,0.0224,-10.18,10,0.027,SGIS실제인접,44402.5,84912.7,52.29,실측(임상도overlay),127.41,0,추정(최근추세 외삽)
2016,경상북도,포항시,4270,2877,113008.0,0.0378,,4,0.0376,SGIS실제인접,20908.0,74509.7,28.06,외삽(2019/2025 실측 anchor),106.38,0,공식통계 기반(2023 스냅샷 비중 고정)
2017,경상북도,포항시,6249,4270,113008.0,0.0553,,5,0.055,SGIS실제인접,20994.4,74710.0,28.1,외삽(2019/2025 실측 anchor),21.05,0,공식통계 기반(2023 스냅샷 비중 고정)
2018,경상북도,포항시,9403,6249,113008.0,0.0832,,6,0.0828,SGIS실제인접,21081.1,74910.9,28.14,외삽(2019/2025 실측 anchor),21.05,0,공식통계 기반(2023 스냅샷 비중 고정)
2019,경상북도,포항시,12618,9403,113008.0,0.1117,43.67,7,0.1111,SGIS실제인접,21168.1,75112.3,28.18,실측(임상도overlay),21.05,0,공식통계 기반(2023 스냅샷 비중 고정)
2020,경상북도,포항시,11490,12618,113008.0,0.1017,25.24,8,0.1012,SGIS실제인접,21255.5,75314.3,28.22,보간(2019/2025 실측 anchor),21.05,0,공식통계 기반(2023 스냅샷 비중 고정)
2021,경상북도,포항시,9847,11490,113008.0,0.0871,3.65,9,0.0867,SGIS실제인접,21343.3,75516.8,28.26,보간(2019/2025 실측 anchor),21.05,0,공식통계 기반(2023 스냅샷 비중 고정)
2022,경상북도,포항시,8576,9847,113008.0,0.0759,-12.05,10,0.0755,SGIS실제인접,21431.4,75719.8,28.3,보간(2019/2025 실측 anchor),21.05,0,공식통계 기반(2023 스냅샷 비중 고정)
2023,경상북도,포항시,7820,8576,113008.0,0.0692,-12.01,11,0.0689,SGIS실제인접,21519.9,75923.4,28.34,보간(2019/2025 실측 anchor),21.05,0,공식통계 기반(2023 스냅샷 비중 고정)
2024,경상북도,포항시,6971,7820,113008.0,0.0617,-10.86,12,0.0614,SGIS실제인접,21608.8,76127.5,28.38,보간(2019/2025 실측 anchor),21.05,0,추정(최근추세 외삽)
2025,경상북도,포항시,6214,6971,113008.0,0.055,-10.18,13,0.0547,SGIS실제인접,21698.0,76332.2,28.43,실측(임상도overlay),21.05,0,추정(최근추세 외삽)
2016,전라남도,광양시,1843,1265,45889.0,0.0402,,2,0.0443,SGIS실제인접,5997.9,26636.5,22.52,외삽(2019/2025 실측 anchor),95.26,0,공식통계 기반(2023 스냅샷 비중 고정)
2017,전라남도,광양시,2512,1843,45889.0,0.0547,,3,0.0604,SGIS실제인접,6004.1,26656.8,22.52,외삽(2019/2025 실측 anchor),171.99,0,공식통계 기반(2023 스냅샷 비중 고정)
2018,전라남도,광양시,3899,2512,45889.0,0.085,,4,0.0938,SGIS실제인접,6010.3,26677.2,22.53,외삽(2019/2025 실측 anchor),171.99,0,공식통계 기반(2023 스냅샷 비중 고정)
2019,전라남도,광양시,5307,3899,45889.0,0.1157,42.54,5,0.1276,SGIS실제인접,6016.4,26697.7,22.54,실측(임상도overlay),171.99,0,공식통계 기반(2023 스냅샷 비중 고정)
2020,전라남도,광양시,4679,5307,45889.0,0.102,26.5,6,0.1125,SGIS실제인접,6022.6,26718.1,22.54,보간(2019/2025 실측 anchor),171.99,0,공식통계 기반(2023 스냅샷 비중 고정)
2021,전라남도,광양시,4031,4679,45889.0,0.0878,3.47,7,0.0969,SGIS실제인접,6028.8,26738.6,22.55,보간(2019/2025 실측 anchor),171.99,0,공식통계 기반(2023 스냅샷 비중 고정)
2022,전라남도,광양시,3555,4031,45889.0,0.0775,-12.5,8,0.0855,SGIS실제인접,6035.0,26759.0,22.55,보간(2019/2025 실측 anchor),171.99,0,공식통계 기반(2023 스냅샷 비중 고정)
2023,전라남도,광양시,3160,3555,45889.0,0.0689,-12.26,9,0.076,SGIS실제인접,6041.2,26779.5,22.56,보간(2019/2025 실측 anchor),171.99,0,공식통계 기반(2023 스냅샷 비중 고정)
2024,전라남도,광양시,2798,3160,45889.0,0.061,-11.46,10,0.0673,SGIS실제인접,6047.4,26800.0,22.56,보간(2019/2025 실측 anchor),171.99,0,추정(최근추세 외삽)
2025,전라남도,광양시,2477,2798,45889.0,0.054,-11.34,11,0.0596,SGIS실제인접,6053.6,26820.5,22.57,실측(임상도overlay),171.99,0,추정(최근추세 외삽)
2016,전라남도,순천시,2392,1641,90743.0,0.0264,,2,0.0512,SGIS실제인접,15833.6,56930.4,27.81,외삽(2019/2025 실측 anchor),112.95,0,공식통계 기반(2023 스냅샷 비중 고정)
2017,전라남도,순천시,3259,2392,90743.0,0.0359,,3,0.0698,SGIS실제인접,15855.9,56974.5,27.83,외삽(2019/2025 실측 anchor),186.9,0,공식통계 기반(2023 스냅샷 비중 고정)
2018,전라남도,순천시,5059,3259,90743.0,0.0558,,4,0.1084,SGIS실제인접,15878.2,57018.6,27.85,외삽(2019/2025 실측 anchor),186.9,0,공식통계 기반(2023 스냅샷 비중 고정)
2019,전라남도,순천시,6886,5059,90743.0,0.0759,42.54,5,0.1475,SGIS실제인접,15900.4,57062.7,27.86,실측(임상도overlay),186.9,0,공식통계 기반(2023 스냅샷 비중 고정)
2020,전라남도,순천시,6071,6886,90743.0,0.0669,26.5,6,0.13,SGIS실제인접,15922.8,57106.8,27.88,보간(2019/2025 실측 anchor),186.9,0,공식통계 기반(2023 스냅샷 비중 고정)
2021,전라남도,순천시,5230,6071,90743.0,0.0576,3.47,7,0.112,SGIS실제인접,15945.1,57151.0,27.9,보간(2019/2025 실측 anchor),186.9,0,공식통계 기반(2023 스냅샷 비중 고정)
2022,전라남도,순천시,4612,5230,90743.0,0.0508,-12.5,8,0.0988,SGIS실제인접,15967.5,57195.2,27.92,보간(2019/2025 실측 anchor),186.9,0,공식통계 기반(2023 스냅샷 비중 고정)
2023,전라남도,순천시,4100,4612,90743.0,0.0452,-12.26,9,0.0878,SGIS실제인접,15990.0,57239.5,27.94,보간(2019/2025 실측 anchor),186.9,0,공식통계 기반(2023 스냅샷 비중 고정)
2024,전라남도,순천시,3630,4100,90743.0,0.04,-11.46,10,0.0778,SGIS실제인접,16012.4,57283.8,27.95,보간(2019/2025 실측 anchor),186.9,0,추정(최근추세 외삽)
2025,전라남도,순천시,3214,3630,90743.0,0.0354,-11.34,11,0.0688,SGIS실제인접,16034.9,57328.1,27.97,실측(임상도overlay),186.9,0,추정(최근추세 외삽)
2016,전라남도,여수시,3191,2189,51233.00000000001,0.0623,,3,0.0333,SGIS실제인접,11013.7,26733.5,41.2,외삽(2019/2025 실측 anchor),106.41,0,공식통계 기반(2023 스냅샷 비중 고정)
2017,전라남도,여수시,4348,3191,51233.00000000001,0.0849,,4,0.0453,SGIS실제인접,11018.1,26754.8,41.18,외삽(2019/2025 실측 anchor),186.92,0,공식통계 기반(2023 스냅샷 비중 고정)
2018,전라남도,여수시,6750,4348,51233.00000000001,0.1317,,5,0.0704,SGIS실제인접,11022.5,26776.0,41.17,외삽(2019/2025 실측 anchor),186.92,0,공식통계 기반(2023 스냅샷 비중 고정)
2019,전라남도,여수시,9187,6750,51233.00000000001,0.1793,42.54,6,0.0958,SGIS실제인접,11026.8,26797.3,41.15,실측(임상도overlay),186.92,0,공식통계 기반(2023 스냅샷 비중 고정)
2020,전라남도,여수시,8100,9187,51233.00000000001,0.1581,26.5,7,0.0844,SGIS실제인접,11031.2,26818.6,41.13,보간(2019/2025 실측 anchor),186.92,0,공식통계 기반(2023 스냅샷 비중 고정)
2021,전라남도,여수시,6978,8100,51233.00000000001,0.1362,3.47,8,0.0727,SGIS실제인접,11035.6,26839.9,41.12,보간(2019/2025 실측 anchor),186.92,0,공식통계 기반(2023 스냅샷 비중 고정)
2022,전라남도,여수시,6154,6978,51233.00000000001,0.1201,-12.5,9,0.0641,SGIS실제인접,11040.0,26861.3,41.1,보간(2019/2025 실측 anchor),186.92,0,공식통계 기반(2023 스냅샷 비중 고정)
2023,전라남도,여수시,5470,6154,51233.00000000001,0.1068,-12.26,10,0.057,SGIS실제인접,11044.3,26882.6,41.08,보간(2019/2025 실측 anchor),186.92,0,공식통계 기반(2023 스냅샷 비중 고정)
2024,전라남도,여수시,4843,5470,51233.00000000001,0.0945,-11.46,11,0.0505,SGIS실제인접,11048.7,26904.0,41.07,보간(2019/2025 실측 anchor),186.92,0,추정(최근추세 외삽)
2025,전라남도,여수시,4288,4843,51233.00000000001,0.0837,-11.34,12,0.0447,SGIS실제인접,11053.1,26925.4,41.05,실측(임상도overlay),186.92,0,추정(최근추세 외삽)
2016,전라북도,남원시,1200,780,75262.0,0.0159,,1,0.0397,centroid근접(대체),19647.3,41913.3,46.88,외삽(2019/2025 실측 anchor),118.98,0,공식통계 기반(2023 스냅샷 비중 고정)
2017,전라북도,남원시,1743,1200,75262.0,0.0232,,2,0.0541,centroid근접(대체),19562.5,41945.3,46.64,외삽(2019/2025 실측 anchor),172.81,0,공식통계 기반(2023 스냅샷 비중 고정)
2018,전라북도,남원시,2829,1743,75262.0,0.0376,,3,0.0846,centroid근접(대체),19478.0,41977.3,46.4,외삽(2019/2025 실측 anchor),172.81,0,공식통계 기반(2023 스냅샷 비중 고정)
2019,전라북도,남원시,4071,2829,75262.0,0.0541,50.49,4,0.1168,centroid근접(대체),19393.9,42009.4,46.17,실측(임상도overlay),172.81,0,공식통계 기반(2023 스냅샷 비중 고정)
2020,전라북도,남원시,3600,4071,75262.0,0.0478,31.55,5,0.1028,centroid근접(대체),19310.2,42041.5,45.93,보간(2019/2025 실측 anchor),172.81,0,공식통계 기반(2023 스냅샷 비중 고정)
2021,전라북도,남원시,3071,3600,75262.0,0.0408,5.89,6,0.0887,centroid근접(대체),19226.8,42073.5,45.7,보간(2019/2025 실측 anchor),172.81,0,공식통계 기반(2023 스냅샷 비중 고정)
2022,전라북도,남원시,2700,3071,75262.0,0.0359,-12.78,7,0.0779,centroid근접(대체),19143.8,42105.7,45.47,보간(2019/2025 실측 anchor),172.81,0,공식통계 기반(2023 스냅샷 비중 고정)
2023,전라북도,남원시,2400,2700,75262.0,0.0319,-12.63,8,0.0698,centroid근접(대체),19061.2,42137.8,45.24,보간(2019/2025 실측 anchor),172.81,0,공식통계 기반(2023 스냅샷 비중 고정)
2024,전라북도,남원시,2122,2400,75262.0,0.0282,-11.6,9,0.0619,centroid근접(대체),18978.9,42170.0,45.01,보간(2019/2025 실측 anchor),172.81,0,추정(최근추세 외삽)
2025,전라북도,남원시,1875,2122,75262.0,0.0249,-11.44,10,0.0549,centroid근접(대체),18896.9,42202.2,44.78,실측(임상도overlay),172.81,0,추정(최근추세 외삽)
2016,전라북도,전주시,850,553,20550.0,0.0414,,1,0.0223,centroid근접(대체),470.5,5614.7,8.38,외삽(2019/2025 실측 anchor),153.74,0,공식통계 기반(2023 스냅샷 비중 고정)
2017,전라북도,전주시,1235,850,20550.0,0.0601,,2,0.0319,centroid근접(대체),464.6,5614.7,8.27,외삽(2019/2025 실측 anchor),187.16,0,공식통계 기반(2023 스냅샷 비중 고정)
2018,전라북도,전주시,2004,1235,20550.0,0.0975,,3,0.0496,centroid근접(대체),458.8,5614.7,8.17,외삽(2019/2025 실측 anchor),187.16,0,공식통계 기반(2023 스냅샷 비중 고정)
2019,전라북도,전주시,2884,2004,20550.0,0.1403,50.49,4,0.067,centroid근접(대체),453.1,5614.8,8.07,실측(임상도overlay),187.16,0,공식통계 기반(2023 스냅샷 비중 고정)
2020,전라북도,전주시,2550,2884,20550.0,0.1241,31.55,5,0.0592,centroid근접(대체),447.4,5614.8,7.97,보간(2019/2025 실측 anchor),187.16,0,공식통계 기반(2023 스냅샷 비중 고정)
2021,전라북도,전주시,2176,2550,20550.0,0.1059,5.89,6,0.0505,centroid근접(대체),441.8,5614.8,7.87,보간(2019/2025 실측 anchor),187.16,0,공식통계 기반(2023 스냅샷 비중 고정)
2022,전라북도,전주시,1912,2176,20550.0,0.0931,-12.78,7,0.0446,centroid근접(대체),436.3,5614.8,7.77,보간(2019/2025 실측 anchor),187.16,0,공식통계 기반(2023 스냅샷 비중 고정)
2023,전라북도,전주시,1700,1912,20550.0,0.0827,-12.63,8,0.0406,centroid근접(대체),430.9,5614.9,7.67,보간(2019/2025 실측 anchor),187.16,0,공식통계 기반(2023 스냅샷 비중 고정)
2024,전라북도,전주시,1503,1700,20550.0,0.0731,-11.6,9,0.0364,centroid근접(대체),425.5,5614.9,7.58,보간(2019/2025 실측 anchor),187.16,0,추정(최근추세 외삽)
2025,전라북도,전주시,1328,1503,20550.0,0.0646,-11.44,10,0.0326,centroid근접(대체),420.2,5614.9,7.48,실측(임상도overlay),187.16,0,추정(최근추세 외삽)
2016,충청남도,공주시,2391,1629,86429.0,0.0277,,3,0.044,SGIS실제인접,6917.0,53995.6,12.81,외삽(2019/2025 실측 anchor),195.36,0,공식통계 기반(2023 스냅샷 비중 고정)
2017,충청남도,공주시,3363,2391,86429.0,0.0389,,4,0.0619,SGIS실제인접,6938.4,53815.1,12.89,외삽(2019/2025 실측 anchor),200.06,0,공식통계 기반(2023 스냅샷 비중 고정)
2018,충청남도,공주시,5146,3363,86429.0,0.0595,,5,0.0947,SGIS실제인접,6959.9,53635.1,12.98,외삽(2019/2025 실측 anchor),200.06,0,공식통계 기반(2023 스냅샷 비중 고정)
2019,충청남도,공주시,6704,5146,86429.0,0.0776,41.31,6,0.1233,SGIS실제인접,6981.5,53455.8,13.06,실측(임상도overlay),200.06,0,공식통계 기반(2023 스냅샷 비중 고정)
2020,충청남도,공주시,5914,6704,86429.0,0.0684,23.84,7,0.1088,SGIS실제인접,7003.1,53277.1,13.14,보간(2019/2025 실측 anchor),200.06,0,공식통계 기반(2023 스냅샷 비중 고정)
2021,충청남도,공주시,5039,5914,86429.0,0.0583,1.24,8,0.0927,SGIS실제인접,7024.8,53098.9,13.23,보간(2019/2025 실측 anchor),200.06,0,공식통계 기반(2023 스냅샷 비중 고정)
2022,충청남도,공주시,4462,5039,86429.0,0.0516,-12.68,9,0.0821,SGIS실제인접,7046.5,52921.4,13.32,보간(2019/2025 실측 anchor),200.06,0,공식통계 기반(2023 스냅샷 비중 고정)
2023,충청남도,공주시,4110,4462,86429.0,0.0476,-11.38,10,0.0756,SGIS실제인접,7068.4,52744.4,13.4,보간(2019/2025 실측 anchor),200.06,0,공식통계 기반(2023 스냅샷 비중 고정)
2024,충청남도,공주시,3713,4110,86429.0,0.043,-9.67,11,0.0683,SGIS실제인접,7090.3,52568.1,13.49,보간(2019/2025 실측 anchor),200.06,0,추정(최근추세 외삽)
2025,충청남도,공주시,3354,3713,86429.0,0.0388,-9.08,12,0.0617,SGIS실제인접,7112.2,52392.3,13.57,실측(임상도overlay),200.06,0,추정(최근추세 외삽)
2016,충청남도,보령시,1943,1324,56901.0,0.0342,,2,0.0323,centroid근접(대체),11058.2,28844.6,38.34,외삽(2019/2025 실측 anchor),223.37,0,공식통계 기반(2023 스냅샷 비중 고정)
2017,충청남도,보령시,2733,1943,56901.0,0.048,,3,0.0455,centroid근접(대체),10976.3,28752.9,38.17,외삽(2019/2025 실측 anchor),240.51,0,공식통계 기반(2023 스냅샷 비중 고정)
2018,충청남도,보령시,4182,2733,56901.0,0.0735,,4,0.0696,centroid근접(대체),10894.9,28661.6,38.01,외삽(2019/2025 실측 anchor),240.51,0,공식통계 기반(2023 스냅샷 비중 고정)
2019,충청남도,보령시,5448,4182,56901.0,0.0957,41.31,5,0.0906,centroid근접(대체),10814.2,28570.5,37.85,실측(임상도overlay),240.51,0,공식통계 기반(2023 스냅샷 비중 고정)
2020,충청남도,보령시,4806,5448,56901.0,0.0845,23.84,6,0.08,centroid근접(대체),10734.1,28479.7,37.69,보간(2019/2025 실측 anchor),240.51,0,공식통계 기반(2023 스냅샷 비중 고정)
2021,충청남도,보령시,4095,4806,56901.0,0.072,1.24,7,0.0681,centroid근접(대체),10654.6,28389.2,37.53,보간(2019/2025 실측 anchor),240.51,0,공식통계 기반(2023 스냅샷 비중 고정)
2022,충청남도,보령시,3626,4095,56901.0,0.0637,-12.68,8,0.0603,centroid근접(대체),10575.7,28299.0,37.37,보간(2019/2025 실측 anchor),240.51,0,공식통계 기반(2023 스냅샷 비중 고정)
2023,충청남도,보령시,3340,3626,56901.0,0.0587,-11.38,9,0.0556,centroid근접(대체),10497.3,28209.1,37.21,보간(2019/2025 실측 anchor),240.51,0,공식통계 기반(2023 스냅샷 비중 고정)
2024,충청남도,보령시,3017,3340,56901.0,0.053,-9.67,10,0.0502,centroid근접(대체),10419.6,28119.4,37.05,보간(2019/2025 실측 anchor),240.51,0,추정(최근추세 외삽)
2025,충청남도,보령시,2725,3017,56901.0,0.0479,-9.08,11,0.0453,centroid근접(대체),10342.4,28030.1,36.9,실측(임상도overlay),240.51,0,추정(최근추세 외삽)
2016,충청남도,서산시,1647,1121,74215.0,0.0222,,1,0.0355,SGIS실제인접,11849.7,24932.2,47.53,외삽(2019/2025 실측 anchor),264.89,0,공식통계 기반(2023 스냅샷 비중 고정)
2017,충청남도,서산시,2315,1647,74215.0,0.0312,,2,0.0499,SGIS실제인접,11687.4,24364.0,47.97,외삽(2019/2025 실측 anchor),268.96,0,공식통계 기반(2023 스냅샷 비중 고정)
2018,충청남도,서산시,3543,2315,74215.0,0.0477,,3,0.0764,SGIS실제인접,11527.3,23808.9,48.42,외삽(2019/2025 실측 anchor),268.96,0,공식통계 기반(2023 스냅샷 비중 고정)
2019,충청남도,서산시,4616,3543,74215.0,0.0622,41.31,4,0.0995,SGIS실제인접,11369.4,23266.4,48.87,실측(임상도overlay),268.96,0,공식통계 기반(2023 스냅샷 비중 고정)
2020,충청남도,서산시,4072,4616,74215.0,0.0549,23.84,5,0.0878,SGIS실제인접,11213.7,22736.2,49.32,보간(2019/2025 실측 anchor),268.96,0,공식통계 기반(2023 스냅샷 비중 고정)
2021,충청남도,서산시,3470,4072,74215.0,0.0467,1.24,6,0.0748,SGIS실제인접,11060.1,22218.1,49.78,보간(2019/2025 실측 anchor),268.96,0,공식통계 기반(2023 스냅샷 비중 고정)
2022,충청남도,서산시,3073,3470,74215.0,0.0414,-12.68,7,0.0662,SGIS실제인접,10908.6,21711.8,50.24,보간(2019/2025 실측 anchor),268.96,0,공식통계 기반(2023 스냅샷 비중 고정)
2023,충청남도,서산시,2830,3073,74215.0,0.0381,-11.38,8,0.061,SGIS실제인접,10759.1,21217.1,50.71,보간(2019/2025 실측 anchor),268.96,0,공식통계 기반(2023 스냅샷 비중 고정)
2024,충청남도,서산시,2556,2830,74215.0,0.0344,-9.67,9,0.0551,SGIS실제인접,10611.8,20733.6,51.18,보간(2019/2025 실측 anchor),268.96,0,추정(최근추세 외삽)
2025,충청남도,서산시,2309,2556,74215.0,0.0311,-9.08,10,0.0498,SGIS실제인접,10466.4,20261.2,51.66,실측(임상도overlay),268.96,0,추정(최근추세 외삽)
2016,충청남도,천안시,2799,1906,63620.00000000001,0.044,,2,0.0157,SGIS실제인접,1693.4,28673.5,5.91,외삽(2019/2025 실측 anchor),225.83,0,공식통계 기반(2023 스냅샷 비중 고정)
2017,충청남도,천안시,3935,2799,63620.00000000001,0.0619,,3,0.0225,SGIS실제인접,1731.6,28518.3,6.07,외삽(2019/2025 실측 anchor),217.0,0,공식통계 기반(2023 스냅샷 비중 고정)
2018,충청남도,천안시,6022,3935,63620.00000000001,0.0947,,4,0.0354,SGIS실제인접,1770.6,28363.9,6.24,외삽(2019/2025 실측 anchor),217.0,0,공식통계 기반(2023 스냅샷 비중 고정)
2019,충청남도,천안시,7846,6022,63620.00000000001,0.1233,41.31,5,0.0493,SGIS실제인접,1810.5,28210.3,6.42,실측(임상도overlay),217.0,0,공식통계 기반(2023 스냅샷 비중 고정)
2020,충청남도,천안시,6921,7846,63620.00000000001,0.1088,23.84,6,0.0435,SGIS실제인접,1851.3,28057.6,6.6,보간(2019/2025 실측 anchor),217.0,0,공식통계 기반(2023 스냅샷 비중 고정)
2021,충청남도,천안시,5897,6921,63620.00000000001,0.0927,1.24,7,0.0372,SGIS실제인접,1893.1,27905.7,6.78,보간(2019/2025 실측 anchor),217.0,0,공식통계 기반(2023 스냅샷 비중 고정)
2022,충청남도,천안시,5222,5897,63620.00000000001,0.0821,-12.68,8,0.0327,SGIS실제인접,1935.7,27754.7,6.97,보간(2019/2025 실측 anchor),217.0,0,공식통계 기반(2023 스냅샷 비중 고정)
2023,충청남도,천안시,4810,5222,63620.00000000001,0.0756,-11.38,9,0.0297,SGIS실제인접,1979.4,27604.4,7.17,보간(2019/2025 실측 anchor),217.0,0,공식통계 기반(2023 스냅샷 비중 고정)
2024,충청남도,천안시,4345,4810,63620.00000000001,0.0683,-9.67,10,0.0265,SGIS실제인접,2024.0,27455.0,7.37,보간(2019/2025 실측 anchor),217.0,0,추정(최근추세 외삽)
2025,충청남도,천안시,3925,4345,63620.00000000001,0.0617,-9.08,11,0.0237,SGIS실제인접,2069.6,27306.4,7.58,실측(임상도overlay),217.0,0,추정(최근추세 외삽)
2016,충청남도,태안군,1792,1221,50494.0,0.0355,,3,0.0222,SGIS실제인접,13816.5,17642.0,78.32,외삽(2019/2025 실측 anchor),272.86,0,공식통계 기반(2023 스냅샷 비중 고정)
2017,충청남도,태안군,2520,1792,50494.0,0.0499,,4,0.0312,SGIS실제인접,13740.8,17600.1,78.07,외삽(2019/2025 실측 anchor),280.25,0,공식통계 기반(2023 스냅샷 비중 고정)
2018,충청남도,태안군,3856,2520,50494.0,0.0764,,5,0.0477,SGIS실제인접,13665.6,17558.4,77.83,외삽(2019/2025 실측 anchor),280.25,0,공식통계 기반(2023 스냅샷 비중 고정)
2019,충청남도,태안군,5024,3856,50494.0,0.0995,41.31,6,0.0622,SGIS실제인접,13590.8,17516.7,77.59,실측(임상도overlay),280.25,0,공식통계 기반(2023 스냅샷 비중 고정)
2020,충청남도,태안군,4432,5024,50494.0,0.0878,23.84,7,0.0549,SGIS실제인접,13516.3,17475.1,77.35,보간(2019/2025 실측 anchor),280.25,0,공식통계 기반(2023 스냅샷 비중 고정)
2021,충청남도,태안군,3776,4432,50494.0,0.0748,1.24,8,0.0467,SGIS실제인접,13442.3,17433.7,77.11,보간(2019/2025 실측 anchor),280.25,0,공식통계 기반(2023 스냅샷 비중 고정)
2022,충청남도,태안군,3344,3776,50494.0,0.0662,-12.68,9,0.0414,SGIS실제인접,13368.7,17392.3,76.87,보간(2019/2025 실측 anchor),280.25,0,공식통계 기반(2023 스냅샷 비중 고정)
2023,충청남도,태안군,3080,3344,50494.0,0.061,-11.38,10,0.0381,SGIS실제인접,13295.5,17351.0,76.63,보간(2019/2025 실측 anchor),280.25,0,공식통계 기반(2023 스냅샷 비중 고정)
2024,충청남도,태안군,2782,3080,50494.0,0.0551,-9.67,11,0.0344,SGIS실제인접,13222.7,17309.8,76.39,보간(2019/2025 실측 anchor),280.25,0,추정(최근추세 외삽)
2025,충청남도,태안군,2513,2782,50494.0,0.0498,-9.08,12,0.0311,SGIS실제인접,13150.3,17268.8,76.15,실측(임상도overlay),280.25,0,추정(최근추세 외삽)
2016,충청북도,보은군,679,438,58429.99999999999,0.0116,,1,0.0112,SGIS실제인접,7255.2,36950.5,19.63,외삽(2019/2025 실측 anchor),164.38,0,공식통계 기반(2023 스냅샷 비중 고정)
2017,충청북도,보은군,1018,679,58429.99999999999,0.0174,,2,0.0166,SGIS실제인접,7222.9,37040.0,19.5,외삽(2019/2025 실측 anchor),151.53,0,공식통계 기반(2023 스냅샷 비중 고정)
2018,충청북도,보은군,1632,1018,58429.99999999999,0.0279,,3,0.0258,SGIS실제인접,7190.8,37129.8,19.37,외삽(2019/2025 실측 anchor),151.53,0,공식통계 기반(2023 스냅샷 비중 고정)
2019,충청북도,보은군,2376,1632,58429.99999999999,0.0407,51.95,4,0.0361,SGIS실제인접,7158.8,37219.8,19.23,실측(임상도overlay),151.53,0,공식통계 기반(2023 스냅샷 비중 고정)
2020,충청북도,보은군,2102,2376,58429.99999999999,0.036,31.44,5,0.0324,SGIS실제인접,7127.0,37310.1,19.1,보간(2019/2025 실측 anchor),151.53,0,공식통계 기반(2023 스냅샷 비중 고정)
2021,충청북도,보은군,1802,2102,58429.99999999999,0.0308,6.59,6,0.0278,SGIS실제인접,7095.3,37400.5,18.97,보간(2019/2025 실측 anchor),151.53,0,공식통계 기반(2023 스냅샷 비중 고정)
2022,충청북도,보은군,1580,1802,58429.99999999999,0.027,-12.71,7,0.0243,SGIS실제인접,7063.7,37491.2,18.84,보간(2019/2025 실측 anchor),151.53,0,공식통계 기반(2023 스냅샷 비중 고정)
2023,충청북도,보은군,1410,1580,58429.99999999999,0.0241,-12.45,8,0.0219,SGIS실제인접,7032.3,37582.0,18.71,보간(2019/2025 실측 anchor),151.53,0,공식통계 기반(2023 스냅샷 비중 고정)
2024,충청북도,보은군,1247,1410,58429.99999999999,0.0213,-11.53,9,0.0194,SGIS실제인접,7001.0,37673.1,18.58,보간(2019/2025 실측 anchor),151.53,0,추정(최근추세 외삽)
2025,충청북도,보은군,1104,1247,58429.99999999999,0.0189,-11.27,10,0.0172,SGIS실제인접,6969.9,37764.5,18.46,실측(임상도overlay),151.53,0,추정(최근추세 외삽)
2016,충청북도,청주시,1050,677,94033.0,0.0112,,1,0.0278,SGIS실제인접,4180.3,38547.8,10.84,외삽(2019/2025 실측 anchor),190.36,0,공식통계 기반(2023 스냅샷 비중 고정)
2017,충청북도,청주시,1574,1050,94033.0,0.0167,,2,0.0396,SGIS실제인접,4098.0,38813.3,10.56,외삽(2019/2025 실측 anchor),178.45,0,공식통계 기반(2023 스냅샷 비중 고정)
2018,충청북도,청주시,2523,1574,94033.0,0.0268,,3,0.0613,SGIS실제인접,4017.3,39080.7,10.28,외삽(2019/2025 실측 anchor),178.45,0,공식통계 기반(2023 스냅샷 비중 고정)
2019,충청북도,청주시,3674,2523,94033.0,0.0391,51.95,4,0.082,SGIS실제인접,3938.2,39349.8,10.01,실측(임상도overlay),178.45,0,공식통계 기반(2023 스냅샷 비중 고정)
2020,충청북도,청주시,3250,3674,94033.0,0.0346,31.44,5,0.0724,SGIS실제인접,3860.7,39620.8,9.74,보간(2019/2025 실측 anchor),178.45,0,공식통계 기반(2023 스냅샷 비중 고정)
2021,충청북도,청주시,2786,3250,94033.0,0.0296,6.59,6,0.0618,SGIS실제인접,3784.7,39893.7,9.49,보간(2019/2025 실측 anchor),178.45,0,공식통계 기반(2023 스냅샷 비중 고정)
2022,충청북도,청주시,2442,2786,94033.0,0.026,-12.71,7,0.0546,SGIS실제인접,3710.2,40168.5,9.24,보간(2019/2025 실측 anchor),178.45,0,공식통계 기반(2023 스냅샷 비중 고정)
2023,충청북도,청주시,2180,2442,94033.0,0.0232,-12.45,8,0.0499,SGIS실제인접,3637.2,40445.1,8.99,보간(2019/2025 실측 anchor),178.45,0,공식통계 기반(2023 스냅샷 비중 고정)
2024,충청북도,청주시,1929,2180,94033.0,0.0205,-11.53,9,0.0448,SGIS실제인접,3565.6,40723.7,8.76,보간(2019/2025 실측 anchor),178.45,0,추정(최근추세 외삽)
2025,충청북도,청주시,1706,1929,94033.0,0.0181,-11.27,10,0.0403,SGIS실제인접,3495.4,41004.2,8.52,실측(임상도overlay),178.45,0,추정(최근추세 외삽)
