연도,시도,시군구,stnId,참조관측소,매핑방식,연평균기온,겨울철_평균최저기온,겨울철_자료완전성,여름철_평균기온,연강수량_mm,평균풍속_ms,GDD_솔수염하늘소_base11.9,GDD_북방수염하늘소_base8.3,SPI3_연평균,SPI3_최저월(최심가뭄),SPI3_최고월(최다습),SPI3_유효월수,연간관측일수,표고_m,표고_비고,토양수분_비고,비고
2016,강원도,삼척시,106,동해,최근접대체,14.2,0.06,True,23.43,924.5,1.98,1832.6,2703.6,-0.63,-2.28,0.53,11.0,366,,이번 산출물에서 제외(사용자 요청) - 추후 국토지리정보원 자료로 보강 필요,ASOS 일자료 조회서비스 응답 항목에 토양수분 필드 자체가 없어 변수 제외,삼척시 자체 ASOS 관측소(214)가 있으나 이 프로젝트의 원자료 수집 단계에서 관측 실패(NO_DATA)로 제외됨(CH2 기후위험도/scripts/assemble_final.py 기록 참고). 바로 인접한 동해시 관측소로 대체
2017,강원도,삼척시,106,동해,최근접대체,14.13,0.74,True,23.37,985.7,2.13,1829.8,2657.6,-0.48,-1.52,0.87,12.0,365,,이번 산출물에서 제외(사용자 요청) - 추후 국토지리정보원 자료로 보강 필요,ASOS 일자료 조회서비스 응답 항목에 토양수분 필드 자체가 없어 변수 제외,삼척시 자체 ASOS 관측소(214)가 있으나 이 프로젝트의 원자료 수집 단계에서 관측 실패(NO_DATA)로 제외됨(CH2 기후위험도/scripts/assemble_final.py 기록 참고). 바로 인접한 동해시 관측소로 대체
2018,강원도,삼척시,106,동해,최근접대체,13.22,-2.42,True,23.45,1436.5,2.07,1681.5,2506.0,0.56,-0.97,1.74,12.0,365,,이번 산출물에서 제외(사용자 요청) - 추후 국토지리정보원 자료로 보강 필요,ASOS 일자료 조회서비스 응답 항목에 토양수분 필드 자체가 없어 변수 제외,삼척시 자체 ASOS 관측소(214)가 있으나 이 프로젝트의 원자료 수집 단계에서 관측 실패(NO_DATA)로 제외됨(CH2 기후위험도/scripts/assemble_final.py 기록 참고). 바로 인접한 동해시 관측소로 대체
2019,강원도,삼척시,106,동해,최근접대체,13.45,-0.83,True,22.08,1532.8,2.03,1571.9,2383.6,0.35,-1.06,1.73,12.0,365,,이번 산출물에서 제외(사용자 요청) - 추후 국토지리정보원 자료로 보강 필요,ASOS 일자료 조회서비스 응답 항목에 토양수분 필드 자체가 없어 변수 제외,삼척시 자체 ASOS 관측소(214)가 있으나 이 프로젝트의 원자료 수집 단계에서 관측 실패(NO_DATA)로 제외됨(CH2 기후위험도/scripts/assemble_final.py 기록 참고). 바로 인접한 동해시 관측소로 대체
2020,강원도,삼척시,106,동해,최근접대체,12.96,0.88,True,21.81,1322.4,2.12,1446.8,2237.3,0.48,-2.35,2.07,12.0,366,,이번 산출물에서 제외(사용자 요청) - 추후 국토지리정보원 자료로 보강 필요,ASOS 일자료 조회서비스 응답 항목에 토양수분 필드 자체가 없어 변수 제외,삼척시 자체 ASOS 관측소(214)가 있으나 이 프로젝트의 원자료 수집 단계에서 관측 실패(NO_DATA)로 제외됨(CH2 기후위험도/scripts/assemble_final.py 기록 참고). 바로 인접한 동해시 관측소로 대체
2021,강원도,삼척시,106,동해,최근접대체,13.55,-1.8,True,22.78,1244.6,1.98,1633.0,2483.0,-0.01,-1.87,1.76,12.0,365,,이번 산출물에서 제외(사용자 요청) - 추후 국토지리정보원 자료로 보강 필요,ASOS 일자료 조회서비스 응답 항목에 토양수분 필드 자체가 없어 변수 제외,삼척시 자체 ASOS 관측소(214)가 있으나 이 프로젝트의 원자료 수집 단계에서 관측 실패(NO_DATA)로 제외됨(CH2 기후위험도/scripts/assemble_final.py 기록 참고). 바로 인접한 동해시 관측소로 대체
2022,강원도,삼척시,106,동해,최근접대체,13.75,-1.13,True,23.13,1101.4,1.95,1758.4,2628.3,-0.23,-0.74,0.4,12.0,365,,이번 산출물에서 제외(사용자 요청) - 추후 국토지리정보원 자료로 보강 필요,ASOS 일자료 조회서비스 응답 항목에 토양수분 필드 자체가 없어 변수 제외,삼척시 자체 ASOS 관측소(214)가 있으나 이 프로젝트의 원자료 수집 단계에서 관측 실패(NO_DATA)로 제외됨(CH2 기후위험도/scripts/assemble_final.py 기록 참고). 바로 인접한 동해시 관측소로 대체
2023,강원도,삼척시,106,동해,최근접대체,14.48,-0.9,True,23.73,1356.8,1.88,1878.6,2770.5,0.01,-1.33,0.81,12.0,365,,이번 산출물에서 제외(사용자 요청) - 추후 국토지리정보원 자료로 보강 필요,ASOS 일자료 조회서비스 응답 항목에 토양수분 필드 자체가 없어 변수 제외,삼척시 자체 ASOS 관측소(214)가 있으나 이 프로젝트의 원자료 수집 단계에서 관측 실패(NO_DATA)로 제외됨(CH2 기후위험도/scripts/assemble_final.py 기록 참고). 바로 인접한 동해시 관측소로 대체
2024,강원도,삼척시,106,동해,최근접대체,14.74,0.17,True,25.43,1275.0,2.21,2116.7,2975.4,0.56,-1.06,2.11,12.0,366,,이번 산출물에서 제외(사용자 요청) - 추후 국토지리정보원 자료로 보강 필요,ASOS 일자료 조회서비스 응답 항목에 토양수분 필드 자체가 없어 변수 제외,삼척시 자체 ASOS 관측소(214)가 있으나 이 프로젝트의 원자료 수집 단계에서 관측 실패(NO_DATA)로 제외됨(CH2 기후위험도/scripts/assemble_final.py 기록 참고). 바로 인접한 동해시 관측소로 대체
2025,강원도,삼척시,106,동해,최근접대체,14.36,-1.68,True,25.71,1055.5,2.45,2021.2,2870.8,-0.65,-2.54,1.27,12.0,365,,이번 산출물에서 제외(사용자 요청) - 추후 국토지리정보원 자료로 보강 필요,ASOS 일자료 조회서비스 응답 항목에 토양수분 필드 자체가 없어 변수 제외,삼척시 자체 ASOS 관측소(214)가 있으나 이 프로젝트의 원자료 수집 단계에서 관측 실패(NO_DATA)로 제외됨(CH2 기후위험도/scripts/assemble_final.py 기록 참고). 바로 인접한 동해시 관측소로 대체
2016,경기도,안성시,203,이천,최근접대체,12.74,-6.26,True,25.18,870.2,1.34,1989.6,2795.8,-0.53,-2.12,0.8,11.0,366,,이번 산출물에서 제외(사용자 요청) - 추후 국토지리정보원 자료로 보강 필요,ASOS 일자료 조회서비스 응답 항목에 토양수분 필드 자체가 없어 변수 제외,안성시 자체 ASOS 관측소 없음. 이천시와 바로 접경해 지리적으로 가장 근접(수원 관측소와도 유사 거리이나 이천을 채택) - 근사치이므로 정밀 분석 시 재검토 권장
2017,경기도,안성시,203,이천,최근접대체,11.85,-6.57,True,24.0,1020.0,1.38,1778.4,2547.6,-0.9,-2.14,0.44,12.0,365,,이번 산출물에서 제외(사용자 요청) - 추후 국토지리정보원 자료로 보강 필요,ASOS 일자료 조회서비스 응답 항목에 토양수분 필드 자체가 없어 변수 제외,안성시 자체 ASOS 관측소 없음. 이천시와 바로 접경해 지리적으로 가장 근접(수원 관측소와도 유사 거리이나 이천을 채택) - 근사치이므로 정밀 분석 시 재검토 권장
2018,경기도,안성시,203,이천,최근접대체,11.79,-8.82,True,25.46,1425.5,1.42,1818.5,2579.6,0.36,-1.02,1.7,12.0,365,,이번 산출물에서 제외(사용자 요청) - 추후 국토지리정보원 자료로 보강 필요,ASOS 일자료 조회서비스 응답 항목에 토양수분 필드 자체가 없어 변수 제외,안성시 자체 ASOS 관측소 없음. 이천시와 바로 접경해 지리적으로 가장 근접(수원 관측소와도 유사 거리이나 이천을 채택) - 근사치이므로 정밀 분석 시 재검토 권장
2019,경기도,안성시,203,이천,최근접대체,12.4,-7.5,True,24.35,997.5,1.3,1858.8,2605.5,-0.51,-1.37,0.66,12.0,365,,이번 산출물에서 제외(사용자 요청) - 추후 국토지리정보원 자료로 보강 필요,ASOS 일자료 조회서비스 응답 항목에 토양수분 필드 자체가 없어 변수 제외,안성시 자체 ASOS 관측소 없음. 이천시와 바로 접경해 지리적으로 가장 근접(수원 관측소와도 유사 거리이나 이천을 채택) - 근사치이므로 정밀 분석 시 재검토 권장
2020,경기도,안성시,203,이천,최근접대체,12.48,-3.67,True,24.29,1668.8,1.2,1717.8,2476.1,0.41,-2.02,1.58,12.0,366,,이번 산출물에서 제외(사용자 요청) - 추후 국토지리정보원 자료로 보강 필요,ASOS 일자료 조회서비스 응답 항목에 토양수분 필드 자체가 없어 변수 제외,안성시 자체 ASOS 관측소 없음. 이천시와 바로 접경해 지리적으로 가장 근접(수원 관측소와도 유사 거리이나 이천을 채택) - 근사치이므로 정밀 분석 시 재검토 권장
2021,경기도,안성시,203,이천,최근접대체,12.71,-6.8,True,24.56,1076.6,1.1,1838.6,2629.6,-0.28,-1.46,1.38,12.0,365,,이번 산출물에서 제외(사용자 요청) - 추후 국토지리정보원 자료로 보강 필요,ASOS 일자료 조회서비스 응답 항목에 토양수분 필드 자체가 없어 변수 제외,안성시 자체 ASOS 관측소 없음. 이천시와 바로 접경해 지리적으로 가장 근접(수원 관측소와도 유사 거리이나 이천을 채택) - 근사치이므로 정밀 분석 시 재검토 권장
2022,경기도,안성시,203,이천,최근접대체,12.25,-7.32,True,24.69,1537.3,1.12,1849.9,2639.0,0.1,-1.64,1.26,12.0,365,,이번 산출물에서 제외(사용자 요청) - 추후 국토지리정보원 자료로 보강 필요,ASOS 일자료 조회서비스 응답 항목에 토양수분 필드 자체가 없어 변수 제외,안성시 자체 ASOS 관측소 없음. 이천시와 바로 접경해 지리적으로 가장 근접(수원 관측소와도 유사 거리이나 이천을 채택) - 근사치이므로 정밀 분석 시 재검토 권장
2023,경기도,안성시,203,이천,최근접대체,13.13,-7.59,True,25.14,1633.4,1.02,1963.9,2785.8,0.17,-1.77,1.77,12.0,365,,이번 산출물에서 제외(사용자 요청) - 추후 국토지리정보원 자료로 보강 필요,ASOS 일자료 조회서비스 응답 항목에 토양수분 필드 자체가 없어 변수 제외,안성시 자체 ASOS 관측소 없음. 이천시와 바로 접경해 지리적으로 가장 근접(수원 관측소와도 유사 거리이나 이천을 채택) - 근사치이므로 정밀 분석 시 재검토 권장
2024,경기도,안성시,203,이천,최근접대체,13.89,-4.04,True,25.9,1706.7,1.01,2172.6,3010.1,1.02,0.08,1.98,12.0,366,,이번 산출물에서 제외(사용자 요청) - 추후 국토지리정보원 자료로 보강 필요,ASOS 일자료 조회서비스 응답 항목에 토양수분 필드 자체가 없어 변수 제외,안성시 자체 ASOS 관측소 없음. 이천시와 바로 접경해 지리적으로 가장 근접(수원 관측소와도 유사 거리이나 이천을 채택) - 근사치이므로 정밀 분석 시 재검토 권장
2025,경기도,안성시,203,이천,최근접대체,13.12,-6.76,True,26.06,1397.5,1.02,2086.9,2875.1,0.13,-0.87,1.42,12.0,365,,이번 산출물에서 제외(사용자 요청) - 추후 국토지리정보원 자료로 보강 필요,ASOS 일자료 조회서비스 응답 항목에 토양수분 필드 자체가 없어 변수 제외,안성시 자체 ASOS 관측소 없음. 이천시와 바로 접경해 지리적으로 가장 근접(수원 관측소와도 유사 거리이나 이천을 채택) - 근사치이므로 정밀 분석 시 재검토 권장
2016,경기도,파주시,99,파주,동일지역,11.71,-7.92,True,23.98,1163.9,1.55,1832.4,2623.2,0.21,-1.02,1.54,11.0,366,,이번 산출물에서 제외(사용자 요청) - 추후 국토지리정보원 자료로 보강 필요,ASOS 일자료 조회서비스 응답 항목에 토양수분 필드 자체가 없어 변수 제외,
2017,경기도,파주시,99,파주,동일지역,10.64,-8.18,True,23.32,947.8,1.43,1644.0,2382.3,-0.79,-2.27,0.59,12.0,365,,이번 산출물에서 제외(사용자 요청) - 추후 국토지리정보원 자료로 보강 필요,ASOS 일자료 조회서비스 응답 항목에 토양수분 필드 자체가 없어 변수 제외,
2018,경기도,파주시,99,파주,동일지역,10.52,-11.46,True,24.29,1009.5,1.49,1659.2,2390.8,-0.26,-1.73,1.17,12.0,365,,이번 산출물에서 제외(사용자 요청) - 추후 국토지리정보원 자료로 보강 필요,ASOS 일자료 조회서비스 응답 항목에 토양수분 필드 자체가 없어 변수 제외,
2019,경기도,파주시,99,파주,동일지역,11.31,-9.37,True,23.41,1022.4,1.31,1654.3,2372.6,-0.66,-1.63,0.9,12.0,365,,이번 산출물에서 제외(사용자 요청) - 추후 국토지리정보원 자료로 보강 필요,ASOS 일자료 조회서비스 응답 항목에 토양수분 필드 자체가 없어 변수 제외,
2020,경기도,파주시,99,파주,동일지역,11.18,-5.32,True,23.29,1612.3,1.4,1553.0,2253.0,0.44,-1.25,1.68,12.0,366,,이번 산출물에서 제외(사용자 요청) - 추후 국토지리정보원 자료로 보강 필요,ASOS 일자료 조회서비스 응답 항목에 토양수분 필드 자체가 없어 변수 제외,
2021,경기도,파주시,99,파주,동일지역,11.58,-8.97,True,23.79,1037.9,1.39,1709.0,2458.8,-0.08,-1.56,1.76,12.0,365,,이번 산출물에서 제외(사용자 요청) - 추후 국토지리정보원 자료로 보강 필요,ASOS 일자료 조회서비스 응답 항목에 토양수분 필드 자체가 없어 변수 제외,
2022,경기도,파주시,99,파주,동일지역,10.75,-10.23,True,23.58,1730.5,1.26,1623.8,2368.8,0.4,-1.52,1.38,12.0,365,,이번 산출물에서 제외(사용자 요청) - 추후 국토지리정보원 자료로 보강 필요,ASOS 일자료 조회서비스 응답 항목에 토양수분 필드 자체가 없어 변수 제외,
2023,경기도,파주시,99,파주,동일지역,11.8,-9.55,True,23.98,1438.0,1.29,1786.3,2557.2,0.16,-0.78,1.02,12.0,365,,이번 산출물에서 제외(사용자 요청) - 추후 국토지리정보원 자료로 보강 필요,ASOS 일자료 조회서비스 응답 항목에 토양수분 필드 자체가 없어 변수 제외,
2024,경기도,파주시,99,파주,동일지역,12.53,-5.92,True,24.99,1472.6,1.3,1957.4,2763.4,0.27,-1.11,2.02,12.0,366,,이번 산출물에서 제외(사용자 요청) - 추후 국토지리정보원 자료로 보강 필요,ASOS 일자료 조회서비스 응답 항목에 토양수분 필드 자체가 없어 변수 제외,
2025,경기도,파주시,99,파주,동일지역,11.64,-9.5,True,24.83,1620.9,1.29,1826.6,2577.2,0.32,-1.15,1.57,12.0,365,,이번 산출물에서 제외(사용자 요청) - 추후 국토지리정보원 자료로 보강 필요,ASOS 일자료 조회서비스 응답 항목에 토양수분 필드 자체가 없어 변수 제외,
2016,경상남도,거제시,294,거제,동일지역,15.57,1.01,True,25.42,2262.6,1.81,2238.6,3166.8,0.52,-1.29,1.66,11.0,366,,이번 산출물에서 제외(사용자 요청) - 추후 국토지리정보원 자료로 보강 필요,ASOS 일자료 조회서비스 응답 항목에 토양수분 필드 자체가 없어 변수 제외,
2017,경상남도,거제시,294,거제,동일지역,15.28,0.68,True,25.52,1411.1,1.84,2207.4,3075.7,-0.6,-1.83,1.2,12.0,365,,이번 산출물에서 제외(사용자 요청) - 추후 국토지리정보원 자료로 보강 필요,ASOS 일자료 조회서비스 응답 항목에 토양수분 필드 자체가 없어 변수 제외,
2018,경상남도,거제시,294,거제,동일지역,15.03,-1.49,True,25.92,2507.6,1.78,2165.4,3075.5,0.59,-1.79,2.05,12.0,365,,이번 산출물에서 제외(사용자 요청) - 추후 국토지리정보원 자료로 보강 필요,ASOS 일자료 조회서비스 응답 항목에 토양수분 필드 자체가 없어 변수 제외,
2019,경상남도,거제시,294,거제,동일지역,15.61,0.79,True,24.66,2268.7,1.68,2168.4,3084.8,0.26,-0.67,1.0,12.0,365,,이번 산출물에서 제외(사용자 요청) - 추후 국토지리정보원 자료로 보강 필요,ASOS 일자료 조회서비스 응답 항목에 토양수분 필드 자체가 없어 변수 제외,
2020,경상남도,거제시,294,거제,동일지역,14.76,2.13,True,23.97,2481.8,1.59,1878.2,2779.8,0.38,-1.25,1.57,12.0,366,,이번 산출물에서 제외(사용자 요청) - 추후 국토지리정보원 자료로 보강 필요,ASOS 일자료 조회서비스 응답 항목에 토양수분 필드 자체가 없어 변수 제외,
2021,경상남도,거제시,294,거제,동일지역,15.22,0.19,True,24.56,2227.9,1.52,2030.1,2973.8,0.07,-1.24,0.99,12.0,365,,이번 산출물에서 제외(사용자 요청) - 추후 국토지리정보원 자료로 보강 필요,ASOS 일자료 조회서비스 응답 항목에 토양수분 필드 자체가 없어 변수 제외,
2022,경상남도,거제시,294,거제,동일지역,14.84,-0.36,True,24.62,1294.0,1.5,2047.8,2966.0,-1.18,-2.41,-0.24,12.0,365,,이번 산출물에서 제외(사용자 요청) - 추후 국토지리정보원 자료로 보강 필요,ASOS 일자료 조회서비스 응답 항목에 토양수분 필드 자체가 없어 변수 제외,
2023,경상남도,거제시,294,거제,동일지역,15.35,-0.29,True,24.87,2585.5,1.39,2099.8,3031.0,0.49,-0.72,1.42,12.0,365,,이번 산출물에서 제외(사용자 요청) - 추후 국토지리정보원 자료로 보강 필요,ASOS 일자료 조회서비스 응답 항목에 토양수분 필드 자체가 없어 변수 제외,
2024,경상남도,거제시,294,거제,동일지역,16.0,1.76,True,25.42,2213.4,1.44,2324.6,3235.2,0.5,-0.38,1.26,12.0,366,,이번 산출물에서 제외(사용자 요청) - 추후 국토지리정보원 자료로 보강 필요,ASOS 일자료 조회서비스 응답 항목에 토양수분 필드 자체가 없어 변수 제외,
2025,경상남도,거제시,294,거제,동일지역,15.24,-0.55,True,25.55,1399.8,1.57,2194.5,3073.3,-0.96,-1.79,-0.11,12.0,365,,이번 산출물에서 제외(사용자 요청) - 추후 국토지리정보원 자료로 보강 필요,ASOS 일자료 조회서비스 응답 항목에 토양수분 필드 자체가 없어 변수 제외,
2016,경상남도,김해시,253,김해시,동일지역,15.45,0.7,True,25.71,1634.0,2.08,2312.1,3233.9,0.59,-0.89,1.81,11.0,366,,이번 산출물에서 제외(사용자 요청) - 추후 국토지리정보원 자료로 보강 필요,ASOS 일자료 조회서비스 응답 항목에 토양수분 필드 자체가 없어 변수 제외,
2017,경상남도,김해시,253,김해시,동일지역,14.62,-0.41,True,25.11,755.8,2.18,2168.2,3025.5,-0.98,-1.98,0.76,12.0,365,,이번 산출물에서 제외(사용자 요청) - 추후 국토지리정보원 자료로 보강 필요,ASOS 일자료 조회서비스 응답 항목에 토양수분 필드 자체가 없어 변수 제외,
2018,경상남도,김해시,253,김해시,동일지역,14.87,-2.98,True,26.08,1469.7,2.13,2242.2,3156.0,0.23,-1.61,1.18,12.0,365,,이번 산출물에서 제외(사용자 요청) - 추후 국토지리정보원 자료로 보강 필요,ASOS 일자료 조회서비스 응답 항목에 토양수분 필드 자체가 없어 변수 제외,
2019,경상남도,김해시,253,김해시,동일지역,15.62,-0.3,True,24.87,1494.0,2.08,2252.4,3179.5,0.09,-0.76,0.83,12.0,365,,이번 산출물에서 제외(사용자 요청) - 추후 국토지리정보원 자료로 보강 필요,ASOS 일자료 조회서비스 응답 항목에 토양수분 필드 자체가 없어 변수 제외,
2020,경상남도,김해시,253,김해시,동일지역,14.8,1.46,True,24.59,1702.5,1.93,2028.3,2925.2,0.32,-1.61,1.42,12.0,366,,이번 산출물에서 제외(사용자 요청) - 추후 국토지리정보원 자료로 보강 필요,ASOS 일자료 조회서비스 응답 항목에 토양수분 필드 자체가 없어 변수 제외,
2021,경상남도,김해시,253,김해시,동일지역,15.17,-1.36,True,25.01,1552.6,1.73,2177.6,3122.9,0.13,-1.11,1.08,12.0,365,,이번 산출물에서 제외(사용자 요청) - 추후 국토지리정보원 자료로 보강 필요,ASOS 일자료 조회서비스 응답 항목에 토양수분 필드 자체가 없어 변수 제외,
2022,경상남도,김해시,253,김해시,동일지역,14.94,-1.83,True,25.31,874.0,1.72,2234.6,3160.6,-1.12,-2.26,-0.12,12.0,365,,이번 산출물에서 제외(사용자 요청) - 추후 국토지리정보원 자료로 보강 필요,ASOS 일자료 조회서비스 응답 항목에 토양수분 필드 자체가 없어 변수 제외,
2023,경상남도,김해시,253,김해시,동일지역,15.53,-1.61,True,25.57,1879.6,1.6,2307.2,3254.0,0.61,-0.62,1.46,12.0,365,,이번 산출물에서 제외(사용자 요청) - 추후 국토지리정보원 자료로 보강 필요,ASOS 일자료 조회서비스 응답 항목에 토양수분 필드 자체가 없어 변수 제외,
2024,경상남도,김해시,253,김해시,동일지역,16.15,0.72,True,26.28,1720.0,1.58,2534.1,3449.8,0.89,-0.58,1.79,12.0,366,,이번 산출물에서 제외(사용자 요청) - 추후 국토지리정보원 자료로 보강 필요,ASOS 일자료 조회서비스 응답 항목에 토양수분 필드 자체가 없어 변수 제외,
2025,경상남도,김해시,253,김해시,동일지역,15.45,-1.97,True,26.42,1130.9,1.6,2407.1,3298.6,-0.7,-1.85,0.45,12.0,365,,이번 산출물에서 제외(사용자 요청) - 추후 국토지리정보원 자료로 보강 필요,ASOS 일자료 조회서비스 응답 항목에 토양수분 필드 자체가 없어 변수 제외,
2016,경상남도,남해군,295,남해,동일지역,15.13,0.29,True,25.39,2400.8,1.27,2202.9,3110.2,0.73,-1.62,1.99,11.0,366,,이번 산출물에서 제외(사용자 요청) - 추후 국토지리정보원 자료로 보강 필요,ASOS 일자료 조회서비스 응답 항목에 토양수분 필드 자체가 없어 변수 제외,
2017,경상남도,남해군,295,남해,동일지역,14.95,-0.59,True,25.6,1157.8,1.33,2217.7,3066.4,-0.8,-1.86,1.34,12.0,365,,이번 산출물에서 제외(사용자 요청) - 추후 국토지리정보원 자료로 보강 필요,ASOS 일자료 조회서비스 응답 항목에 토양수분 필드 자체가 없어 변수 제외,
2018,경상남도,남해군,295,남해,동일지역,14.68,-2.48,True,25.84,2203.6,1.29,2119.6,3004.2,0.38,-1.46,1.36,12.0,365,,이번 산출물에서 제외(사용자 요청) - 추후 국토지리정보원 자료로 보강 필요,ASOS 일자료 조회서비스 응답 항목에 토양수분 필드 자체가 없어 변수 제외,
2019,경상남도,남해군,295,남해,동일지역,15.23,-0.41,True,24.65,2171.7,1.28,2128.0,3022.4,0.19,-0.73,0.9,12.0,365,,이번 산출물에서 제외(사용자 요청) - 추후 국토지리정보원 자료로 보강 필요,ASOS 일자료 조회서비스 응답 항목에 토양수분 필드 자체가 없어 변수 제외,
2020,경상남도,남해군,295,남해,동일지역,14.63,1.18,True,24.18,2258.0,1.39,1901.5,2791.6,0.17,-1.27,1.2,12.0,366,,이번 산출물에서 제외(사용자 요청) - 추후 국토지리정보원 자료로 보강 필요,ASOS 일자료 조회서비스 응답 항목에 토양수분 필드 자체가 없어 변수 제외,
2021,경상남도,남해군,295,남해,동일지역,15.12,-0.79,True,24.79,1981.4,1.5,2075.8,3011.6,-0.05,-1.3,0.99,12.0,365,,이번 산출물에서 제외(사용자 요청) - 추후 국토지리정보원 자료로 보강 필요,ASOS 일자료 조회서비스 응답 항목에 토양수분 필드 자체가 없어 변수 제외,
2022,경상남도,남해군,295,남해,동일지역,14.8,-1.32,True,25.0,1338.2,1.5,2088.4,2997.2,-1.02,-2.42,-0.28,12.0,365,,이번 산출물에서 제외(사용자 요청) - 추후 국토지리정보원 자료로 보강 필요,ASOS 일자료 조회서비스 응답 항목에 토양수분 필드 자체가 없어 변수 제외,
2023,경상남도,남해군,295,남해,동일지역,15.32,-1.15,True,25.03,2699.2,1.44,2163.5,3092.1,0.49,-0.86,1.77,12.0,365,,이번 산출물에서 제외(사용자 요청) - 추후 국토지리정보원 자료로 보강 필요,ASOS 일자료 조회서비스 응답 항목에 토양수분 필드 자체가 없어 변수 제외,
2024,경상남도,남해군,295,남해,동일지역,15.98,1.21,True,25.95,2375.1,1.6,2388.2,3301.1,0.69,-0.77,1.43,12.0,366,,이번 산출물에서 제외(사용자 요청) - 추후 국토지리정보원 자료로 보강 필요,ASOS 일자료 조회서비스 응답 항목에 토양수분 필드 자체가 없어 변수 제외,
2025,경상남도,남해군,295,남해,동일지역,15.27,-1.01,True,25.79,1434.9,1.55,2264.2,3143.8,-0.69,-1.44,0.08,12.0,365,,이번 산출물에서 제외(사용자 요청) - 추후 국토지리정보원 자료로 보강 필요,ASOS 일자료 조회서비스 응답 항목에 토양수분 필드 자체가 없어 변수 제외,
2016,경상남도,밀양시,288,밀양,동일지역,14.76,-2.57,True,25.95,1568.2,1.04,2212.6,3081.2,0.84,-0.9,2.01,11.0,366,,이번 산출물에서 제외(사용자 요청) - 추후 국토지리정보원 자료로 보강 필요,ASOS 일자료 조회서비스 응답 항목에 토양수분 필드 자체가 없어 변수 제외,
2017,경상남도,밀양시,288,밀양,동일지역,14.27,-3.55,True,26.16,558.1,1.1,2191.0,3003.4,-1.13,-2.17,0.74,12.0,365,,이번 산출물에서 제외(사용자 요청) - 추후 국토지리정보원 자료로 보강 필요,ASOS 일자료 조회서비스 응답 항목에 토양수분 필드 자체가 없어 변수 제외,
2018,경상남도,밀양시,288,밀양,동일지역,13.91,-6.09,True,26.21,1337.0,1.09,2078.6,2915.4,0.28,-1.59,1.16,12.0,365,,이번 산출물에서 제외(사용자 요청) - 추후 국토지리정보원 자료로 보강 필요,ASOS 일자료 조회서비스 응답 항목에 토양수분 필드 자체가 없어 변수 제외,
2019,경상남도,밀양시,288,밀양,동일지역,14.36,-3.65,True,24.87,1181.1,1.04,2030.0,2872.2,-0.04,-0.74,1.09,12.0,365,,이번 산출물에서 제외(사용자 요청) - 추후 국토지리정보원 자료로 보강 필요,ASOS 일자료 조회서비스 응답 항목에 토양수분 필드 자체가 없어 변수 제외,
2020,경상남도,밀양시,288,밀양,동일지역,14.13,-1.63,True,24.95,1398.8,1.06,1918.9,2762.5,0.23,-1.22,1.18,12.0,366,,이번 산출물에서 제외(사용자 요청) - 추후 국토지리정보원 자료로 보강 필요,ASOS 일자료 조회서비스 응답 항목에 토양수분 필드 자체가 없어 변수 제외,
2021,경상남도,밀양시,288,밀양,동일지역,14.54,-4.04,True,25.4,1202.5,1.04,2123.4,2996.8,0.01,-0.94,0.92,12.0,365,,이번 산출물에서 제외(사용자 요청) - 추후 국토지리정보원 자료로 보강 필요,ASOS 일자료 조회서비스 응답 항목에 토양수분 필드 자체가 없어 변수 제외,
2022,경상남도,밀양시,288,밀양,동일지역,14.61,-4.19,True,25.97,843.2,1.13,2195.0,3080.8,-1.02,-2.23,-0.24,12.0,365,,이번 산출물에서 제외(사용자 요청) - 추후 국토지리정보원 자료로 보강 필요,ASOS 일자료 조회서비스 응답 항목에 토양수분 필드 자체가 없어 변수 제외,
2023,경상남도,밀양시,288,밀양,동일지역,15.03,-3.95,True,26.02,1874.0,0.98,2236.6,3138.4,0.7,-0.95,2.31,12.0,365,,이번 산출물에서 제외(사용자 요청) - 추후 국토지리정보원 자료로 보강 필요,ASOS 일자료 조회서비스 응답 항목에 토양수분 필드 자체가 없어 변수 제외,
2024,경상남도,밀양시,288,밀양,동일지역,15.84,-1.05,True,26.93,1200.9,1.01,2508.2,3393.1,0.48,-0.91,1.75,12.0,366,,이번 산출물에서 제외(사용자 요청) - 추후 국토지리정보원 자료로 보강 필요,ASOS 일자료 조회서비스 응답 항목에 토양수분 필드 자체가 없어 변수 제외,
2025,경상남도,밀양시,288,밀양,동일지역,15.14,-4.28,True,27.27,1314.0,1.3,2450.8,3295.0,-0.26,-1.55,1.18,12.0,365,,이번 산출물에서 제외(사용자 요청) - 추후 국토지리정보원 자료로 보강 필요,ASOS 일자료 조회서비스 응답 항목에 토양수분 필드 자체가 없어 변수 제외,
2016,경상남도,사천시,192,진주,최근접대체,13.84,-3.51,True,24.77,1734.6,1.11,1973.9,2821.7,0.63,-1.29,1.79,11.0,366,,이번 산출물에서 제외(사용자 요청) - 추후 국토지리정보원 자료로 보강 필요,ASOS 일자료 조회서비스 응답 항목에 토양수분 필드 자체가 없어 변수 제외,사천시 자체 ASOS 관측소 없음. 진주시와 접경(사실상 동일 생활권)이라 진주 관측소로 대체 - 사천시는 진주시와 기후 변수값이 동일해짐에 유의
2017,경상남도,사천시,192,진주,최근접대체,13.59,-4.03,True,25.03,766.7,1.19,1970.4,2768.0,-1.07,-1.99,0.56,12.0,365,,이번 산출물에서 제외(사용자 요청) - 추후 국토지리정보원 자료로 보강 필요,ASOS 일자료 조회서비스 응답 항목에 토양수분 필드 자체가 없어 변수 제외,사천시 자체 ASOS 관측소 없음. 진주시와 접경(사실상 동일 생활권)이라 진주 관측소로 대체 - 사천시는 진주시와 기후 변수값이 동일해짐에 유의
2018,경상남도,사천시,192,진주,최근접대체,13.46,-6.07,True,25.19,1605.4,1.13,1883.3,2708.8,0.25,-1.24,1.17,12.0,365,,이번 산출물에서 제외(사용자 요청) - 추후 국토지리정보원 자료로 보강 필요,ASOS 일자료 조회서비스 응답 항목에 토양수분 필드 자체가 없어 변수 제외,사천시 자체 ASOS 관측소 없음. 진주시와 접경(사실상 동일 생활권)이라 진주 관측소로 대체 - 사천시는 진주시와 기후 변수값이 동일해짐에 유의
2019,경상남도,사천시,192,진주,최근접대체,14.0,-3.65,True,24.3,1481.6,0.97,1914.2,2750.7,-0.0,-0.93,1.14,12.0,365,,이번 산출물에서 제외(사용자 요청) - 추후 국토지리정보원 자료로 보강 필요,ASOS 일자료 조회서비스 응답 항목에 토양수분 필드 자체가 없어 변수 제외,사천시 자체 ASOS 관측소 없음. 진주시와 접경(사실상 동일 생활권)이라 진주 관측소로 대체 - 사천시는 진주시와 기후 변수값이 동일해짐에 유의
2020,경상남도,사천시,192,진주,최근접대체,13.73,-2.21,True,24.37,1812.7,0.94,1821.2,2633.5,0.19,-1.8,1.55,12.0,366,,이번 산출물에서 제외(사용자 요청) - 추후 국토지리정보원 자료로 보강 필요,ASOS 일자료 조회서비스 응답 항목에 토양수분 필드 자체가 없어 변수 제외,사천시 자체 ASOS 관측소 없음. 진주시와 접경(사실상 동일 생활권)이라 진주 관측소로 대체 - 사천시는 진주시와 기후 변수값이 동일해짐에 유의
2021,경상남도,사천시,192,진주,최근접대체,14.17,-4.09,True,24.8,1395.0,0.99,1964.1,2822.3,-0.29,-1.27,0.5,12.0,365,,이번 산출물에서 제외(사용자 요청) - 추후 국토지리정보원 자료로 보강 필요,ASOS 일자료 조회서비스 응답 항목에 토양수분 필드 자체가 없어 변수 제외,사천시 자체 ASOS 관측소 없음. 진주시와 접경(사실상 동일 생활권)이라 진주 관측소로 대체 - 사천시는 진주시와 기후 변수값이 동일해짐에 유의
2022,경상남도,사천시,192,진주,최근접대체,13.89,-5.07,True,25.19,966.2,0.96,1996.4,2849.3,-1.12,-2.3,-0.6,12.0,365,,이번 산출물에서 제외(사용자 요청) - 추후 국토지리정보원 자료로 보강 필요,ASOS 일자료 조회서비스 응답 항목에 토양수분 필드 자체가 없어 변수 제외,사천시 자체 ASOS 관측소 없음. 진주시와 접경(사실상 동일 생활권)이라 진주 관측소로 대체 - 사천시는 진주시와 기후 변수값이 동일해짐에 유의
2023,경상남도,사천시,192,진주,최근접대체,14.43,-4.73,True,25.2,2304.8,0.9,2069.0,2941.1,0.79,-0.71,1.79,12.0,365,,이번 산출물에서 제외(사용자 요청) - 추후 국토지리정보원 자료로 보강 필요,ASOS 일자료 조회서비스 응답 항목에 토양수분 필드 자체가 없어 변수 제외,사천시 자체 ASOS 관측소 없음. 진주시와 접경(사실상 동일 생활권)이라 진주 관측소로 대체 - 사천시는 진주시와 기후 변수값이 동일해짐에 유의
2024,경상남도,사천시,192,진주,최근접대체,15.07,-2.03,True,25.96,1856.6,0.85,2290.6,3160.1,0.91,-0.34,1.76,12.0,366,,이번 산출물에서 제외(사용자 요청) - 추후 국토지리정보원 자료로 보강 필요,ASOS 일자료 조회서비스 응답 항목에 토양수분 필드 자체가 없어 변수 제외,사천시 자체 ASOS 관측소 없음. 진주시와 접경(사실상 동일 생활권)이라 진주 관측소로 대체 - 사천시는 진주시와 기후 변수값이 동일해짐에 유의
2025,경상남도,사천시,192,진주,최근접대체,13.98,-5.04,True,25.47,1449.5,0.65,2100.0,2917.0,-0.23,-1.31,0.69,12.0,365,,이번 산출물에서 제외(사용자 요청) - 추후 국토지리정보원 자료로 보강 필요,ASOS 일자료 조회서비스 응답 항목에 토양수분 필드 자체가 없어 변수 제외,사천시 자체 ASOS 관측소 없음. 진주시와 접경(사실상 동일 생활권)이라 진주 관측소로 대체 - 사천시는 진주시와 기후 변수값이 동일해짐에 유의
2016,경상남도,양산시,257,양산시,동일지역,15.32,-0.53,True,25.69,1978.8,2.25,2263.4,3166.8,0.91,-0.41,2.03,11.0,366,,이번 산출물에서 제외(사용자 요청) - 추후 국토지리정보원 자료로 보강 필요,ASOS 일자료 조회서비스 응답 항목에 토양수분 필드 자체가 없어 변수 제외,
2017,경상남도,양산시,257,양산시,동일지역,15.18,-0.78,True,26.07,720.2,2.33,2297.6,3153.1,-1.09,-2.01,0.86,12.0,365,,이번 산출물에서 제외(사용자 요청) - 추후 국토지리정보원 자료로 보강 필요,ASOS 일자료 조회서비스 응답 항목에 토양수분 필드 자체가 없어 변수 제외,
2018,경상남도,양산시,257,양산시,동일지역,14.88,-3.27,True,26.32,1589.2,2.31,2221.2,3105.6,0.21,-1.98,1.17,12.0,365,,이번 산출물에서 제외(사용자 요청) - 추후 국토지리정보원 자료로 보강 필요,ASOS 일자료 조회서비스 응답 항목에 토양수분 필드 자체가 없어 변수 제외,
2019,경상남도,양산시,257,양산시,동일지역,15.5,-0.62,True,25.0,1536.1,2.12,2211.2,3116.1,0.03,-0.48,0.81,12.0,365,,이번 산출물에서 제외(사용자 요청) - 추후 국토지리정보원 자료로 보강 필요,ASOS 일자료 조회서비스 응답 항목에 토양수분 필드 자체가 없어 변수 제외,
2020,경상남도,양산시,257,양산시,동일지역,15.08,0.88,True,24.98,1892.5,2.22,2070.6,2977.5,0.37,-1.4,1.35,12.0,366,,이번 산출물에서 제외(사용자 요청) - 추후 국토지리정보원 자료로 보강 필요,ASOS 일자료 조회서비스 응답 항목에 토양수분 필드 자체가 없어 변수 제외,
2021,경상남도,양산시,257,양산시,동일지역,15.46,-1.31,True,25.52,1708.2,2.19,2238.8,3174.4,0.18,-1.13,1.09,12.0,365,,이번 산출물에서 제외(사용자 요청) - 추후 국토지리정보원 자료로 보강 필요,ASOS 일자료 조회서비스 응답 항목에 토양수분 필드 자체가 없어 변수 제외,
2022,경상남도,양산시,257,양산시,동일지역,15.42,-1.81,True,25.97,932.5,2.15,2323.7,3248.1,-1.1,-2.25,-0.49,12.0,365,,이번 산출물에서 제외(사용자 요청) - 추후 국토지리정보원 자료로 보강 필요,ASOS 일자료 조회서비스 응답 항목에 토양수분 필드 자체가 없어 변수 제외,
2023,경상남도,양산시,257,양산시,동일지역,16.06,-1.31,True,26.29,2172.0,1.97,2412.5,3363.4,0.68,-0.63,1.65,12.0,365,,이번 산출물에서 제외(사용자 요청) - 추후 국토지리정보원 자료로 보강 필요,ASOS 일자료 조회서비스 응답 항목에 토양수분 필드 자체가 없어 변수 제외,
2024,경상남도,양산시,257,양산시,동일지역,16.79,0.97,True,27.08,1669.4,2.11,2661.3,3590.4,0.64,-0.57,1.35,12.0,366,,이번 산출물에서 제외(사용자 요청) - 추후 국토지리정보원 자료로 보강 필요,ASOS 일자료 조회서비스 응답 항목에 토양수분 필드 자체가 없어 변수 제외,
2025,경상남도,양산시,257,양산시,동일지역,15.65,-1.55,True,26.76,1169.9,2.05,2471.1,3357.0,-0.73,-1.69,0.42,12.0,365,,이번 산출물에서 제외(사용자 요청) - 추후 국토지리정보원 자료로 보강 필요,ASOS 일자료 조회서비스 응답 항목에 토양수분 필드 자체가 없어 변수 제외,
2016,경상남도,진주시,192,진주,동일지역,13.84,-3.51,True,24.77,1734.6,1.11,1973.9,2821.7,0.63,-1.29,1.79,11.0,366,,이번 산출물에서 제외(사용자 요청) - 추후 국토지리정보원 자료로 보강 필요,ASOS 일자료 조회서비스 응답 항목에 토양수분 필드 자체가 없어 변수 제외,
2017,경상남도,진주시,192,진주,동일지역,13.59,-4.03,True,25.03,766.7,1.19,1970.4,2768.0,-1.07,-1.99,0.56,12.0,365,,이번 산출물에서 제외(사용자 요청) - 추후 국토지리정보원 자료로 보강 필요,ASOS 일자료 조회서비스 응답 항목에 토양수분 필드 자체가 없어 변수 제외,
2018,경상남도,진주시,192,진주,동일지역,13.46,-6.07,True,25.19,1605.4,1.13,1883.3,2708.8,0.25,-1.24,1.17,12.0,365,,이번 산출물에서 제외(사용자 요청) - 추후 국토지리정보원 자료로 보강 필요,ASOS 일자료 조회서비스 응답 항목에 토양수분 필드 자체가 없어 변수 제외,
2019,경상남도,진주시,192,진주,동일지역,14.0,-3.65,True,24.3,1481.6,0.97,1914.2,2750.7,-0.0,-0.93,1.14,12.0,365,,이번 산출물에서 제외(사용자 요청) - 추후 국토지리정보원 자료로 보강 필요,ASOS 일자료 조회서비스 응답 항목에 토양수분 필드 자체가 없어 변수 제외,
2020,경상남도,진주시,192,진주,동일지역,13.73,-2.21,True,24.37,1812.7,0.94,1821.2,2633.5,0.19,-1.8,1.55,12.0,366,,이번 산출물에서 제외(사용자 요청) - 추후 국토지리정보원 자료로 보강 필요,ASOS 일자료 조회서비스 응답 항목에 토양수분 필드 자체가 없어 변수 제외,
2021,경상남도,진주시,192,진주,동일지역,14.17,-4.09,True,24.8,1395.0,0.99,1964.1,2822.3,-0.29,-1.27,0.5,12.0,365,,이번 산출물에서 제외(사용자 요청) - 추후 국토지리정보원 자료로 보강 필요,ASOS 일자료 조회서비스 응답 항목에 토양수분 필드 자체가 없어 변수 제외,
2022,경상남도,진주시,192,진주,동일지역,13.89,-5.07,True,25.19,966.2,0.96,1996.4,2849.3,-1.12,-2.3,-0.6,12.0,365,,이번 산출물에서 제외(사용자 요청) - 추후 국토지리정보원 자료로 보강 필요,ASOS 일자료 조회서비스 응답 항목에 토양수분 필드 자체가 없어 변수 제외,
2023,경상남도,진주시,192,진주,동일지역,14.43,-4.73,True,25.2,2304.8,0.9,2069.0,2941.1,0.79,-0.71,1.79,12.0,365,,이번 산출물에서 제외(사용자 요청) - 추후 국토지리정보원 자료로 보강 필요,ASOS 일자료 조회서비스 응답 항목에 토양수분 필드 자체가 없어 변수 제외,
2024,경상남도,진주시,192,진주,동일지역,15.07,-2.03,True,25.96,1856.6,0.85,2290.6,3160.1,0.91,-0.34,1.76,12.0,366,,이번 산출물에서 제외(사용자 요청) - 추후 국토지리정보원 자료로 보강 필요,ASOS 일자료 조회서비스 응답 항목에 토양수분 필드 자체가 없어 변수 제외,
2025,경상남도,진주시,192,진주,동일지역,13.98,-5.04,True,25.47,1449.5,0.65,2100.0,2917.0,-0.23,-1.31,0.69,12.0,365,,이번 산출물에서 제외(사용자 요청) - 추후 국토지리정보원 자료로 보강 필요,ASOS 일자료 조회서비스 응답 항목에 토양수분 필드 자체가 없어 변수 제외,
2016,경상남도,창원시,155,창원,동일지역,14.92,-0.59,True,25.4,1893.0,1.6,2195.2,3085.0,0.63,-1.36,1.64,11.0,366,,이번 산출물에서 제외(사용자 요청) - 추후 국토지리정보원 자료로 보강 필요,ASOS 일자료 조회서비스 응답 항목에 토양수분 필드 자체가 없어 변수 제외,
2017,경상남도,창원시,155,창원,동일지역,14.85,-0.41,True,25.55,879.3,1.65,2227.8,3087.7,-0.91,-2.13,1.19,12.0,365,,이번 산출물에서 제외(사용자 요청) - 추후 국토지리정보원 자료로 보강 필요,ASOS 일자료 조회서비스 응답 항목에 토양수분 필드 자체가 없어 변수 제외,
2018,경상남도,창원시,155,창원,동일지역,14.27,-2.82,True,25.46,1507.3,1.65,2061.8,2939.2,0.04,-1.51,0.96,12.0,365,,이번 산출물에서 제외(사용자 요청) - 추후 국토지리정보원 자료로 보강 필요,ASOS 일자료 조회서비스 응답 항목에 토양수분 필드 자체가 없어 변수 제외,
2019,경상남도,창원시,155,창원,동일지역,14.71,-0.85,True,24.08,1587.0,1.58,2020.3,2899.3,0.01,-0.98,1.27,12.0,365,,이번 산출물에서 제외(사용자 요청) - 추후 국토지리정보원 자료로 보강 필요,ASOS 일자료 조회서비스 응답 항목에 토양수분 필드 자체가 없어 변수 제외,
2020,경상남도,창원시,155,창원,동일지역,14.41,0.95,True,24.24,1672.8,1.6,1926.4,2799.3,0.11,-1.51,1.25,12.0,366,,이번 산출물에서 제외(사용자 요청) - 추후 국토지리정보원 자료로 보강 필요,ASOS 일자료 조회서비스 응답 항목에 토양수분 필드 자체가 없어 변수 제외,
2021,경상남도,창원시,155,창원,동일지역,14.93,-1.35,True,24.89,1710.6,1.43,2105.5,3026.6,0.12,-1.23,1.38,12.0,365,,이번 산출물에서 제외(사용자 요청) - 추후 국토지리정보원 자료로 보강 필요,ASOS 일자료 조회서비스 응답 항목에 토양수분 필드 자체가 없어 변수 제외,
2022,경상남도,창원시,155,창원,동일지역,14.71,-1.66,True,25.1,1049.9,1.5,2151.7,3066.1,-0.97,-2.29,-0.14,12.0,365,,이번 산출물에서 제외(사용자 요청) - 추후 국토지리정보원 자료로 보강 필요,ASOS 일자료 조회서비스 응답 항목에 토양수분 필드 자체가 없어 변수 제외,
2023,경상남도,창원시,155,창원,동일지역,15.22,-1.58,True,25.37,2161.1,1.4,2203.4,3125.8,0.67,-0.61,1.81,12.0,365,,이번 산출물에서 제외(사용자 요청) - 추후 국토지리정보원 자료로 보강 필요,ASOS 일자료 조회서비스 응답 항목에 토양수분 필드 자체가 없어 변수 제외,
2024,경상남도,창원시,155,창원,동일지역,16.23,0.63,True,26.36,2016.8,1.7,2519.9,3434.2,0.95,-0.63,1.76,12.0,366,,이번 산출물에서 제외(사용자 요청) - 추후 국토지리정보원 자료로 보강 필요,ASOS 일자료 조회서비스 응답 항목에 토양수분 필드 자체가 없어 변수 제외,
2025,경상남도,창원시,155,창원,동일지역,15.61,-0.86,True,26.34,1181.9,1.76,2383.6,3285.2,-0.6,-1.54,0.17,12.0,365,,이번 산출물에서 제외(사용자 요청) - 추후 국토지리정보원 자료로 보강 필요,ASOS 일자료 조회서비스 응답 항목에 토양수분 필드 자체가 없어 변수 제외,
2016,경상남도,통영시,162,통영,동일지역,15.36,1.27,True,24.8,1993.7,2.39,2163.4,3088.9,0.64,-1.3,1.58,11.0,366,,이번 산출물에서 제외(사용자 요청) - 추후 국토지리정보원 자료로 보강 필요,ASOS 일자료 조회서비스 응답 항목에 토양수분 필드 자체가 없어 변수 제외,
2017,경상남도,통영시,162,통영,동일지역,14.96,0.78,True,24.64,1249.4,2.42,2099.3,2973.7,-0.48,-1.99,1.34,12.0,365,,이번 산출물에서 제외(사용자 요청) - 추후 국토지리정보원 자료로 보강 필요,ASOS 일자료 조회서비스 응답 항목에 토양수분 필드 자체가 없어 변수 제외,
2018,경상남도,통영시,162,통영,동일지역,14.81,-1.26,True,25.2,2118.7,2.41,2075.9,2992.6,0.61,-1.78,1.82,12.0,365,,이번 산출물에서 제외(사용자 요청) - 추후 국토지리정보원 자료로 보강 필요,ASOS 일자료 조회서비스 응답 항목에 토양수분 필드 자체가 없어 변수 제외,
2019,경상남도,통영시,162,통영,동일지역,15.34,0.89,True,24.01,1684.6,2.31,2063.6,2982.8,-0.0,-0.91,0.95,12.0,365,,이번 산출물에서 제외(사용자 요청) - 추후 국토지리정보원 자료로 보강 필요,ASOS 일자료 조회서비스 응답 항목에 토양수분 필드 자체가 없어 변수 제외,
2020,경상남도,통영시,162,통영,동일지역,14.97,2.46,True,23.86,2137.7,2.46,1949.0,2868.4,0.44,-1.05,1.52,12.0,366,,이번 산출물에서 제외(사용자 요청) - 추후 국토지리정보원 자료로 보강 필요,ASOS 일자료 조회서비스 응답 항목에 토양수분 필드 자체가 없어 변수 제외,
2021,경상남도,통영시,162,통영,동일지역,15.65,0.41,True,25.05,1800.1,2.43,2184.0,3165.8,0.03,-1.25,1.04,12.0,365,,이번 산출물에서 제외(사용자 요청) - 추후 국토지리정보원 자료로 보강 필요,ASOS 일자료 조회서비스 응답 항목에 토양수분 필드 자체가 없어 변수 제외,
2022,경상남도,통영시,162,통영,동일지역,15.11,-0.1,True,24.75,987.8,2.42,2161.6,3095.6,-1.26,-2.43,0.23,12.0,365,,이번 산출물에서 제외(사용자 요청) - 추후 국토지리정보원 자료로 보강 필요,ASOS 일자료 조회서비스 응답 항목에 토양수분 필드 자체가 없어 변수 제외,
2023,경상남도,통영시,162,통영,동일지역,15.59,0.05,True,24.77,2134.3,2.51,2179.6,3127.2,0.34,-0.94,1.49,12.0,363,,이번 산출물에서 제외(사용자 요청) - 추후 국토지리정보원 자료로 보강 필요,ASOS 일자료 조회서비스 응답 항목에 토양수분 필드 자체가 없어 변수 제외,
2024,경상남도,통영시,162,통영,동일지역,16.16,1.91,True,25.29,1936.5,2.53,2375.5,3301.0,0.57,-0.45,1.25,12.0,366,,이번 산출물에서 제외(사용자 요청) - 추후 국토지리정보원 자료로 보강 필요,ASOS 일자료 조회서비스 응답 항목에 토양수분 필드 자체가 없어 변수 제외,
2025,경상남도,통영시,162,통영,동일지역,15.36,-0.54,True,25.34,1152.0,2.49,2252.3,3157.8,-0.81,-1.71,0.12,12.0,365,,이번 산출물에서 제외(사용자 요청) - 추후 국토지리정보원 자료로 보강 필요,ASOS 일자료 조회서비스 응답 항목에 토양수분 필드 자체가 없어 변수 제외,
2016,경상북도,경주시,283,경주시,동일지역,14.08,-2.55,True,24.94,1251.4,2.33,2027.5,2866.6,0.49,-1.67,1.7,11.0,366,,이번 산출물에서 제외(사용자 요청) - 추후 국토지리정보원 자료로 보강 필요,ASOS 일자료 조회서비스 응답 항목에 토양수분 필드 자체가 없어 변수 제외,
2017,경상북도,경주시,283,경주시,동일지역,13.65,-2.89,True,25.07,590.7,2.46,1981.6,2771.0,-1.25,-2.26,0.05,12.0,365,,이번 산출물에서 제외(사용자 요청) - 추후 국토지리정보원 자료로 보강 필요,ASOS 일자료 조회서비스 응답 항목에 토양수분 필드 자체가 없어 변수 제외,
2018,경상북도,경주시,283,경주시,동일지역,13.54,-5.57,True,25.28,1303.7,2.39,1957.2,2797.7,0.64,-0.91,1.87,12.0,365,,이번 산출물에서 제외(사용자 요청) - 추후 국토지리정보원 자료로 보강 필요,ASOS 일자료 조회서비스 응답 항목에 토양수분 필드 자체가 없어 변수 제외,
2019,경상북도,경주시,283,경주시,동일지역,14.15,-2.69,True,24.14,1239.8,2.26,1947.7,2788.0,0.26,-0.77,1.46,12.0,365,,이번 산출물에서 제외(사용자 요청) - 추후 국토지리정보원 자료로 보강 필요,ASOS 일자료 조회서비스 응답 항목에 토양수분 필드 자체가 없어 변수 제외,
2020,경상북도,경주시,283,경주시,동일지역,13.91,-0.94,True,24.5,1371.6,2.6,1859.3,2695.6,0.6,-1.85,1.87,12.0,366,,이번 산출물에서 제외(사용자 요청) - 추후 국토지리정보원 자료로 보강 필요,ASOS 일자료 조회서비스 응답 항목에 토양수분 필드 자체가 없어 변수 제외,
2021,경상북도,경주시,283,경주시,동일지역,13.88,-3.81,True,24.47,1112.1,2.54,1908.0,2751.9,0.04,-1.01,0.9,12.0,365,,이번 산출물에서 제외(사용자 요청) - 추후 국토지리정보원 자료로 보강 필요,ASOS 일자료 조회서비스 응답 항목에 토양수분 필드 자체가 없어 변수 제외,
2022,경상북도,경주시,283,경주시,동일지역,13.9,-4.23,True,25.29,829.5,2.54,2018.4,2879.7,-0.87,-1.85,0.36,12.0,365,,이번 산출물에서 제외(사용자 요청) - 추후 국토지리정보원 자료로 보강 필요,ASOS 일자료 조회서비스 응답 항목에 토양수분 필드 자체가 없어 변수 제외,
2023,경상북도,경주시,283,경주시,동일지역,14.46,-4.09,True,25.5,1146.5,2.45,2102.5,2986.8,-0.1,-1.56,0.97,12.0,365,,이번 산출물에서 제외(사용자 요청) - 추후 국토지리정보원 자료로 보강 필요,ASOS 일자료 조회서비스 응답 항목에 토양수분 필드 자체가 없어 변수 제외,
2024,경상북도,경주시,283,경주시,동일지역,15.26,-1.55,True,26.7,1085.8,2.46,2328.6,3188.4,0.4,-0.69,1.9,12.0,366,,이번 산출물에서 제외(사용자 요청) - 추후 국토지리정보원 자료로 보강 필요,ASOS 일자료 조회서비스 응답 항목에 토양수분 필드 자체가 없어 변수 제외,
2025,경상북도,경주시,283,경주시,동일지역,14.64,-3.51,True,26.65,1033.0,2.58,2262.7,3087.7,-0.2,-1.0,1.19,12.0,365,,이번 산출물에서 제외(사용자 요청) - 추후 국토지리정보원 자료로 보강 필요,ASOS 일자료 조회서비스 응답 항목에 토양수분 필드 자체가 없어 변수 제외,
2016,경상북도,김천시,135,추풍령,최근접대체,12.46,-4.25,True,23.96,1147.1,2.6,1743.6,2530.9,0.11,-1.11,1.28,11.0,366,,이번 산출물에서 제외(사용자 요청) - 추후 국토지리정보원 자료로 보강 필요,ASOS 일자료 조회서비스 응답 항목에 토양수분 필드 자체가 없어 변수 제외,김천시 자체 ASOS 관측소 없음. 추풍령 관측소는 경부선 추풍령역 인근 김천시 봉산면 인접 지역에 위치해 지리적으로 가장 근접
2017,경상북도,김천시,135,추풍령,최근접대체,11.97,-4.63,True,23.58,921.8,2.78,1666.3,2439.3,-0.71,-1.91,0.42,12.0,365,,이번 산출물에서 제외(사용자 요청) - 추후 국토지리정보원 자료로 보강 필요,ASOS 일자료 조회서비스 응답 항목에 토양수분 필드 자체가 없어 변수 제외,김천시 자체 ASOS 관측소 없음. 추풍령 관측소는 경부선 추풍령역 인근 김천시 봉산면 인접 지역에 위치해 지리적으로 가장 근접
2018,경상북도,김천시,135,추풍령,최근접대체,11.96,-7.0,True,24.63,1304.2,2.74,1678.7,2446.3,0.55,-1.19,1.93,12.0,365,,이번 산출물에서 제외(사용자 요청) - 추후 국토지리정보원 자료로 보강 필요,ASOS 일자료 조회서비스 응답 항목에 토양수분 필드 자체가 없어 변수 제외,김천시 자체 ASOS 관측소 없음. 추풍령 관측소는 경부선 추풍령역 인근 김천시 봉산면 인접 지역에 위치해 지리적으로 가장 근접
2019,경상북도,김천시,135,추풍령,최근접대체,12.46,-4.95,True,23.11,1164.1,2.58,1622.5,2385.8,-0.01,-0.99,1.51,12.0,365,,이번 산출물에서 제외(사용자 요청) - 추후 국토지리정보원 자료로 보강 필요,ASOS 일자료 조회서비스 응답 항목에 토양수분 필드 자체가 없어 변수 제외,김천시 자체 ASOS 관측소 없음. 추풍령 관측소는 경부선 추풍령역 인근 김천시 봉산면 인접 지역에 위치해 지리적으로 가장 근접
2020,경상북도,김천시,135,추풍령,최근접대체,12.07,-3.16,True,23.03,1554.0,2.66,1508.2,2246.8,0.52,-1.9,2.16,12.0,366,,이번 산출물에서 제외(사용자 요청) - 추후 국토지리정보원 자료로 보강 필요,ASOS 일자료 조회서비스 응답 항목에 토양수분 필드 자체가 없어 변수 제외,김천시 자체 ASOS 관측소 없음. 추풍령 관측소는 경부선 추풍령역 인근 김천시 봉산면 인접 지역에 위치해 지리적으로 가장 근접
2021,경상북도,김천시,135,추풍령,최근접대체,12.28,-5.53,True,23.09,1129.1,2.56,1581.7,2339.5,-0.18,-0.88,1.17,12.0,365,,이번 산출물에서 제외(사용자 요청) - 추후 국토지리정보원 자료로 보강 필요,ASOS 일자료 조회서비스 응답 항목에 토양수분 필드 자체가 없어 변수 제외,김천시 자체 ASOS 관측소 없음. 추풍령 관측소는 경부선 추풍령역 인근 김천시 봉산면 인접 지역에 위치해 지리적으로 가장 근접
2022,경상북도,김천시,135,추풍령,최근접대체,12.04,-5.52,True,23.67,928.6,2.6,1649.9,2415.3,-0.86,-1.91,-0.19,12.0,365,,이번 산출물에서 제외(사용자 요청) - 추후 국토지리정보원 자료로 보강 필요,ASOS 일자료 조회서비스 응답 항목에 토양수분 필드 자체가 없어 변수 제외,김천시 자체 ASOS 관측소 없음. 추풍령 관측소는 경부선 추풍령역 인근 김천시 봉산면 인접 지역에 위치해 지리적으로 가장 근접
2023,경상북도,김천시,135,추풍령,최근접대체,12.79,-6.28,True,24.02,1551.5,2.33,1745.6,2555.4,0.27,-1.5,1.75,12.0,365,,이번 산출물에서 제외(사용자 요청) - 추후 국토지리정보원 자료로 보강 필요,ASOS 일자료 조회서비스 응답 항목에 토양수분 필드 자체가 없어 변수 제외,김천시 자체 ASOS 관측소 없음. 추풍령 관측소는 경부선 추풍령역 인근 김천시 봉산면 인접 지역에 위치해 지리적으로 가장 근접
2024,경상북도,김천시,135,추풍령,최근접대체,13.54,-3.07,True,24.82,1231.5,2.43,1931.6,2766.4,0.43,-1.83,2.24,12.0,366,,이번 산출물에서 제외(사용자 요청) - 추후 국토지리정보원 자료로 보강 필요,ASOS 일자료 조회서비스 응답 항목에 토양수분 필드 자체가 없어 변수 제외,김천시 자체 ASOS 관측소 없음. 추풍령 관측소는 경부선 추풍령역 인근 김천시 봉산면 인접 지역에 위치해 지리적으로 가장 근접
2025,경상북도,김천시,135,추풍령,최근접대체,12.8,-5.07,True,24.81,1138.4,2.33,1884.2,2657.4,-0.11,-1.6,1.44,12.0,365,,이번 산출물에서 제외(사용자 요청) - 추후 국토지리정보원 자료로 보강 필요,ASOS 일자료 조회서비스 응답 항목에 토양수분 필드 자체가 없어 변수 제외,김천시 자체 ASOS 관측소 없음. 추풍령 관측소는 경부선 추풍령역 인근 김천시 봉산면 인접 지역에 위치해 지리적으로 가장 근접
2016,경상북도,상주시,137,상주,동일지역,13.88,-3.0,True,25.61,1136.2,1.53,2129.9,2962.3,-0.0,-0.91,1.21,11.0,366,,이번 산출물에서 제외(사용자 요청) - 추후 국토지리정보원 자료로 보강 필요,ASOS 일자료 조회서비스 응답 항목에 토양수분 필드 자체가 없어 변수 제외,
2017,경상북도,상주시,137,상주,동일지역,13.41,-3.2,True,25.05,953.3,1.68,2026.8,2832.2,-0.79,-1.85,0.36,12.0,365,,이번 산출물에서 제외(사용자 요청) - 추후 국토지리정보원 자료로 보강 필요,ASOS 일자료 조회서비스 응답 항목에 토양수분 필드 자체가 없어 변수 제외,
2018,경상북도,상주시,137,상주,동일지역,13.19,-5.73,True,26.07,1357.2,1.56,2000.4,2810.6,0.52,-1.22,1.7,12.0,365,,이번 산출물에서 제외(사용자 요청) - 추후 국토지리정보원 자료로 보강 필요,ASOS 일자료 조회서비스 응답 항목에 토양수분 필드 자체가 없어 변수 제외,
2019,경상북도,상주시,137,상주,동일지역,13.49,-3.69,True,24.34,1062.5,1.41,1885.3,2689.7,-0.21,-1.11,1.11,12.0,365,,이번 산출물에서 제외(사용자 요청) - 추후 국토지리정보원 자료로 보강 필요,ASOS 일자료 조회서비스 응답 항목에 토양수분 필드 자체가 없어 변수 제외,
2020,경상북도,상주시,137,상주,동일지역,13.14,-2.22,True,24.21,1563.7,1.42,1756.2,2560.7,0.4,-2.04,1.92,12.0,366,,이번 산출물에서 제외(사용자 요청) - 추후 국토지리정보원 자료로 보강 필요,ASOS 일자료 조회서비스 응답 항목에 토양수분 필드 자체가 없어 변수 제외,
2021,경상북도,상주시,137,상주,동일지역,13.25,-4.84,True,24.36,1230.8,1.35,1841.7,2672.6,0.01,-0.84,1.31,12.0,365,,이번 산출물에서 제외(사용자 요청) - 추후 국토지리정보원 자료로 보강 필요,ASOS 일자료 조회서비스 응답 항목에 토양수분 필드 자체가 없어 변수 제외,
2022,경상북도,상주시,137,상주,동일지역,13.32,-4.6,True,25.14,891.2,1.41,1986.4,2814.6,-0.91,-1.95,-0.13,12.0,365,,이번 산출물에서 제외(사용자 요청) - 추후 국토지리정보원 자료로 보강 필요,ASOS 일자료 조회서비스 응답 항목에 토양수분 필드 자체가 없어 변수 제외,
2023,경상북도,상주시,137,상주,동일지역,13.93,-4.92,True,25.42,1670.6,1.24,2063.6,2912.0,0.33,-1.58,1.7,12.0,365,,이번 산출물에서 제외(사용자 요청) - 추후 국토지리정보원 자료로 보강 필요,ASOS 일자료 조회서비스 응답 항목에 토양수분 필드 자체가 없어 변수 제외,
2024,경상북도,상주시,137,상주,동일지역,14.64,-2.2,True,26.24,1469.9,1.24,2247.8,3103.2,0.83,-0.53,2.21,12.0,366,,이번 산출물에서 제외(사용자 요청) - 추후 국토지리정보원 자료로 보강 필요,ASOS 일자료 조회서비스 응답 항목에 토양수분 필드 자체가 없어 변수 제외,
2025,경상북도,상주시,137,상주,동일지역,13.95,-4.1,True,26.37,1137.7,1.31,2191.0,2994.6,-0.18,-1.5,1.33,12.0,365,,이번 산출물에서 제외(사용자 요청) - 추후 국토지리정보원 자료로 보강 필요,ASOS 일자료 조회서비스 응답 항목에 토양수분 필드 자체가 없어 변수 제외,
2016,경상북도,안동시,136,안동,동일지역,13.24,-5.0,True,25.15,934.4,1.66,1988.6,2810.4,0.03,-1.04,0.9,11.0,366,,이번 산출물에서 제외(사용자 요청) - 추후 국토지리정보원 자료로 보강 필요,ASOS 일자료 조회서비스 응답 항목에 토양수분 필드 자체가 없어 변수 제외,
2017,경상북도,안동시,136,안동,동일지역,12.71,-5.25,True,24.54,938.8,1.69,1906.0,2691.0,-0.28,-1.36,0.72,12.0,365,,이번 산출물에서 제외(사용자 요청) - 추후 국토지리정보원 자료로 보강 필요,ASOS 일자료 조회서비스 응답 항목에 토양수분 필드 자체가 없어 변수 제외,
2018,경상북도,안동시,136,안동,동일지역,12.77,-7.35,True,25.84,1078.0,1.65,1937.1,2740.8,0.37,-1.35,1.59,12.0,365,,이번 산출물에서 제외(사용자 요청) - 추후 국토지리정보원 자료로 보강 필요,ASOS 일자료 조회서비스 응답 항목에 토양수분 필드 자체가 없어 변수 제외,
2019,경상북도,안동시,136,안동,동일지역,12.94,-5.3,True,23.99,867.8,1.52,1807.5,2589.6,-0.06,-1.2,1.35,12.0,365,,이번 산출물에서 제외(사용자 요청) - 추후 국토지리정보원 자료로 보강 필요,ASOS 일자료 조회서비스 응답 항목에 토양수분 필드 자체가 없어 변수 제외,
2020,경상북도,안동시,136,안동,동일지역,12.59,-3.37,True,24.05,1211.8,1.61,1689.0,2456.0,0.21,-2.05,1.52,12.0,366,,이번 산출물에서 제외(사용자 요청) - 추후 국토지리정보원 자료로 보강 필요,ASOS 일자료 조회서비스 응답 항목에 토양수분 필드 자체가 없어 변수 제외,
2021,경상북도,안동시,136,안동,동일지역,12.76,-6.21,True,24.07,974.0,1.6,1759.6,2554.2,0.14,-0.73,1.73,12.0,365,,이번 산출물에서 제외(사용자 요청) - 추후 국토지리정보원 자료로 보강 필요,ASOS 일자료 조회서비스 응답 항목에 토양수분 필드 자체가 없어 변수 제외,
2022,경상북도,안동시,136,안동,동일지역,12.63,-6.42,True,24.8,655.7,1.62,1871.0,2664.7,-1.11,-2.41,-0.14,12.0,365,,이번 산출물에서 제외(사용자 요청) - 추후 국토지리정보원 자료로 보강 필요,ASOS 일자료 조회서비스 응답 항목에 토양수분 필드 자체가 없어 변수 제외,
2023,경상북도,안동시,136,안동,동일지역,13.37,-6.67,True,25.03,1518.7,1.45,1948.2,2780.4,0.62,-1.36,1.98,12.0,365,,이번 산출물에서 제외(사용자 요청) - 추후 국토지리정보원 자료로 보강 필요,ASOS 일자료 조회서비스 응답 항목에 토양수분 필드 자체가 없어 변수 제외,
2024,경상북도,안동시,136,안동,동일지역,14.19,-3.61,True,25.99,1070.6,1.46,2185.0,3029.4,0.43,-1.25,1.73,12.0,366,,이번 산출물에서 제외(사용자 요청) - 추후 국토지리정보원 자료로 보강 필요,ASOS 일자료 조회서비스 응답 항목에 토양수분 필드 자체가 없어 변수 제외,
2025,경상북도,안동시,136,안동,동일지역,13.48,-6.03,True,26.23,887.2,1.54,2102.9,2893.4,-0.31,-1.69,1.27,12.0,365,,이번 산출물에서 제외(사용자 요청) - 추후 국토지리정보원 자료로 보강 필요,ASOS 일자료 조회서비스 응답 항목에 토양수분 필드 자체가 없어 변수 제외,
2016,경상북도,영덕군,277,영덕,동일지역,13.82,-1.52,True,24.02,1088.3,2.79,1893.0,2738.3,0.01,-0.95,0.88,11.0,366,,이번 산출물에서 제외(사용자 요청) - 추후 국토지리정보원 자료로 보강 필요,ASOS 일자료 조회서비스 응답 항목에 토양수분 필드 자체가 없어 변수 제외,
2017,경상북도,영덕군,277,영덕,동일지역,13.71,-1.05,True,23.87,880.3,2.81,1932.2,2756.2,-0.59,-1.73,0.47,12.0,365,,이번 산출물에서 제외(사용자 요청) - 추후 국토지리정보원 자료로 보강 필요,ASOS 일자료 조회서비스 응답 항목에 토양수분 필드 자체가 없어 변수 제외,
2018,경상북도,영덕군,277,영덕,동일지역,13.45,-4.43,True,24.68,1365.4,2.89,1903.6,2744.1,0.5,-1.43,1.89,12.0,365,,이번 산출물에서 제외(사용자 요청) - 추후 국토지리정보원 자료로 보강 필요,ASOS 일자료 조회서비스 응답 항목에 토양수분 필드 자체가 없어 변수 제외,
2019,경상북도,영덕군,277,영덕,동일지역,14.27,-1.32,True,23.79,1455.9,2.66,1939.0,2783.0,0.37,-1.28,1.88,12.0,365,,이번 산출물에서 제외(사용자 요청) - 추후 국토지리정보원 자료로 보강 필요,ASOS 일자료 조회서비스 응답 항목에 토양수분 필드 자체가 없어 변수 제외,
2020,경상북도,영덕군,277,영덕,동일지역,13.56,0.34,True,23.11,1308.8,2.77,1678.1,2499.8,0.31,-2.13,2.17,12.0,366,,이번 산출물에서 제외(사용자 요청) - 추후 국토지리정보원 자료로 보강 필요,ASOS 일자료 조회서비스 응답 항목에 토양수분 필드 자체가 없어 변수 제외,
2021,경상북도,영덕군,277,영덕,동일지역,13.5,-2.59,True,22.98,1287.0,2.53,1689.6,2550.0,0.2,-0.96,1.29,12.0,365,,이번 산출물에서 제외(사용자 요청) - 추후 국토지리정보원 자료로 보강 필요,ASOS 일자료 조회서비스 응답 항목에 토양수분 필드 자체가 없어 변수 제외,
2022,경상북도,영덕군,277,영덕,동일지역,13.48,-2.62,True,23.81,802.2,2.63,1833.4,2697.9,-0.84,-1.97,0.16,12.0,365,,이번 산출물에서 제외(사용자 요청) - 추후 국토지리정보원 자료로 보강 필요,ASOS 일자료 조회서비스 응답 항목에 토양수분 필드 자체가 없어 변수 제외,
2023,경상북도,영덕군,277,영덕,동일지역,14.12,-2.46,True,23.96,1228.7,2.47,1857.8,2723.2,0.19,-0.98,1.2,12.0,365,,이번 산출물에서 제외(사용자 요청) - 추후 국토지리정보원 자료로 보강 필요,ASOS 일자료 조회서비스 응답 항목에 토양수분 필드 자체가 없어 변수 제외,
2024,경상북도,영덕군,277,영덕,동일지역,14.52,-0.59,True,25.14,848.4,2.73,2076.0,2933.3,-0.02,-1.6,1.89,12.0,366,,이번 산출물에서 제외(사용자 요청) - 추후 국토지리정보원 자료로 보강 필요,ASOS 일자료 조회서비스 응답 항목에 토양수분 필드 자체가 없어 변수 제외,
2025,경상북도,영덕군,277,영덕,동일지역,14.22,-2.5,True,25.6,1077.8,2.54,2037.3,2872.0,-0.14,-1.56,0.98,12.0,365,,이번 산출물에서 제외(사용자 요청) - 추후 국토지리정보원 자료로 보강 필요,ASOS 일자료 조회서비스 응답 항목에 토양수분 필드 자체가 없어 변수 제외,
2016,경상북도,울진군,130,울진,동일지역,13.27,-1.61,True,22.8,1196.3,2.53,1645.8,2477.2,-0.14,-1.29,0.86,11.0,366,,이번 산출물에서 제외(사용자 요청) - 추후 국토지리정보원 자료로 보강 필요,ASOS 일자료 조회서비스 응답 항목에 토양수분 필드 자체가 없어 변수 제외,
2017,경상북도,울진군,130,울진,동일지역,13.26,-0.98,True,22.73,857.5,2.5,1688.3,2490.1,-0.56,-1.82,1.1,12.0,365,,이번 산출물에서 제외(사용자 요청) - 추후 국토지리정보원 자료로 보강 필요,ASOS 일자료 조회서비스 응답 항목에 토양수분 필드 자체가 없어 변수 제외,
2018,경상북도,울진군,130,울진,동일지역,13.03,-3.98,True,23.46,1436.2,2.59,1700.5,2515.0,0.54,-1.36,2.28,12.0,365,,이번 산출물에서 제외(사용자 요청) - 추후 국토지리정보원 자료로 보강 필요,ASOS 일자료 조회서비스 응답 항목에 토양수분 필드 자체가 없어 변수 제외,
2019,경상북도,울진군,130,울진,동일지역,13.94,-1.28,True,22.93,1581.2,2.48,1741.6,2568.1,0.38,-1.19,2.26,12.0,365,,이번 산출물에서 제외(사용자 요청) - 추후 국토지리정보원 자료로 보강 필요,ASOS 일자료 조회서비스 응답 항목에 토양수분 필드 자체가 없어 변수 제외,
2020,경상북도,울진군,130,울진,동일지역,13.34,0.47,True,22.42,1336.2,2.55,1583.2,2384.9,0.41,-2.07,2.13,12.0,366,,이번 산출물에서 제외(사용자 요청) - 추후 국토지리정보원 자료로 보강 필요,ASOS 일자료 조회서비스 응답 항목에 토양수분 필드 자체가 없어 변수 제외,
2021,경상북도,울진군,130,울진,동일지역,13.5,-2.66,True,22.91,1158.9,2.49,1657.2,2496.0,-0.01,-1.62,1.65,12.0,365,,이번 산출물에서 제외(사용자 요청) - 추후 국토지리정보원 자료로 보강 필요,ASOS 일자료 조회서비스 응답 항목에 토양수분 필드 자체가 없어 변수 제외,
2022,경상북도,울진군,130,울진,동일지역,13.34,-2.71,True,23.38,1100.0,2.52,1735.7,2583.9,-0.66,-1.58,0.97,12.0,365,,이번 산출물에서 제외(사용자 요청) - 추후 국토지리정보원 자료로 보강 필요,ASOS 일자료 조회서비스 응답 항목에 토양수분 필드 자체가 없어 변수 제외,
2023,경상북도,울진군,130,울진,동일지역,14.15,-2.18,True,23.65,1317.0,2.43,1836.2,2705.2,0.28,-0.89,1.27,12.0,365,,이번 산출물에서 제외(사용자 요청) - 추후 국토지리정보원 자료로 보강 필요,ASOS 일자료 조회서비스 응답 항목에 토양수분 필드 자체가 없어 변수 제외,
2024,경상북도,울진군,130,울진,동일지역,14.47,-0.45,True,24.69,1017.3,2.37,1991.9,2850.4,0.09,-1.33,1.74,12.0,366,,이번 산출물에서 제외(사용자 요청) - 추후 국토지리정보원 자료로 보강 필요,ASOS 일자료 조회서비스 응답 항목에 토양수분 필드 자체가 없어 변수 제외,
2025,경상북도,울진군,130,울진,동일지역,14.22,-2.14,True,25.24,1017.6,2.23,1997.2,2839.1,-0.35,-1.99,0.59,12.0,365,,이번 산출물에서 제외(사용자 요청) - 추후 국토지리정보원 자료로 보강 필요,ASOS 일자료 조회서비스 응답 항목에 토양수분 필드 자체가 없어 변수 제외,
2016,경상북도,포항시,138,포항,동일지역,15.24,0.29,True,25.44,1515.4,2.6,2174.4,3070.2,0.59,-0.96,1.63,11.0,366,,이번 산출물에서 제외(사용자 요청) - 추후 국토지리정보원 자료로 보강 필요,ASOS 일자료 조회서비스 응답 항목에 토양수분 필드 자체가 없어 변수 제외,
2017,경상북도,포항시,138,포항,동일지역,15.06,0.29,True,25.18,674.3,2.67,2188.9,3047.6,-1.08,-2.15,0.02,12.0,365,,이번 산출물에서 제외(사용자 요청) - 추후 국토지리정보원 자료로 보강 필요,ASOS 일자료 조회서비스 응답 항목에 토양수분 필드 자체가 없어 변수 제외,
2018,경상북도,포항시,138,포항,동일지역,14.91,-2.43,True,26.13,1284.3,2.75,2169.8,3062.8,0.34,-1.3,1.67,12.0,365,,이번 산출물에서 제외(사용자 요청) - 추후 국토지리정보원 자료로 보강 필요,ASOS 일자료 조회서비스 응답 항목에 토양수분 필드 자체가 없어 변수 제외,
2019,경상북도,포항시,138,포항,동일지역,15.57,0.33,True,24.9,1425.1,2.58,2167.2,3068.2,0.29,-0.92,1.58,12.0,365,,이번 산출물에서 제외(사용자 요청) - 추후 국토지리정보원 자료로 보강 필요,ASOS 일자료 조회서비스 응답 항목에 토양수분 필드 자체가 없어 변수 제외,
2020,경상북도,포항시,138,포항,동일지역,15.09,1.88,True,24.97,1238.9,2.72,2022.2,2923.6,0.27,-2.13,2.01,12.0,366,,이번 산출물에서 제외(사용자 요청) - 추후 국토지리정보원 자료로 보강 필요,ASOS 일자료 조회서비스 응답 항목에 토양수분 필드 자체가 없어 변수 제외,
2021,경상북도,포항시,138,포항,동일지역,15.21,-0.57,True,24.91,1405.7,2.7,2078.8,3014.4,0.38,-0.75,1.57,12.0,365,,이번 산출물에서 제외(사용자 요청) - 추후 국토지리정보원 자료로 보강 필요,ASOS 일자료 조회서비스 응답 항목에 토양수분 필드 자체가 없어 변수 제외,
2022,경상북도,포항시,138,포항,동일지역,15.14,-0.96,True,25.62,1061.6,2.69,2217.8,3129.9,-0.66,-1.53,1.0,12.0,365,,이번 산출물에서 제외(사용자 요청) - 추후 국토지리정보원 자료로 보강 필요,ASOS 일자료 조회서비스 응답 항목에 토양수분 필드 자체가 없어 변수 제외,
2023,경상북도,포항시,138,포항,동일지역,15.75,-0.68,True,25.64,1112.2,2.76,2263.2,3198.8,-0.06,-1.61,0.86,12.0,365,,이번 산출물에서 제외(사용자 요청) - 추후 국토지리정보원 자료로 보강 필요,ASOS 일자료 조회서비스 응답 항목에 토양수분 필드 자체가 없어 변수 제외,
2024,경상북도,포항시,138,포항,동일지역,16.16,1.38,True,26.56,1089.4,2.84,2416.6,3324.3,0.28,-1.48,1.71,12.0,366,,이번 산출물에서 제외(사용자 요청) - 추후 국토지리정보원 자료로 보강 필요,ASOS 일자료 조회서비스 응답 항목에 토양수분 필드 자체가 없어 변수 제외,
2025,경상북도,포항시,138,포항,동일지역,15.74,-0.58,True,27.09,1012.9,2.73,2366.0,3257.3,-0.31,-1.46,1.13,12.0,365,,이번 산출물에서 제외(사용자 요청) - 추후 국토지리정보원 자료로 보강 필요,ASOS 일자료 조회서비스 응답 항목에 토양수분 필드 자체가 없어 변수 제외,
2016,전라남도,광양시,266,광양시,동일지역,15.38,0.48,True,25.59,1607.4,1.91,2254.5,3174.0,0.34,-1.44,1.69,11.0,366,,이번 산출물에서 제외(사용자 요청) - 추후 국토지리정보원 자료로 보강 필요,ASOS 일자료 조회서비스 응답 항목에 토양수분 필드 자체가 없어 변수 제외,
2017,전라남도,광양시,266,광양시,동일지역,14.85,0.08,True,25.43,824.4,1.91,2207.3,3076.6,-0.91,-1.99,1.35,12.0,365,,이번 산출물에서 제외(사용자 요청) - 추후 국토지리정보원 자료로 보강 필요,ASOS 일자료 조회서비스 응답 항목에 토양수분 필드 자체가 없어 변수 제외,
2018,전라남도,광양시,266,광양시,동일지역,14.71,-2.35,True,26.11,1695.0,1.85,2158.7,3060.4,0.37,-1.32,1.82,12.0,365,,이번 산출물에서 제외(사용자 요청) - 추후 국토지리정보원 자료로 보강 필요,ASOS 일자료 조회서비스 응답 항목에 토양수분 필드 자체가 없어 변수 제외,
2019,전라남도,광양시,266,광양시,동일지역,15.43,0.19,True,24.57,1566.1,1.75,2156.3,3065.5,0.11,-0.81,1.48,12.0,365,,이번 산출물에서 제외(사용자 요청) - 추후 국토지리정보원 자료로 보강 필요,ASOS 일자료 조회서비스 응답 항목에 토양수분 필드 자체가 없어 변수 제외,
2020,전라남도,광양시,266,광양시,동일지역,15.06,1.86,True,24.54,1821.0,1.74,2027.0,2937.5,0.09,-1.91,1.33,12.0,366,,이번 산출물에서 제외(사용자 요청) - 추후 국토지리정보원 자료로 보강 필요,ASOS 일자료 조회서비스 응답 항목에 토양수분 필드 자체가 없어 변수 제외,
2021,전라남도,광양시,266,광양시,동일지역,15.54,-0.24,True,25.3,1423.0,1.67,2205.0,3175.6,-0.28,-1.22,0.62,12.0,365,,이번 산출물에서 제외(사용자 요청) - 추후 국토지리정보원 자료로 보강 필요,ASOS 일자료 조회서비스 응답 항목에 토양수분 필드 자체가 없어 변수 제외,
2022,전라남도,광양시,266,광양시,동일지역,15.24,-0.69,True,25.49,1054.7,1.98,2270.6,3201.4,-0.99,-2.38,-0.19,12.0,365,,이번 산출물에서 제외(사용자 요청) - 추후 국토지리정보원 자료로 보강 필요,ASOS 일자료 조회서비스 응답 항목에 토양수분 필드 자체가 없어 변수 제외,
2023,전라남도,광양시,266,광양시,동일지역,15.6,-1.13,True,25.55,2274.6,1.76,2277.6,3220.2,0.68,-0.95,2.0,12.0,365,,이번 산출물에서 제외(사용자 요청) - 추후 국토지리정보원 자료로 보강 필요,ASOS 일자료 조회서비스 응답 항목에 토양수분 필드 자체가 없어 변수 제외,
2024,전라남도,광양시,266,광양시,동일지역,16.21,1.08,True,26.32,2027.8,1.84,2496.5,3418.5,0.91,-0.45,1.82,12.0,366,,이번 산출물에서 제외(사용자 요청) - 추후 국토지리정보원 자료로 보강 필요,ASOS 일자료 조회서비스 응답 항목에 토양수분 필드 자체가 없어 변수 제외,
2025,전라남도,광양시,266,광양시,동일지역,15.49,-1.4,True,26.47,1412.3,1.8,2385.5,3276.6,-0.28,-1.6,0.19,12.0,365,,이번 산출물에서 제외(사용자 요청) - 추후 국토지리정보원 자료로 보강 필요,ASOS 일자료 조회서비스 응답 항목에 토양수분 필드 자체가 없어 변수 제외,
2016,전라남도,순천시,174,순천,동일지역,13.93,-2.34,True,25.1,1614.6,1.74,2029.9,2871.7,0.47,-1.46,1.79,11.0,366,,이번 산출물에서 제외(사용자 요청) - 추후 국토지리정보원 자료로 보강 필요,ASOS 일자료 조회서비스 응답 항목에 토양수분 필드 자체가 없어 변수 제외,
2017,전라남도,순천시,174,순천,동일지역,12.78,-3.45,True,24.26,883.4,1.83,1806.2,2591.4,-0.93,-1.85,0.66,12.0,365,,이번 산출물에서 제외(사용자 요청) - 추후 국토지리정보원 자료로 보강 필요,ASOS 일자료 조회서비스 응답 항목에 토양수분 필드 자체가 없어 변수 제외,
2018,전라남도,순천시,174,순천,동일지역,12.77,-5.56,True,24.61,1532.4,1.78,1734.6,2542.6,0.12,-1.45,1.3,12.0,365,,이번 산출물에서 제외(사용자 요청) - 추후 국토지리정보원 자료로 보강 필요,ASOS 일자료 조회서비스 응답 항목에 토양수분 필드 자체가 없어 변수 제외,
2019,전라남도,순천시,174,순천,동일지역,13.17,-2.97,True,23.08,1568.2,1.85,1716.7,2521.7,0.06,-1.0,1.03,12.0,365,,이번 산출물에서 제외(사용자 요청) - 추후 국토지리정보원 자료로 보강 필요,ASOS 일자료 조회서비스 응답 항목에 토양수분 필드 자체가 없어 변수 제외,
2020,전라남도,순천시,174,순천,동일지역,13.08,-1.61,True,23.65,1906.1,2.06,1662.8,2448.7,0.37,-1.93,1.77,12.0,366,,이번 산출물에서 제외(사용자 요청) - 추후 국토지리정보원 자료로 보강 필요,ASOS 일자료 조회서비스 응답 항목에 토양수분 필드 자체가 없어 변수 제외,
2021,전라남도,순천시,174,순천,동일지역,13.56,-3.97,True,24.08,1320.9,1.88,1825.0,2659.0,-0.34,-1.08,0.88,12.0,365,,이번 산출물에서 제외(사용자 요청) - 추후 국토지리정보원 자료로 보강 필요,ASOS 일자료 조회서비스 응답 항목에 토양수분 필드 자체가 없어 변수 제외,
2022,전라남도,순천시,174,순천,동일지역,13.24,-4.04,True,24.4,987.0,2.03,1845.4,2680.6,-1.16,-2.42,-0.57,12.0,365,,이번 산출물에서 제외(사용자 요청) - 추후 국토지리정보원 자료로 보강 필요,ASOS 일자료 조회서비스 응답 항목에 토양수분 필드 자체가 없어 변수 제외,
2023,전라남도,순천시,174,순천,동일지역,13.53,-4.27,True,24.25,2139.5,1.78,1864.1,2709.6,0.56,-0.49,1.74,12.0,365,,이번 산출물에서 제외(사용자 요청) - 추후 국토지리정보원 자료로 보강 필요,ASOS 일자료 조회서비스 응답 항목에 토양수분 필드 자체가 없어 변수 제외,
2024,전라남도,순천시,174,순천,동일지역,13.86,-1.79,True,24.12,1970.6,1.7,1932.1,2781.0,1.03,-0.27,1.79,12.0,366,,이번 산출물에서 제외(사용자 요청) - 추후 국토지리정보원 자료로 보강 필요,ASOS 일자료 조회서비스 응답 항목에 토양수분 필드 자체가 없어 변수 제외,
2025,전라남도,순천시,174,순천,동일지역,13.11,-4.38,True,24.49,1583.6,1.7,1924.4,2705.7,-0.11,-1.53,0.84,12.0,365,,이번 산출물에서 제외(사용자 요청) - 추후 국토지리정보원 자료로 보강 필요,ASOS 일자료 조회서비스 응답 항목에 토양수분 필드 자체가 없어 변수 제외,
2016,전라남도,여수시,168,여수,동일지역,15.3,1.66,True,24.97,1616.6,3.87,2157.5,3073.9,0.4,-1.66,1.54,11.0,366,,이번 산출물에서 제외(사용자 요청) - 추후 국토지리정보원 자료로 보강 필요,ASOS 일자료 조회서비스 응답 항목에 토양수분 필드 자체가 없어 변수 제외,
2017,전라남도,여수시,168,여수,동일지역,15.05,1.24,True,25.05,1019.6,3.91,2149.0,3019.5,-0.56,-2.19,1.65,12.0,365,,이번 산출물에서 제외(사용자 요청) - 추후 국토지리정보원 자료로 보강 필요,ASOS 일자료 조회서비스 응답 항목에 토양수분 필드 자체가 없어 변수 제외,
2018,전라남도,여수시,168,여수,동일지역,14.98,-0.9,True,25.67,1578.7,3.88,2122.2,3043.4,0.24,-1.4,1.46,12.0,365,,이번 산출물에서 제외(사용자 요청) - 추후 국토지리정보원 자료로 보강 필요,ASOS 일자료 조회서비스 응답 항목에 토양수분 필드 자체가 없어 변수 제외,
2019,전라남도,여수시,168,여수,동일지역,15.44,1.41,True,24.26,1529.9,3.77,2098.1,3018.7,0.17,-0.66,1.2,12.0,365,,이번 산출물에서 제외(사용자 요청) - 추후 국토지리정보원 자료로 보강 필요,ASOS 일자료 조회서비스 응답 항목에 토양수분 필드 자체가 없어 변수 제외,
2020,전라남도,여수시,168,여수,동일지역,15.07,3.17,True,24.08,1751.9,3.86,1954.6,2869.0,0.14,-1.66,1.63,12.0,366,,이번 산출물에서 제외(사용자 요청) - 추후 국토지리정보원 자료로 보강 필요,ASOS 일자료 조회서비스 응답 항목에 토양수분 필드 자체가 없어 변수 제외,
2021,전라남도,여수시,168,여수,동일지역,15.72,0.93,True,25.24,1571.2,3.89,2188.5,3164.2,-0.01,-1.24,1.55,12.0,365,,이번 산출물에서 제외(사용자 요청) - 추후 국토지리정보원 자료로 보강 필요,ASOS 일자료 조회서비스 응답 항목에 토양수분 필드 자체가 없어 변수 제외,
2022,전라남도,여수시,168,여수,동일지역,15.15,0.62,True,24.86,1067.4,4.01,2155.2,3079.0,-0.95,-2.5,0.05,12.0,365,,이번 산출물에서 제외(사용자 요청) - 추후 국토지리정보원 자료로 보강 필요,ASOS 일자료 조회서비스 응답 항목에 토양수분 필드 자체가 없어 변수 제외,
2023,전라남도,여수시,168,여수,동일지역,15.61,0.48,True,24.96,1935.4,3.63,2194.4,3140.3,0.43,-0.8,1.56,12.0,365,,이번 산출물에서 제외(사용자 요청) - 추후 국토지리정보원 자료로 보강 필요,ASOS 일자료 조회서비스 응답 항목에 토양수분 필드 자체가 없어 변수 제외,
2024,전라남도,여수시,168,여수,동일지역,16.29,2.45,True,25.76,1710.4,3.97,2419.1,3345.9,0.62,-1.3,1.53,12.0,366,,이번 산출물에서 제외(사용자 요청) - 추후 국토지리정보원 자료로 보강 필요,ASOS 일자료 조회서비스 응답 항목에 토양수분 필드 자체가 없어 변수 제외,
2025,전라남도,여수시,168,여수,동일지역,15.45,0.25,True,25.76,1183.7,3.82,2261.2,3157.3,-0.43,-1.25,0.56,12.0,365,,이번 산출물에서 제외(사용자 요청) - 추후 국토지리정보원 자료로 보강 필요,ASOS 일자료 조회서비스 응답 항목에 토양수분 필드 자체가 없어 변수 제외,
2016,전라북도,남원시,247,남원,동일지역,13.53,-3.45,True,25.01,1388.5,1.74,2014.5,2850.0,0.53,-0.97,1.6,11.0,366,,이번 산출물에서 제외(사용자 요청) - 추후 국토지리정보원 자료로 보강 필요,ASOS 일자료 조회서비스 응답 항목에 토양수분 필드 자체가 없어 변수 제외,
2017,전라북도,남원시,247,남원,동일지역,12.8,-4.43,True,24.74,851.3,1.59,1881.4,2659.0,-0.88,-2.14,0.32,12.0,365,,이번 산출물에서 제외(사용자 요청) - 추후 국토지리정보원 자료로 보강 필요,ASOS 일자료 조회서비스 응답 항목에 토양수분 필드 자체가 없어 변수 제외,
2018,전라북도,남원시,247,남원,동일지역,13.1,-6.58,True,25.85,1431.7,1.68,1958.3,2770.4,0.27,-0.84,1.67,12.0,365,,이번 산출물에서 제외(사용자 요청) - 추후 국토지리정보원 자료로 보강 필요,ASOS 일자료 조회서비스 응답 항목에 토양수분 필드 자체가 없어 변수 제외,
2019,전라북도,남원시,247,남원,동일지역,13.41,-4.47,True,24.18,1332.8,1.57,1899.2,2704.6,0.03,-0.73,1.2,12.0,365,,이번 산출물에서 제외(사용자 요청) - 추후 국토지리정보원 자료로 보강 필요,ASOS 일자료 조회서비스 응답 항목에 토양수분 필드 자체가 없어 변수 제외,
2020,전라북도,남원시,247,남원,동일지역,13.22,-2.17,True,24.56,2007.2,1.68,1803.8,2582.2,0.51,-2.26,2.11,12.0,366,,이번 산출물에서 제외(사용자 요청) - 추후 국토지리정보원 자료로 보강 필요,ASOS 일자료 조회서비스 응답 항목에 토양수분 필드 자체가 없어 변수 제외,
2021,전라북도,남원시,247,남원,동일지역,13.45,-4.64,True,24.56,1136.8,1.78,1910.9,2721.5,-0.33,-0.89,0.7,12.0,364,,이번 산출물에서 제외(사용자 요청) - 추후 국토지리정보원 자료로 보강 필요,ASOS 일자료 조회서비스 응답 항목에 토양수분 필드 자체가 없어 변수 제외,
2022,전라북도,남원시,247,남원,동일지역,12.94,-5.6,True,24.91,811.4,1.67,1901.0,2719.0,-1.2,-2.28,-0.39,12.0,365,,이번 산출물에서 제외(사용자 요청) - 추후 국토지리정보원 자료로 보강 필요,ASOS 일자료 조회서비스 응답 항목에 토양수분 필드 자체가 없어 변수 제외,
2023,전라북도,남원시,247,남원,동일지역,13.83,-5.79,True,25.38,1805.7,1.59,2081.2,2922.8,0.22,-1.24,1.79,12.0,365,,이번 산출물에서 제외(사용자 요청) - 추후 국토지리정보원 자료로 보강 필요,ASOS 일자료 조회서비스 응답 항목에 토양수분 필드 자체가 없어 변수 제외,
2024,전라북도,남원시,247,남원,동일지역,14.82,-1.59,True,26.1,1416.0,1.73,2287.5,3144.0,0.7,-0.32,2.56,12.0,366,,이번 산출물에서 제외(사용자 요청) - 추후 국토지리정보원 자료로 보강 필요,ASOS 일자료 조회서비스 응답 항목에 토양수분 필드 자체가 없어 변수 제외,
2025,전라북도,남원시,247,남원,동일지역,13.88,-4.87,True,26.04,1708.1,1.63,2189.2,2995.9,0.19,-1.47,1.3,12.0,365,,이번 산출물에서 제외(사용자 요청) - 추후 국토지리정보원 자료로 보강 필요,ASOS 일자료 조회서비스 응답 항목에 토양수분 필드 자체가 없어 변수 제외,
2016,전라북도,전주시,146,전주,동일지역,14.37,-1.44,True,25.6,1117.7,1.76,2197.0,3068.4,-0.03,-1.42,1.35,11.0,366,,이번 산출물에서 제외(사용자 요청) - 추후 국토지리정보원 자료로 보강 필요,ASOS 일자료 조회서비스 응답 항목에 토양수분 필드 자체가 없어 변수 제외,
2017,전라북도,전주시,146,전주,동일지역,13.7,-2.12,True,25.23,947.8,1.68,2042.2,2844.4,-0.87,-1.78,0.3,12.0,365,,이번 산출물에서 제외(사용자 요청) - 추후 국토지리정보원 자료로 보강 필요,ASOS 일자료 조회서비스 응답 항목에 토양수분 필드 자체가 없어 변수 제외,
2018,전라북도,전주시,146,전주,동일지역,14.01,-4.18,True,26.55,1332.5,1.69,2157.4,3006.4,0.18,-1.03,1.13,12.0,365,,이번 산출물에서 제외(사용자 요청) - 추후 국토지리정보원 자료로 보강 필요,ASOS 일자료 조회서비스 응답 항목에 토양수분 필드 자체가 없어 변수 제외,
2019,전라북도,전주시,146,전주,동일지역,14.23,-2.58,True,24.79,968.9,1.63,2069.1,2905.0,-0.62,-1.42,0.39,12.0,365,,이번 산출물에서 제외(사용자 요청) - 추후 국토지리정보원 자료로 보강 필요,ASOS 일자료 조회서비스 응답 항목에 토양수분 필드 자체가 없어 변수 제외,
2020,전라북도,전주시,146,전주,동일지역,13.99,-0.19,True,24.88,1780.8,1.64,1947.0,2778.8,0.26,-1.6,1.79,12.0,366,,이번 산출물에서 제외(사용자 요청) - 추후 국토지리정보원 자료로 보강 필요,ASOS 일자료 조회서비스 응답 항목에 토양수분 필드 자체가 없어 변수 제외,
2021,전라북도,전주시,146,전주,동일지역,14.62,-2.44,True,25.4,1496.6,1.61,2120.4,3007.5,0.21,-0.66,1.12,12.0,365,,이번 산출물에서 제외(사용자 요청) - 추후 국토지리정보원 자료로 보강 필요,ASOS 일자료 조회서비스 응답 항목에 토양수분 필드 자체가 없어 변수 제외,
2022,전라북도,전주시,146,전주,동일지역,14.08,-3.1,True,25.68,1071.5,1.61,2145.2,3023.9,-0.6,-2.07,0.37,12.0,365,,이번 산출물에서 제외(사용자 요청) - 추후 국토지리정보원 자료로 보강 필요,ASOS 일자료 조회서비스 응답 항목에 토양수분 필드 자체가 없어 변수 제외,
2023,전라북도,전주시,146,전주,동일지역,14.87,-3.39,True,25.78,1986.6,1.57,2271.6,3152.4,0.5,-1.82,2.02,12.0,365,,이번 산출물에서 제외(사용자 요청) - 추후 국토지리정보원 자료로 보강 필요,ASOS 일자료 조회서비스 응답 항목에 토양수분 필드 자체가 없어 변수 제외,
2024,전라북도,전주시,146,전주,동일지역,15.76,0.19,True,26.8,1357.9,1.55,2496.2,3383.4,0.55,-0.82,2.37,12.0,366,,이번 산출물에서 제외(사용자 요청) - 추후 국토지리정보원 자료로 보강 필요,ASOS 일자료 조회서비스 응답 항목에 토양수분 필드 자체가 없어 변수 제외,
2025,전라북도,전주시,146,전주,동일지역,15.07,-2.29,True,27.02,1619.4,1.89,2396.4,3249.3,0.41,-0.7,2.21,12.0,365,,이번 산출물에서 제외(사용자 요청) - 추후 국토지리정보원 자료로 보강 필요,ASOS 일자료 조회서비스 응답 항목에 토양수분 필드 자체가 없어 변수 제외,
2016,충청남도,공주시,133,대전,최근접대체,14.05,-3.17,True,26.08,1228.4,1.48,2180.0,3017.6,0.02,-1.29,1.24,11.0,366,,이번 산출물에서 제외(사용자 요청) - 추후 국토지리정보원 자료로 보강 필요,ASOS 일자료 조회서비스 응답 항목에 토양수분 필드 자체가 없어 변수 제외,공주시 자체 ASOS 관측소 없음. 대전광역시(유성구)와 바로 접경해 지리적으로 가장 근접(부여 관측소와도 유사 거리이나 대전을 채택) - 근사치이므로 정밀 분석 시 재검토 권장
2017,충청남도,공주시,133,대전,최근접대체,13.46,-3.74,True,25.49,1127.5,1.55,2046.4,2844.6,-0.64,-1.8,0.44,12.0,365,,이번 산출물에서 제외(사용자 요청) - 추후 국토지리정보원 자료로 보강 필요,ASOS 일자료 조회서비스 응답 항목에 토양수분 필드 자체가 없어 변수 제외,공주시 자체 ASOS 관측소 없음. 대전광역시(유성구)와 바로 접경해 지리적으로 가장 근접(부여 관측소와도 유사 거리이나 대전을 채택) - 근사치이므로 정밀 분석 시 재검토 권장
2018,충청남도,공주시,133,대전,최근접대체,13.6,-5.75,True,26.88,1542.1,1.55,2113.8,2936.6,0.62,-0.54,2.03,12.0,365,,이번 산출물에서 제외(사용자 요청) - 추후 국토지리정보원 자료로 보강 필요,ASOS 일자료 조회서비스 응답 항목에 토양수분 필드 자체가 없어 변수 제외,공주시 자체 ASOS 관측소 없음. 대전광역시(유성구)와 바로 접경해 지리적으로 가장 근접(부여 관측소와도 유사 거리이나 대전을 채택) - 근사치이므로 정밀 분석 시 재검토 권장
2019,충청남도,공주시,133,대전,최근접대체,14.06,-3.91,True,25.26,984.2,1.34,2062.2,2881.4,-0.53,-1.69,0.93,12.0,365,,이번 산출물에서 제외(사용자 요청) - 추후 국토지리정보원 자료로 보강 필요,ASOS 일자료 조회서비스 응답 항목에 토양수분 필드 자체가 없어 변수 제외,공주시 자체 ASOS 관측소 없음. 대전광역시(유성구)와 바로 접경해 지리적으로 가장 근접(부여 관측소와도 유사 거리이나 대전을 채택) - 근사치이므로 정밀 분석 시 재검토 권장
2020,충청남도,공주시,133,대전,최근접대체,13.77,-1.44,True,25.11,1614.0,1.45,1916.4,2741.2,0.29,-1.91,1.63,12.0,366,,이번 산출물에서 제외(사용자 요청) - 추후 국토지리정보원 자료로 보강 필요,ASOS 일자료 조회서비스 응답 항목에 토양수분 필드 자체가 없어 변수 제외,공주시 자체 ASOS 관측소 없음. 대전광역시(유성구)와 바로 접경해 지리적으로 가장 근접(부여 관측소와도 유사 거리이나 대전을 채택) - 근사치이므로 정밀 분석 시 재검토 권장
2021,충청남도,공주시,133,대전,최근접대체,14.3,-3.91,True,25.73,1109.5,1.51,2095.5,2965.6,-0.34,-1.0,0.85,12.0,365,,이번 산출물에서 제외(사용자 요청) - 추후 국토지리정보원 자료로 보강 필요,ASOS 일자료 조회서비스 응답 항목에 토양수분 필드 자체가 없어 변수 제외,공주시 자체 ASOS 관측소 없음. 대전광역시(유성구)와 바로 접경해 지리적으로 가장 근접(부여 관측소와도 유사 거리이나 대전을 채택) - 근사치이므로 정밀 분석 시 재검토 권장
2022,충청남도,공주시,133,대전,최근접대체,13.58,-4.69,True,25.59,1203.1,1.92,2089.4,2934.0,-0.54,-1.93,1.13,12.0,365,,이번 산출물에서 제외(사용자 요청) - 추후 국토지리정보원 자료로 보강 필요,ASOS 일자료 조회서비스 응답 항목에 토양수분 필드 자체가 없어 변수 제외,공주시 자체 ASOS 관측소 없음. 대전광역시(유성구)와 바로 접경해 지리적으로 가장 근접(부여 관측소와도 유사 거리이나 대전을 채택) - 근사치이므로 정밀 분석 시 재검토 권장
2023,충청남도,공주시,133,대전,최근접대체,14.11,-5.13,True,25.5,2042.5,1.51,2122.8,2981.5,0.52,-1.66,2.17,12.0,365,,이번 산출물에서 제외(사용자 요청) - 추후 국토지리정보원 자료로 보강 필요,ASOS 일자료 조회서비스 응답 항목에 토양수분 필드 자체가 없어 변수 제외,공주시 자체 ASOS 관측소 없음. 대전광역시(유성구)와 바로 접경해 지리적으로 가장 근접(부여 관측소와도 유사 거리이나 대전을 채택) - 근사치이므로 정밀 분석 시 재검토 권장
2024,충청남도,공주시,133,대전,최근접대체,14.94,-1.92,True,26.45,1360.5,1.76,2360.6,3213.0,0.39,-1.04,1.79,12.0,366,,이번 산출물에서 제외(사용자 요청) - 추후 국토지리정보원 자료로 보강 필요,ASOS 일자료 조회서비스 응답 항목에 토양수분 필드 자체가 없어 변수 제외,공주시 자체 ASOS 관측소 없음. 대전광역시(유성구)와 바로 접경해 지리적으로 가장 근접(부여 관측소와도 유사 거리이나 대전을 채택) - 근사치이므로 정밀 분석 시 재검토 권장
2025,충청남도,공주시,133,대전,최근접대체,14.53,-3.78,True,26.87,1553.6,1.8,2288.0,3124.9,0.21,-1.09,2.07,12.0,365,,이번 산출물에서 제외(사용자 요청) - 추후 국토지리정보원 자료로 보강 필요,ASOS 일자료 조회서비스 응답 항목에 토양수분 필드 자체가 없어 변수 제외,공주시 자체 ASOS 관측소 없음. 대전광역시(유성구)와 바로 접경해 지리적으로 가장 근접(부여 관측소와도 유사 거리이나 대전을 채택) - 근사치이므로 정밀 분석 시 재검토 권장
2016,충청남도,보령시,235,보령,동일지역,13.62,-1.94,True,24.71,792.8,1.54,1956.2,2791.0,-0.42,-2.01,1.03,11.0,366,,이번 산출물에서 제외(사용자 요청) - 추후 국토지리정보원 자료로 보강 필요,ASOS 일자료 조회서비스 응답 항목에 토양수분 필드 자체가 없어 변수 제외,
2017,충청남도,보령시,235,보령,동일지역,12.82,-2.78,True,24.21,856.2,1.52,1785.9,2559.6,-0.85,-1.82,0.15,12.0,365,,이번 산출물에서 제외(사용자 요청) - 추후 국토지리정보원 자료로 보강 필요,ASOS 일자료 조회서비스 응답 항목에 토양수분 필드 자체가 없어 변수 제외,
2018,충청남도,보령시,235,보령,동일지역,13.03,-4.73,True,25.3,1337.2,1.53,1857.8,2675.0,0.51,-0.77,1.87,12.0,365,,이번 산출물에서 제외(사용자 요청) - 추후 국토지리정보원 자료로 보강 필요,ASOS 일자료 조회서비스 응답 항목에 토양수분 필드 자체가 없어 변수 제외,
2019,충청남도,보령시,235,보령,동일지역,13.29,-3.02,True,23.83,821.9,1.42,1817.6,2615.1,-0.76,-1.41,1.02,12.0,365,,이번 산출물에서 제외(사용자 요청) - 추후 국토지리정보원 자료로 보강 필요,ASOS 일자료 조회서비스 응답 항목에 토양수분 필드 자체가 없어 변수 제외,
2020,충청남도,보령시,235,보령,동일지역,13.09,-0.68,True,23.74,1301.9,1.55,1700.5,2469.0,0.17,-2.0,1.65,12.0,366,,이번 산출물에서 제외(사용자 요청) - 추후 국토지리정보원 자료로 보강 필요,ASOS 일자료 조회서비스 응답 항목에 토양수분 필드 자체가 없어 변수 제외,
2021,충청남도,보령시,235,보령,동일지역,13.83,-2.85,True,24.59,1107.9,1.56,1900.9,2721.6,-0.08,-0.97,0.77,12.0,365,,이번 산출물에서 제외(사용자 요청) - 추후 국토지리정보원 자료로 보강 필요,ASOS 일자료 조회서비스 응답 항목에 토양수분 필드 자체가 없어 변수 제외,
2022,충청남도,보령시,235,보령,동일지역,13.11,-3.5,True,24.67,1348.2,1.6,1863.4,2692.8,-0.06,-1.53,1.7,12.0,365,,이번 산출물에서 제외(사용자 요청) - 추후 국토지리정보원 자료로 보강 필요,ASOS 일자료 조회서비스 응답 항목에 토양수분 필드 자체가 없어 변수 제외,
2023,충청남도,보령시,235,보령,동일지역,14.0,-3.75,True,24.78,1726.7,1.54,2037.5,2872.7,0.11,-2.03,2.04,12.0,365,,이번 산출물에서 제외(사용자 요청) - 추후 국토지리정보원 자료로 보강 필요,ASOS 일자료 조회서비스 응답 항목에 토양수분 필드 자체가 없어 변수 제외,
2024,충청남도,보령시,235,보령,동일지역,14.82,-0.55,True,25.79,1494.3,1.85,2245.8,3100.0,0.73,-0.49,1.97,12.0,366,,이번 산출물에서 제외(사용자 요청) - 추후 국토지리정보원 자료로 보강 필요,ASOS 일자료 조회서비스 응답 항목에 토양수분 필드 자체가 없어 변수 제외,
2025,충청남도,보령시,235,보령,동일지역,14.18,-3.1,True,25.96,1564.5,2.06,2120.8,2942.1,0.62,-0.44,1.9,12.0,365,,이번 산출물에서 제외(사용자 요청) - 추후 국토지리정보원 자료로 보강 필요,ASOS 일자료 조회서비스 응답 항목에 토양수분 필드 자체가 없어 변수 제외,
2016,충청남도,서산시,129,서산,동일지역,12.95,-3.99,True,24.54,922.1,1.97,1896.6,2702.2,-0.39,-2.07,0.9,11.0,366,,이번 산출물에서 제외(사용자 요청) - 추후 국토지리정보원 자료로 보강 필요,ASOS 일자료 조회서비스 응답 항목에 토양수분 필드 자체가 없어 변수 제외,
2017,충청남도,서산시,129,서산,동일지역,12.31,-4.96,True,24.12,830.4,1.99,1769.7,2533.9,-1.08,-2.13,0.44,12.0,365,,이번 산출물에서 제외(사용자 요청) - 추후 국토지리정보원 자료로 보강 필요,ASOS 일자료 조회서비스 응답 항목에 토양수분 필드 자체가 없어 변수 제외,
2018,충청남도,서산시,129,서산,동일지역,12.35,-6.28,True,25.2,1227.2,1.93,1791.2,2573.6,0.17,-1.34,1.63,12.0,365,,이번 산출물에서 제외(사용자 요청) - 추후 국토지리정보원 자료로 보강 필요,ASOS 일자료 조회서비스 응답 항목에 토양수분 필드 자체가 없어 변수 제외,
2019,충청남도,서산시,129,서산,동일지역,12.66,-5.18,True,23.83,915.0,1.83,1747.2,2502.3,-0.71,-1.74,0.62,12.0,365,,이번 산출물에서 제외(사용자 요청) - 추후 국토지리정보원 자료로 보강 필요,ASOS 일자료 조회서비스 응답 항목에 토양수분 필드 자체가 없어 변수 제외,
2020,충청남도,서산시,129,서산,동일지역,12.63,-2.3,True,23.8,1488.7,1.97,1686.6,2440.0,0.31,-1.72,1.26,12.0,366,,이번 산출물에서 제외(사용자 요청) - 추후 국토지리정보원 자료로 보강 필요,ASOS 일자료 조회서비스 응답 항목에 토양수분 필드 자체가 없어 변수 제외,
2021,충청남도,서산시,129,서산,동일지역,13.21,-4.54,True,24.6,1207.3,1.96,1892.2,2695.3,0.03,-1.16,1.46,12.0,365,,이번 산출물에서 제외(사용자 요청) - 추후 국토지리정보원 자료로 보강 필요,ASOS 일자료 조회서비스 응답 항목에 토양수분 필드 자체가 없어 변수 제외,
2022,충청남도,서산시,129,서산,동일지역,12.36,-5.53,True,24.48,1570.7,2.1,1778.6,2570.6,0.26,-1.51,1.29,12.0,365,,이번 산출물에서 제외(사용자 요청) - 추후 국토지리정보원 자료로 보강 필요,ASOS 일자료 조회서비스 응답 항목에 토양수분 필드 자체가 없어 변수 제외,
2023,충청남도,서산시,129,서산,동일지역,13.39,-5.79,True,24.87,1529.7,2.05,1967.7,2777.1,-0.02,-2.0,1.19,12.0,365,,이번 산출물에서 제외(사용자 요청) - 추후 국토지리정보원 자료로 보강 필요,ASOS 일자료 조회서비스 응답 항목에 토양수분 필드 자체가 없어 변수 제외,
2024,충청남도,서산시,129,서산,동일지역,14.12,-2.46,True,25.68,1806.1,1.98,2142.6,2977.1,1.03,0.38,2.04,12.0,366,,이번 산출물에서 제외(사용자 요청) - 추후 국토지리정보원 자료로 보강 필요,ASOS 일자료 조회서비스 응답 항목에 토양수분 필드 자체가 없어 변수 제외,
2025,충청남도,서산시,129,서산,동일지역,13.29,-4.72,True,25.58,1697.6,2.06,1987.9,2767.9,0.36,-0.52,1.34,12.0,365,,이번 산출물에서 제외(사용자 요청) - 추후 국토지리정보원 자료로 보강 필요,ASOS 일자료 조회서비스 응답 항목에 토양수분 필드 자체가 없어 변수 제외,
2016,충청남도,천안시,232,천안,동일지역,12.73,-4.43,True,24.45,1004.8,1.52,1862.6,2670.4,-0.17,-1.82,1.05,11.0,366,,이번 산출물에서 제외(사용자 요청) - 추후 국토지리정보원 자료로 보강 필요,ASOS 일자료 조회서비스 응답 항목에 토양수분 필드 자체가 없어 변수 제외,
2017,충청남도,천안시,232,천안,동일지역,11.88,-5.92,True,23.83,1305.0,1.45,1690.6,2452.4,-0.56,-2.51,1.56,12.0,365,,이번 산출물에서 제외(사용자 요청) - 추후 국토지리정보원 자료로 보강 필요,ASOS 일자료 조회서비스 응답 항목에 토양수분 필드 자체가 없어 변수 제외,
2018,충청남도,천안시,232,천안,동일지역,11.91,-8.1,True,25.17,1163.4,1.54,1756.8,2523.4,0.14,-1.07,1.54,12.0,365,,이번 산출물에서 제외(사용자 요청) - 추후 국토지리정보원 자료로 보강 필요,ASOS 일자료 조회서비스 응답 항목에 토양수분 필드 자체가 없어 변수 제외,
2019,충청남도,천안시,232,천안,동일지역,12.11,-6.73,True,23.24,845.6,1.34,1614.6,2360.1,-0.73,-1.61,1.08,12.0,365,,이번 산출물에서 제외(사용자 요청) - 추후 국토지리정보원 자료로 보강 필요,ASOS 일자료 조회서비스 응답 항목에 토양수분 필드 자체가 없어 변수 제외,
2020,충청남도,천안시,232,천안,동일지역,12.25,-3.7,True,23.83,1443.5,1.31,1622.4,2359.0,0.43,-1.6,1.87,12.0,366,,이번 산출물에서 제외(사용자 요청) - 추후 국토지리정보원 자료로 보강 필요,ASOS 일자료 조회서비스 응답 항목에 토양수분 필드 자체가 없어 변수 제외,
2021,충청남도,천안시,232,천안,동일지역,12.59,-6.47,True,24.11,1058.9,1.3,1748.4,2526.6,-0.15,-1.44,1.24,12.0,365,,이번 산출물에서 제외(사용자 요청) - 추후 국토지리정보원 자료로 보강 필요,ASOS 일자료 조회서비스 응답 항목에 토양수분 필드 자체가 없어 변수 제외,
2022,충청남도,천안시,232,천안,동일지역,12.06,-7.06,True,24.36,1080.7,1.23,1770.1,2549.4,-0.35,-1.81,0.88,12.0,365,,이번 산출물에서 제외(사용자 요청) - 추후 국토지리정보원 자료로 보강 필요,ASOS 일자료 조회서비스 응답 항목에 토양수분 필드 자체가 없어 변수 제외,
2023,충청남도,천안시,232,천안,동일지역,13.12,-7.38,True,24.78,1502.5,1.24,1908.4,2731.6,0.14,-1.97,1.47,12.0,365,,이번 산출물에서 제외(사용자 요청) - 추후 국토지리정보원 자료로 보강 필요,ASOS 일자료 조회서비스 응답 항목에 토양수분 필드 자체가 없어 변수 제외,
2024,충청남도,천안시,232,천안,동일지역,13.88,-3.27,True,25.44,1476.9,1.22,2086.3,2921.2,0.89,0.05,1.9,12.0,366,,이번 산출물에서 제외(사용자 요청) - 추후 국토지리정보원 자료로 보강 필요,ASOS 일자료 조회서비스 응답 항목에 토양수분 필드 자체가 없어 변수 제외,
2025,충청남도,천안시,232,천안,동일지역,13.11,-6.28,True,25.29,1458.2,1.22,1983.9,2758.3,0.35,-0.87,1.16,12.0,365,,이번 산출물에서 제외(사용자 요청) - 추후 국토지리정보원 자료로 보강 필요,ASOS 일자료 조회서비스 응답 항목에 토양수분 필드 자체가 없어 변수 제외,
2016,충청남도,태안군,129,서산,최근접대체,12.95,-3.99,True,24.54,922.1,1.97,1896.6,2702.2,-0.39,-2.07,0.9,11.0,366,,이번 산출물에서 제외(사용자 요청) - 추후 국토지리정보원 자료로 보강 필요,ASOS 일자료 조회서비스 응답 항목에 토양수분 필드 자체가 없어 변수 제외,태안군 자체 ASOS 관측소 없음. 서산시와 바로 접경(태안반도 기준점)이라 서산 관측소로 대체 - 태안군은 서산시와 기후 변수값이 동일해짐에 유의
2017,충청남도,태안군,129,서산,최근접대체,12.31,-4.96,True,24.12,830.4,1.99,1769.7,2533.9,-1.08,-2.13,0.44,12.0,365,,이번 산출물에서 제외(사용자 요청) - 추후 국토지리정보원 자료로 보강 필요,ASOS 일자료 조회서비스 응답 항목에 토양수분 필드 자체가 없어 변수 제외,태안군 자체 ASOS 관측소 없음. 서산시와 바로 접경(태안반도 기준점)이라 서산 관측소로 대체 - 태안군은 서산시와 기후 변수값이 동일해짐에 유의
2018,충청남도,태안군,129,서산,최근접대체,12.35,-6.28,True,25.2,1227.2,1.93,1791.2,2573.6,0.17,-1.34,1.63,12.0,365,,이번 산출물에서 제외(사용자 요청) - 추후 국토지리정보원 자료로 보강 필요,ASOS 일자료 조회서비스 응답 항목에 토양수분 필드 자체가 없어 변수 제외,태안군 자체 ASOS 관측소 없음. 서산시와 바로 접경(태안반도 기준점)이라 서산 관측소로 대체 - 태안군은 서산시와 기후 변수값이 동일해짐에 유의
2019,충청남도,태안군,129,서산,최근접대체,12.66,-5.18,True,23.83,915.0,1.83,1747.2,2502.3,-0.71,-1.74,0.62,12.0,365,,이번 산출물에서 제외(사용자 요청) - 추후 국토지리정보원 자료로 보강 필요,ASOS 일자료 조회서비스 응답 항목에 토양수분 필드 자체가 없어 변수 제외,태안군 자체 ASOS 관측소 없음. 서산시와 바로 접경(태안반도 기준점)이라 서산 관측소로 대체 - 태안군은 서산시와 기후 변수값이 동일해짐에 유의
2020,충청남도,태안군,129,서산,최근접대체,12.63,-2.3,True,23.8,1488.7,1.97,1686.6,2440.0,0.31,-1.72,1.26,12.0,366,,이번 산출물에서 제외(사용자 요청) - 추후 국토지리정보원 자료로 보강 필요,ASOS 일자료 조회서비스 응답 항목에 토양수분 필드 자체가 없어 변수 제외,태안군 자체 ASOS 관측소 없음. 서산시와 바로 접경(태안반도 기준점)이라 서산 관측소로 대체 - 태안군은 서산시와 기후 변수값이 동일해짐에 유의
2021,충청남도,태안군,129,서산,최근접대체,13.21,-4.54,True,24.6,1207.3,1.96,1892.2,2695.3,0.03,-1.16,1.46,12.0,365,,이번 산출물에서 제외(사용자 요청) - 추후 국토지리정보원 자료로 보강 필요,ASOS 일자료 조회서비스 응답 항목에 토양수분 필드 자체가 없어 변수 제외,태안군 자체 ASOS 관측소 없음. 서산시와 바로 접경(태안반도 기준점)이라 서산 관측소로 대체 - 태안군은 서산시와 기후 변수값이 동일해짐에 유의
2022,충청남도,태안군,129,서산,최근접대체,12.36,-5.53,True,24.48,1570.7,2.1,1778.6,2570.6,0.26,-1.51,1.29,12.0,365,,이번 산출물에서 제외(사용자 요청) - 추후 국토지리정보원 자료로 보강 필요,ASOS 일자료 조회서비스 응답 항목에 토양수분 필드 자체가 없어 변수 제외,태안군 자체 ASOS 관측소 없음. 서산시와 바로 접경(태안반도 기준점)이라 서산 관측소로 대체 - 태안군은 서산시와 기후 변수값이 동일해짐에 유의
2023,충청남도,태안군,129,서산,최근접대체,13.39,-5.79,True,24.87,1529.7,2.05,1967.7,2777.1,-0.02,-2.0,1.19,12.0,365,,이번 산출물에서 제외(사용자 요청) - 추후 국토지리정보원 자료로 보강 필요,ASOS 일자료 조회서비스 응답 항목에 토양수분 필드 자체가 없어 변수 제외,태안군 자체 ASOS 관측소 없음. 서산시와 바로 접경(태안반도 기준점)이라 서산 관측소로 대체 - 태안군은 서산시와 기후 변수값이 동일해짐에 유의
2024,충청남도,태안군,129,서산,최근접대체,14.12,-2.46,True,25.68,1806.1,1.98,2142.6,2977.1,1.03,0.38,2.04,12.0,366,,이번 산출물에서 제외(사용자 요청) - 추후 국토지리정보원 자료로 보강 필요,ASOS 일자료 조회서비스 응답 항목에 토양수분 필드 자체가 없어 변수 제외,태안군 자체 ASOS 관측소 없음. 서산시와 바로 접경(태안반도 기준점)이라 서산 관측소로 대체 - 태안군은 서산시와 기후 변수값이 동일해짐에 유의
2025,충청남도,태안군,129,서산,최근접대체,13.29,-4.72,True,25.58,1697.6,2.06,1987.9,2767.9,0.36,-0.52,1.34,12.0,365,,이번 산출물에서 제외(사용자 요청) - 추후 국토지리정보원 자료로 보강 필요,ASOS 일자료 조회서비스 응답 항목에 토양수분 필드 자체가 없어 변수 제외,태안군 자체 ASOS 관측소 없음. 서산시와 바로 접경(태안반도 기준점)이라 서산 관측소로 대체 - 태안군은 서산시와 기후 변수값이 동일해짐에 유의
2016,충청북도,보은군,226,보은,동일지역,12.33,-5.91,True,24.39,1291.6,1.36,1834.6,2632.4,0.21,-1.28,1.35,11.0,366,,이번 산출물에서 제외(사용자 요청) - 추후 국토지리정보원 자료로 보강 필요,ASOS 일자료 조회서비스 응답 항목에 토양수분 필드 자체가 없어 변수 제외,
2017,충청북도,보은군,226,보은,동일지역,11.59,-6.77,True,23.92,1322.8,1.38,1703.2,2460.8,-0.43,-1.82,0.9,12.0,365,,이번 산출물에서 제외(사용자 요청) - 추후 국토지리정보원 자료로 보강 필요,ASOS 일자료 조회서비스 응답 항목에 토양수분 필드 자체가 없어 변수 제외,
2018,충청북도,보은군,226,보은,동일지역,11.73,-8.87,True,25.07,1409.5,1.28,1761.4,2522.4,0.47,-0.73,1.74,12.0,365,,이번 산출물에서 제외(사용자 요청) - 추후 국토지리정보원 자료로 보강 필요,ASOS 일자료 조회서비스 응답 항목에 토양수분 필드 자체가 없어 변수 제외,
2019,충청북도,보은군,226,보은,동일지역,12.21,-7.21,True,23.71,1046.2,1.26,1738.2,2495.2,-0.33,-1.33,1.14,12.0,365,,이번 산출물에서 제외(사용자 요청) - 추후 국토지리정보원 자료로 보강 필요,ASOS 일자료 조회서비스 응답 항목에 토양수분 필드 자체가 없어 변수 제외,
2020,충청북도,보은군,226,보은,동일지역,11.75,-4.09,True,23.4,1768.8,1.11,1559.9,2269.8,0.58,-1.9,1.87,12.0,366,,이번 산출물에서 제외(사용자 요청) - 추후 국토지리정보원 자료로 보강 필요,ASOS 일자료 조회서비스 응답 항목에 토양수분 필드 자체가 없어 변수 제외,
2021,충청북도,보은군,226,보은,동일지역,12.13,-7.2,True,23.54,1097.7,1.15,1684.4,2441.8,-0.27,-0.93,1.18,12.0,365,,이번 산출물에서 제외(사용자 요청) - 추후 국토지리정보원 자료로 보강 필요,ASOS 일자료 조회서비스 응답 항목에 토양수분 필드 자체가 없어 변수 제외,
2022,충청북도,보은군,226,보은,동일지역,11.69,-7.6,True,23.93,1043.5,1.13,1679.3,2442.6,-0.64,-1.7,0.56,12.0,365,,이번 산출물에서 제외(사용자 요청) - 추후 국토지리정보원 자료로 보강 필요,ASOS 일자료 조회서비스 응답 항목에 토양수분 필드 자체가 없어 변수 제외,
2023,충청북도,보은군,226,보은,동일지역,12.64,-7.7,True,24.27,1870.4,1.17,1797.3,2602.9,0.3,-1.86,1.91,12.0,365,,이번 산출물에서 제외(사용자 요청) - 추후 국토지리정보원 자료로 보강 필요,ASOS 일자료 조회서비스 응답 항목에 토양수분 필드 자체가 없어 변수 제외,
2024,충청북도,보은군,226,보은,동일지역,13.45,-3.25,True,24.92,1252.8,1.19,1992.2,2822.2,0.27,-1.74,1.73,12.0,366,,이번 산출물에서 제외(사용자 요청) - 추후 국토지리정보원 자료로 보강 필요,ASOS 일자료 조회서비스 응답 항목에 토양수분 필드 자체가 없어 변수 제외,
2025,충청북도,보은군,226,보은,동일지역,12.65,-6.68,True,24.88,1223.8,1.18,1907.5,2673.3,-0.16,-1.17,1.72,12.0,365,,이번 산출물에서 제외(사용자 요청) - 추후 국토지리정보원 자료로 보강 필요,ASOS 일자료 조회서비스 응답 항목에 토양수분 필드 자체가 없어 변수 제외,
2016,충청북도,청주시,131,청주,동일지역,13.89,-3.3,True,25.85,938.0,1.54,2168.2,3001.0,-0.36,-1.95,1.12,11.0,366,,이번 산출물에서 제외(사용자 요청) - 추후 국토지리정보원 자료로 보강 필요,ASOS 일자료 조회서비스 응답 항목에 토양수분 필드 자체가 없어 변수 제외,
2017,충청북도,청주시,131,청주,동일지역,13.49,-3.52,True,25.57,1301.2,1.59,2125.8,2922.4,-0.49,-2.24,1.23,12.0,365,,이번 산출물에서 제외(사용자 요청) - 추후 국토지리정보원 자료로 보강 필요,ASOS 일자료 조회서비스 응답 항목에 토양수분 필드 자체가 없어 변수 제외,
2018,충청북도,청주시,131,청주,동일지역,13.6,-5.51,True,26.98,1381.6,1.67,2151.4,2976.4,0.46,-1.01,1.88,12.0,365,,이번 산출물에서 제외(사용자 요청) - 추후 국토지리정보원 자료로 보강 필요,ASOS 일자료 조회서비스 응답 항목에 토양수분 필드 자체가 없어 변수 제외,
2019,충청북도,청주시,131,청주,동일지역,14.25,-3.59,True,25.66,856.7,1.32,2140.8,2960.3,-0.71,-1.6,0.95,12.0,365,,이번 산출물에서 제외(사용자 요청) - 추후 국토지리정보원 자료로 보강 필요,ASOS 일자료 조회서비스 응답 항목에 토양수분 필드 자체가 없어 변수 제외,
2020,충청북도,청주시,131,청주,동일지역,13.98,-0.99,True,25.52,1358.6,1.45,1985.2,2812.1,0.19,-1.8,1.8,12.0,366,,이번 산출물에서 제외(사용자 요청) - 추후 국토지리정보원 자료로 보강 필요,ASOS 일자료 조회서비스 응답 항목에 토양수분 필드 자체가 없어 변수 제외,
2021,충청북도,청주시,131,청주,동일지역,14.4,-3.74,True,26.07,1001.6,1.43,2138.6,3006.6,-0.36,-1.14,0.94,12.0,365,,이번 산출물에서 제외(사용자 요청) - 추후 국토지리정보원 자료로 보강 필요,ASOS 일자료 조회서비스 응답 항목에 토양수분 필드 자체가 없어 변수 제외,
2022,충청북도,청주시,131,청주,동일지역,13.98,-4.06,True,26.11,1236.4,1.39,2190.3,3051.4,-0.3,-1.85,1.52,12.0,365,,이번 산출물에서 제외(사용자 요청) - 추후 국토지리정보원 자료로 보강 필요,ASOS 일자료 조회서비스 응답 항목에 토양수분 필드 자체가 없어 변수 제외,
2023,충청북도,청주시,131,청주,동일지역,14.9,-4.21,True,26.55,1805.6,1.3,2330.6,3204.7,0.43,-1.96,1.73,12.0,365,,이번 산출물에서 제외(사용자 요청) - 추후 국토지리정보원 자료로 보강 필요,ASOS 일자료 조회서비스 응답 항목에 토양수분 필드 자체가 없어 변수 제외,
2024,충청북도,청주시,131,청주,동일지역,15.59,-1.14,True,27.46,1534.9,1.41,2545.4,3412.8,0.87,0.12,1.79,12.0,366,,이번 산출물에서 제외(사용자 요청) - 추후 국토지리정보원 자료로 보강 필요,ASOS 일자료 조회서비스 응답 항목에 토양수분 필드 자체가 없어 변수 제외,
2025,충청북도,청주시,131,청주,동일지역,14.9,-3.33,True,27.54,1378.6,1.4,2407.4,3251.5,0.24,-0.8,1.43,12.0,365,,이번 산출물에서 제외(사용자 요청) - 추후 국토지리정보원 자료로 보강 필요,ASOS 일자료 조회서비스 응답 항목에 토양수분 필드 자체가 없어 변수 제외,
